;Intel Airmont (Atom)
;Instruction timings and µop breakdown, generated from uops.info instructions.xml (2026-03-29).
;Columns: Instruction<TAB>operands<TAB>µOps-fused<TAB>µOps-unfused<TAB>ports<TAB>latency<TAB>throughput<TAB>remark
PREFETCHW	M512	1	1			1.00	PREFETCH_NOP
AESDEC	XMM, M128	5	5		9	9.00	AES
AESDECLAST	XMM, M128	5	5		9	9.00	AES
AESENC	XMM, M128	5	5		9	9.00	AES
AESENCLAST	XMM, M128	5	5		9	9.00	AES
AESIMC	XMM, M128	4	4			8.00	AES
AESKEYGENASSIST	XMM, M128, I8	4	4			8.00	AES
ADC	AL, 0	1	1		2	2.00	I86
ADC	AX, I16	1	1		2	2.00	I86
ADC	M16, 0	1	1		6	2.00	I86
ADC	M16, I8	1	1		6	2.00	I86
ADC	M32, 0	1	1		6	2.00	I86
ADC	M32, I8	1	1		6	2.00	I86
ADC	M64, 0	1	1		6	2.00	I86
ADC	M64, I8	1	1		6	2.00	I86
ADC	M8, 0	1	1		6	2.00	I86
ADC	M8, R8h	1	1		6	2.00	I86
ADC	R16, 0	1	1		2	2.00	I86
ADC	R16, I8	1	1		2	2.00	I86
ADC	R32, 0	1	1		2	2.00	I86
ADC	R32, I8	1	1		2	2.00	I86
ADC	R64, 0	1	1		2	2.00	I86
ADC	R64, I8	1	1		2	2.00	I86
ADC	R8h, 0	1	1		2	2.00	I86
ADC	R8h, M8	1	1		2	2.00	I86
ADC	RAX, I32	1	1		2	2.00	I86
ADC	R8h, R8l	1	1		2	2.00	I86
ADC	R8l, R8l	1	1		2	2.00	I86
ADC	R32, R32	1	1		2	2.00	I86
ADC	R8h, R8h	1	1		3	2.00	I86
ADC	R8l, R8h	1	1		3	2.00	I86
ADC	R16, R16	1	1		2	2.00	I86
ADC	R64, R64	1	1		2	2.00	I86
ADC	M16, I16	1	1		11	9.00	lock I86
ADC	M16, R16	1	1		19	9.00	lock I86
ADC	M32, I32	1	1		11	9.00	lock I86
ADC	M32, R32	1	1		16	9.00	lock I86
ADC	M64, I32	1	1		11	9.00	lock I86
ADC	M64, R64	1	1		16	9.00	lock I86
ADC	M8, I8	1	1		11	9.00	lock I86
ADC	M8, R8l	1	1		19	9.00	lock I86
ADC	R8l, I8	1	1		2	2.00	I86
ADD	AL, I8	1	1		1	1.00	I86
ADD	EAX, I32	1	1		1	1.00	I86
ADD	M16, I16	1	1			1.00	I86
ADD	M16, R16	1	1		3	1.00	I86
ADD	M32, I32	1	1			1.00	I86
ADD	M32, R32	1	1		4	1.00	I86
ADD	M64, I32	1	1			1.00	I86
ADD	M64, R64	1	1		4	1.00	I86
ADD	M8, I8	1	1			1.00	I86
ADD	M8, R8l	1	1		3	1.00	I86
ADD	R16, I16	1	1		1	0.50	I86
ADD	R16, M16	1	1		1	1.00	I86
ADD	R32, I32	1	1		1	0.50	I86
ADD	R32, M32	1	1		1	1.00	I86
ADD	R64, I32	1	1		1	0.50	I86
ADD	R64, M64	1	1		1	1.00	I86
ADD	R8h, I8	1	1		2	1.00	I86
ADD	R8l, M8	1	1		1	1.00	I86
ADD	R8h, R8h	1	1		2	0.50	I86
ADD	R8l, R8h	1	1		2	1.00	I86
ADD	R16, R16	1	1		1	0.50	I86
ADD	R64, R64	1	1		1	0.50	I86
ADD	R8h, R8l	1	1		2	1.00	I86
ADD	R8l, R8l	1	1		1	0.50	I86
ADD	R32, R32	1	1		1	0.50	I86
ADD	M16, 0	1	1			10.48	lock I86
ADD	M16, I8	1	1			10.50	lock I86
ADD	M32, 0	1	1			10.50	lock I86
ADD	M32, I8	1	1			10.50	lock I86
ADD	M64, 0	1	1			9.75	lock I86
ADD	M64, I8	1	1			9.75	lock I86
ADD	M8, 0	1	1			10.50	lock I86
ADD	M8, R8h	1	1		12	10.50	lock I86
ADD	R8l, 0	1	1		1	0.50	I86
AND	AL, 0	1	1		1	1.00	I86
AND	AX, I16	1	1		1	1.00	I86
AND	M16, 0	1	1			1.00	I86
AND	M16, I8	1	1			1.00	I86
AND	M32, 0	1	1			1.00	I86
AND	M32, I8	1	1			1.00	I86
AND	M64, 0	1	1			1.00	I86
AND	M64, I8	1	1			1.00	I86
AND	M8, 0	1	1			1.00	I86
AND	M8, R8h	1	1		6	1.00	I86
AND	R16, 0	1	1		1	0.50	I86
AND	R16, I8	1	1		1	0.50	I86
AND	R32, 0	1	1		1	0.50	I86
AND	R32, I8	1	1		1	0.50	I86
AND	R64, 0	1	1		1	0.50	I86
AND	R64, I8	1	1		1	0.50	I86
AND	R8h, 0	1	1		2	1.00	I86
AND	R8h, M8	1	1		2	1.00	I86
AND	RAX, I32	1	1		1	1.00	I86
AND	R8h, R8l	1	1		2	1.00	I86
AND	R8l, R8l	1	1		1	0.50	I86
AND	R32, R32	1	1		1	0.50	I86
AND	R8h, R8h	1	1		2	0.50	I86
AND	R8l, R8h	1	1		2	1.00	I86
AND	R16, R16	1	1		1	0.50	I86
AND	R64, R64	1	1		1	0.50	I86
AND	M16, I16	1	1			10.50	lock I86
AND	M16, R16	1	1		18	10.50	lock I86
AND	M32, I32	1	1			10.50	lock I86
AND	M32, R32	1	1		12	10.50	lock I86
AND	M64, I32	1	1			9.75	lock I86
AND	M64, R64	1	1		12	9.75	lock I86
AND	M8, I8	1	1			10.50	lock I86
AND	M8, R8l	1	1		18	10.48	lock I86
AND	R8l, I8	1	1		1	0.50	I86
BSF	R16, R16	10	10		10	10.00	I386
BSF	R32, R32	10	10		10	10.00	I386
BSF	R64, R64	10	10		10	10.00	I386
BSR	R16, R16	10	10		11	10.00	I386
BSR	R32, R32	10	10		11	10.00	I386
BSR	R64, R64	10	10		11	10.00	I386
BSWAP	R64	1	1		1	1.00	I486REAL
BT	M16, I8	1	1			1.00	I386
BT	M32, 0	1	1			1.00	I386
BT	M32, R32	7	7		9	9.00	I386
BT	M64, I8	1	1			1.00	I386
BT	R16, 0	1	1		2	1.00	I386
BT	R16, R16	1	1		2	1.00	I386
BT	R32, I8	1	1		2	1.00	I386
BT	R64, 0	1	1		2	1.00	I386
BT	R64, R64	1	1		2	1.00	I386
BTC	M16, I8	1	1			1.00	I386
BTC	M32, 0	1	1			1.00	I386
BTC	M32, R32	8	8		13	10.00	I386
BTC	M64, I8	1	1			1.00	I386
BTC	R16, 0	1	1		2	1.00	I386
BTC	R16, R16	1	1		2	1.00	I386
BTC	R32, I8	1	1		2	1.00	I386
BTC	R64, 0	1	1		2	1.00	I386
BTC	R64, R64	1	1		2	1.00	I386
BTC	M16, I8	1	1			11.50	lock I386
BTC	M32, 0	1	1			11.50	lock I386
BTC	M32, R32	8	8		19	12.40	lock I386
BTC	M64, I8	1	1			10.75	lock I386
BTR	M16, 0	1	1			1.00	I386
BTR	M16, R16	8	8		14	10.00	I386
BTR	M32, I8	1	1			1.00	I386
BTR	M64, 0	1	1			1.00	I386
BTR	M64, R64	8	8		13	10.00	I386
BTR	R16, I8	1	1		2	1.00	I386
BTR	R32, 0	1	1		2	1.00	I386
BTR	R32, R32	1	1		2	1.00	I386
BTR	R64, I8	1	1		2	1.00	I386
BTR	M16, 0	1	1			11.50	lock I386
BTR	M16, R16	8	8		20	13.00	lock I386
BTR	M32, I8	1	1			11.50	lock I386
BTR	M64, 0	1	1			10.75	lock I386
BTR	M64, R64	8	8		19	12.40	lock I386
BTS	M16, I8	1	1			1.00	I386
BTS	M32, 0	1	1			1.00	I386
BTS	M32, R32	8	8		13	10.00	I386
BTS	M64, I8	1	1			1.00	I386
BTS	R16, 0	1	1		2	1.00	I386
BTS	R16, R16	1	1		2	1.00	I386
BTS	R32, I8	1	1		2	1.00	I386
BTS	R64, 0	1	1		2	1.00	I386
BTS	R64, R64	1	1		2	1.00	I386
BTS	M16, I8	1	1			11.50	lock I386
BTS	M32, 0	1	1			11.47	lock I386
BTS	M32, R32	8	8		19	12.40	lock I386
BTS	M64, I8	1	1			10.75	lock I386
CALL	R64	1	1			1.77	I86
CBW		2	2		3	4.00	I86
CLC		1	1			1.00	I86
CLI		7	7			9.00	I86
CMC		1	1		1	1.00	I86
CMOVB	R16, R16	1	1		2	1.00	CMOV
CMOVB	R32, R32	1	1		2	1.00	CMOV
CMOVB	R64, R64	1	1		2	1.00	CMOV
CMOVBE	R16, R16	1	1		2	1.00	CMOV
CMOVBE	R32, R32	1	1		2	1.00	CMOV
CMOVBE	R64, R64	1	1		2	1.00	CMOV
CMOVL	R16, R16	1	1		2	1.00	CMOV
CMOVL	R32, R32	1	1		2	1.00	CMOV
CMOVL	R64, R64	1	1		2	1.00	CMOV
CMOVLE	R16, R16	1	1		2	1.00	CMOV
CMOVLE	R32, R32	1	1		2	1.00	CMOV
CMOVLE	R64, R64	1	1		2	1.00	CMOV
CMOVNB	R16, R16	1	1		2	1.00	CMOV
CMOVNB	R32, R32	1	1		2	1.00	CMOV
CMOVNB	R64, R64	1	1		2	1.00	CMOV
CMOVNBE	R16, R16	1	1		2	1.00	CMOV
CMOVNBE	R32, R32	1	1		2	1.00	CMOV
CMOVNBE	R64, R64	1	1		2	1.00	CMOV
CMOVNL	R16, R16	1	1		2	1.00	CMOV
CMOVNL	R32, R32	1	1		2	1.00	CMOV
CMOVNL	R64, R64	1	1		2	1.00	CMOV
CMOVNLE	R16, R16	1	1		2	1.00	CMOV
CMOVNLE	R32, R32	1	1		2	1.00	CMOV
CMOVNLE	R64, R64	1	1		2	1.00	CMOV
CMOVNO	R16, R16	1	1		2	1.00	CMOV
CMOVNO	R32, R32	1	1		2	1.00	CMOV
CMOVNO	R64, R64	1	1		2	1.00	CMOV
CMOVNP	R16, R16	1	1		2	1.00	CMOV
CMOVNP	R32, R32	1	1		2	1.00	CMOV
CMOVNP	R64, R64	1	1		2	1.00	CMOV
CMOVNS	R16, R16	1	1		2	1.00	CMOV
CMOVNS	R32, R32	1	1		2	1.00	CMOV
CMOVNS	R64, R64	1	1		2	1.00	CMOV
CMOVNZ	R16, R16	1	1		2	1.00	CMOV
CMOVNZ	R32, R32	1	1		2	1.00	CMOV
CMOVNZ	R64, R64	1	1		2	1.00	CMOV
CMOVO	R16, R16	1	1		2	1.00	CMOV
CMOVO	R32, R32	1	1		2	1.00	CMOV
CMOVO	R64, R64	1	1		2	1.00	CMOV
CMOVP	R16, R16	1	1		2	1.00	CMOV
CMOVP	R32, R32	1	1		2	1.00	CMOV
CMOVP	R64, R64	1	1		2	1.00	CMOV
CMOVS	R16, R16	1	1		2	1.00	CMOV
CMOVS	R32, R32	1	1		2	1.00	CMOV
CMOVS	R64, R64	1	1		2	1.00	CMOV
CMOVZ	R16, R16	1	1		2	1.00	CMOV
CMOVZ	R32, R32	1	1		2	1.00	CMOV
CMOVZ	R64, R64	1	1		2	1.00	CMOV
CMP	AL, I8	1	1		1	0.50	I86
CMP	EAX, I32	1	1		1	0.50	I86
CMP	M16, I16	1	1			1.00	I86
CMP	M16, R16	1	1		1	1.00	I86
CMP	M32, I32	1	1			1.00	I86
CMP	M32, R32	1	1		1	1.00	I86
CMP	M64, I32	1	1			1.00	I86
CMP	M64, R64	1	1		1	1.00	I86
CMP	M8, I8	1	1			1.00	I86
CMP	M8, R8l	1	1		1	1.00	I86
CMP	R16, I16	1	1		1	0.50	I86
CMP	R16, M16	1	1		1	1.00	I86
CMP	R32, I32	1	1		1	0.50	I86
CMP	R32, M32	1	1		1	1.00	I86
CMP	R64, I32	1	1		1	0.50	I86
CMP	R64, M64	1	1		1	1.00	I86
CMP	R8h, I8	1	1		2	1.00	I86
CMP	R8l, M8	1	1		1	1.00	I86
CMPSB		6	6		6	6.00	I86
REPNE_CMPSB		5	5			21.00	I86
REPE_CMPSD		5	5			21.00	I386
CMPSW		6	6		6	6.00	I86
REPNE_CMPSW		5	5			21.00	I86
CMPXCHG	M32, R32	8	8		8	10.00	I486REAL
CMPXCHG	M8, R8h	8	8		11	10.00	I486REAL
CMPXCHG	R16, R16	5	5		6	6.00	I486REAL
CMPXCHG	R64, R64	5	5		6	6.00	I486REAL
CMPXCHG	R8h, R8l	11	11		9	11.00	I486REAL
CMPXCHG	R8l, R8l	11	11		8	11.00	I486REAL
CMPXCHG8B	M64	11	11		16	13.50	lock PENTIUMREAL
CMPXCHG	M32, R32	6	6		12	11.71	lock I486REAL
CMPXCHG	M8, R8h	6	6		15	12.00	lock I486REAL
CMP	R8h, R8h	1	1		2	0.50	I86
CMP	R8l, R8h	1	1		2	1.00	I86
CMP	R16, R16	1	1		1	0.50	I86
CMP	R64, R64	1	1		1	0.50	I86
CMP	R8h, R8l	1	1		2	1.00	I86
CMP	R8l, R8l	1	1		1	0.50	I86
CMP	R32, R32	1	1		1	0.50	I86
CMP	R8l, 0	1	1		1	0.50	I86
CPUID		32	32			53.00	I486REAL
CWDE		1	1		1	1.00	I386
DEC	M32	1	1			1.00	I86
DEC	M8	1	1			1.00	I86
DEC	R32	1	1		2	1.00	I86
DEC	R8h	1	1		3	1.00	I86
DEC	M16	1	1			11.47	lock I86
DEC	M64	1	1			10.75	lock I86
DIV	M16	12	12			19.00	I86
DIV	M64	23	23			24.00	I86
DIV	R16	12	12			19.00	I86
DIV	R64	23	23			25.00	I86
DIV	R8l	9	9		24	19.00	I86
ENTER	I16, I8	31	31			70.25	I186
IDIV	M16	29	29			29.00	I86
IDIV	M64	44	44			47.00	I86
IDIV	R16	29	29			30.00	I86
IDIV	R64	44	44			48.00	I86
IDIV	R8l	26	26		34	24.33	I86
IMUL	M32	4	4		4	6.00	I86
IMUL	M8	3	3		4	5.00	I86
IMUL	R16, M16	3	3		4	5.00	I86
IMUL	R16, M16, I16	3	3		3	5.00	I186
IMUL	R16, R16	2	2		4	4.00	I86
IMUL	R16, R16, I16	2	2		4	4.00	I186
IMUL	R32	3	3		4	5.00	I86
IMUL	R32, M32, 0	1	1			1.00	I186
IMUL	R32, M32, I8	1	1			1.00	I186
IMUL	R32, R32, 0	1	1		3	1.00	I186
IMUL	R32, R32, I8	1	1		3	1.00	I186
IMUL	R64, M64	1	1		5	2.00	I86
IMUL	R64, M64, I32	1	1			2.00	I186
IMUL	R64, R64	1	1		5	2.00	I86
IMUL	R64, R64, I32	1	1		5	2.00	I186
IMUL	R8h	3	3		5	5.00	I86
IN	AL, 0	46	46			6552.00	I86
IN	AL, I8	46	46			2838.50	I86
IN	AX, DX	46	46			2869.98	I86
IN	EAX, 0	46	46			11167.30	I86
IN	EAX, I8	46	46			2838.50	I86
INC	M32	1	1			1.00	I86
INC	M8	1	1			1.00	I86
INC	R32	1	1		2	1.00	I86
INC	R8h	1	1		3	1.00	I86
INC	M16	1	1			11.48	lock I86
INC	M64	1	1			10.75	lock I86
INSB		48	48			3008.85	I186
REP_INSB		40	40			79.00	I186
REP_INSD		40	40			79.00	I386
INSW		48	48			2892.38	I186
REP_INSW		40	40			79.00	I186
JB	Rel32	1	1			3.00	I86
JBE	Rel32	1	1			3.00	I86
JL	Rel32	1	1			3.00	I86
JLE	Rel32	1	1			3.00	I86
JMP	M64	1	1			0.28	I86
JMP	Rel32	1	1			9.73	I86
JNB	Rel8	1	1			3.00	I86
JNBE	Rel8	1	1			3.00	I86
JNL	Rel8	1	1			3.00	I86
JNLE	Rel8	1	1			3.00	I86
JNO	Rel8	1	1			3.00	I86
JNP	Rel8	1	1			3.00	I86
JNS	Rel8	1	1			3.00	I86
JNZ	Rel8	1	1			3.00	I86
JO	Rel8	1	1			3.00	I86
JP	Rel8	1	1			3.00	I86
JS	Rel32	1	1			3.00	I86
JZ	Rel32	1	1			3.00	I86
LAHF		1	1		2	1.00	LAHF
LAR	R16, R16	21	21		52	58.25	I286PROTECTED
LAR	R32, R32	21	21		51	58.00	I286PROTECTED
LAR	R64, R64	21	21		51	58.00	I286PROTECTED
LEAVE		4	4		4	8.00	I186
LEA	R32	1	1			0.50	I86
LEA	R16	2	2		3	4.00	I86
LEA	R64	1	1			0.50	I86
LEA	R64	1	1			1.00	I86
LEA	R32	1	1			1.00	I86
LEA	R16	2	2		2	4.00	I86
LLDT	M16	14	14			54.04	I286PROTECTED
LMSW	M16	21	21			54.00	I286REAL
LODSB		3	3			5.00	I86
REP_LODSB		3	3			20.00	I86
REP_LODSD		3	3			20.00	I386
LODSW		3	3			5.00	I86
REP_LODSW		3	3			20.00	I86
LOOPE	Rel8	8	8		16	22.13	I86
LSL	R16, M16	20	20		114	37.00	I286PROTECTED
LSL	R32, M16	20	20		58	37.00	I286PROTECTED
LSL	R64, M16	20	20		58	37.00	I286PROTECTED
MOV	AX, Moffs16	1	1		7	1.00	I86
MOV	M16, I16	1	1			1.00	I86
MOV	M16, SEG	3	3			5.00	I86
MOV	M32, R32	1	1		7	1.00	I86
MOV	M64, R64	1	1		7	1.00	I86
MOV	M8, I8	1	1			1.00	I86
MOV	M8, R8l	1	1		4	1.00	I86
MOV	Moffs32, EAX	1	1		7	1.00	I86
MOV	Moffs8, AL	1	1		4	1.00	I86
MOV	R16, M16	1	1		1	1.00	I86
MOV	R32, I32	1	1			0.50	I86
MOV	R32, SEG	1	1			1.00	I86
MOV	R64, I64	1	1			0.98	I86
MOV	R64, SEG	1	1			1.00	I86
MOV	R8h, I8	1	1		1	1.00	I86
MOV	R8l, 0	1	1		1	0.50	I86
MOV	R8l, M8	1	1		1	1.00	I86
MOVSB		5	5			6.00	I86
REP_MOVSB		5	5			21.00	I86
REP_MOVSD		5	5			21.00	I386
MOVSW		5	5			6.00	I86
REP_MOVSW		5	5			21.00	I86
MOVSX	R16, R8h	2	2		3	4.00	I386
MOVSX	R32, M16	1	1			1.00	I386
MOVSX	R32, R16	1	1		1	1.00	I386
MOVSX	R32, R8l	1	1		1	1.00	I386
MOVSX	R64, M8	1	1			1.00	I386
MOVSX	R64, R8l	1	1		1	1.00	I386
MOVZX	R16, R8h	2	2		3	4.00	I386
MOVZX	R32, M16	1	1			1.00	I386
MOVZX	R32, R16	1	1		1	1.00	I386
MOVZX	R32, R8l	1	1		1	1.00	I386
MOVZX	R64, M8	1	1			1.00	I386
MOVZX	R64, R8l	1	1		1	1.00	I386
MOV	R8h, R8l	1	1		1	1.00	I86
MOV	R8l, R8l	1	1		1	0.50	I86
MOV	R32, R32	1	1		1	0.50	I86
MOV	R8h, R8h	1	1		1	0.50	I86
MOV	R8l, R8h	1	1		1	1.00	I86
MOV	R16, R16	1	1		1	0.50	I86
MOV	R64, R64	1	1		1	0.50	I86
MOV_CR	R64, CR	5	5			10.00	I86
MOV_DR	R64, DR	30	30		78	34.00	I86
MUL	M32	4	4		4	6.00	I86
MUL	M8	3	3		4	5.00	I86
MUL	R32	3	3		4	5.00	I86
MUL	R8h	3	3		5	5.00	I86
NEG	M16	1	1			1.00	I86
NEG	M64	1	1			1.00	I86
NEG	R16	1	1		1	0.50	I86
NEG	R64	1	1		1	0.50	I86
NEG	R8l	1	1		1	0.50	I86
NEG	M32	1	1			10.50	lock I86
NEG	M8	1	1			10.50	lock I86
NOP	M16	1	1			0.50	FAT_NOP
NOP	M64	1	1			0.50	FAT_NOP
NOP	R32	1	1			0.50	FAT_NOP
NOT	M16	1	1			1.00	I86
NOT	M64	1	1			1.00	I86
NOT	R16	1	1		1	0.50	I86
NOT	R64	1	1		1	0.50	I86
NOT	R8l	1	1		1	0.50	I86
NOT	M32	1	1			10.50	lock I86
NOT	M8	1	1			10.50	lock I86
OR	AL, I8	1	1		1	1.00	I86
OR	EAX, I32	1	1		1	1.00	I86
OR	M16, I16	1	1			1.00	I86
OR	M16, R16	1	1		3	1.00	I86
OR	M32, I32	1	1			1.00	I86
OR	M32, R32	1	1		4	1.00	I86
OR	M64, I32	1	1			1.00	I86
OR	M64, R64	1	1		4	1.00	I86
OR	M8, I8	1	1			1.00	I86
OR	M8, R8l	1	1		3	1.00	I86
OR	R16, I16	1	1		1	0.50	I86
OR	R16, M16	1	1		1	1.00	I86
OR	R32, I32	1	1		1	0.50	I86
OR	R32, M32	1	1		1	1.00	I86
OR	R64, I32	1	1		1	0.50	I86
OR	R64, M64	1	1		1	1.00	I86
OR	R8h, I8	1	1		2	1.00	I86
OR	R8l, M8	1	1		1	1.00	I86
OR	R8h, R8h	1	1		2	0.50	I86
OR	R8l, R8h	1	1		2	1.00	I86
OR	R16, R16	1	1		1	0.50	I86
OR	R64, R64	1	1		1	0.50	I86
OR	R8h, R8l	1	1		2	1.00	I86
OR	R8l, R8l	1	1		1	0.50	I86
OR	R32, R32	1	1		1	0.50	I86
OR	M16, 0	1	1			10.50	lock I86
OR	M16, I8	1	1			10.50	lock I86
OR	M32, 0	1	1			10.50	lock I86
OR	M32, I8	1	1			10.50	lock I86
OR	M64, 0	1	1			9.75	lock I86
OR	M64, I8	1	1			9.75	lock I86
OR	M8, 0	1	1			10.50	lock I86
OR	M8, R8h	1	1		12	10.50	lock I86
OR	R8l, 0	1	1		1	0.50	I86
OUT	0, AL	53	53			6580.80	I86
OUT	0, EAX	53	53			11541.72	I86
OUT	DX, AX	53	53			8424.10	I86
OUT	I8, AL	53	53			6552.05	I86
OUT	I8, EAX	53	53			12180.95	I86
REP_OUTSB		47	47			104.20	I186
OUTSD		56	56			12104.20	I386
REP_OUTSD		47	47			104.20	I386
REP_OUTSW		47	47			104.20	I186
POP	M16	6	6			6.00	I86
POP	R16	3	3		3	5.00	I86
POPF		30	30			60.00	I86
PUSH	FS	4	4			5.00	I86
PUSH	I32	1	1			1.00	I186
PUSH	M16	3	3			5.00	I86
PUSH	R16	1	1		4	1.00	I86
PUSHF		18	18		31	29.00	I86
PUSH	I16	1	1			1.00	I186
RCL	M16, 0	16	16			14.00	I186
RCL	M16, CL	16	16		14	14.00	I86
RCL	M32, 0	16	16			14.00	I186
RCL	M32, CL	16	16		14	14.00	I86
RCL	M64, 0	16	16			14.00	I186
RCL	M64, CL	16	16		14	14.00	I86
RCL	M8, 0	16	16			14.00	I186
RCL	M8, CL	16	16		14	14.00	I86
RCL	R16, 0	13	13		8	12.00	I186
RCL	R16, CL	13	13		12	12.00	I86
RCL	R32, 0	13	13		8	12.00	I186
RCL	R32, CL	13	13		12	12.00	I86
RCL	R64, 0	13	13		8	12.00	I186
RCL	R64, CL	13	13		12	12.00	I86
RCL	R8h, 0	13	13		9	12.00	I186
RCL	R8h, CL	13	13		12	12.00	I86
RCL	R8l, CL	13	13		12	12.00	I86
RCL	R8l, 1	1	1		2	2.00	I86
RCL	R8l, 0	13	13		8	12.00	I186
RCL	R8l, I8	13	13		10	12.00	I186
RCR	M16, 1	10	10		11	10.00	I86
RCR	M16, I8	14	14		12	12.00	I186
RCR	M32, 1	10	10		12	10.00	I86
RCR	M32, I8	14	14		12	12.00	I186
RCR	M64, 1	10	10		12	10.00	I86
RCR	M64, I8	14	14		12	12.00	I186
RCR	M8, 1	10	10		12	10.00	I86
RCR	M8, I8	14	14		12	12.00	I186
RCR	R16, 1	7	7		7	9.00	I86
RCR	R16, I8	11	11		7	12.00	I186
RCR	R32, 1	7	7		7	9.00	I86
RCR	R32, I8	11	11		7	12.00	I186
RCR	R64, 1	7	7		7	9.00	I86
RCR	R64, I8	11	11		7	12.00	I186
RCR	R8h, 1	7	7		8	9.00	I86
RCR	R8h, I8	11	11		9	12.00	I186
RCR	R8l, 0	11	11		7	12.00	I186
RCR	R8l, I8	11	11		7	12.00	I186
RCR	R8l, 1	7	7		8	9.00	I86
RDMSR		57	57			69.00	PENTIUMREAL
RDTSC		11	11			34.00	PENTIUMREAL
RET	I16	1	1			15.65	I86
ROL	M16, 1	1	1			1.00	I86
ROL	M16, I8	1	1			1.00	I186
ROL	M32, 1	1	1			1.00	I86
ROL	M32, I8	1	1			1.00	I186
ROL	M64, 1	1	1			1.00	I86
ROL	M64, I8	1	1			1.00	I186
ROL	M8, 1	1	1			1.00	I86
ROL	M8, I8	1	1			1.00	I186
ROL	R16, 1	1	1		2	1.00	I86
ROL	R16, I8	1	1		2	1.00	I186
ROL	R32, 1	1	1		2	1.00	I86
ROL	R32, I8	1	1		2	1.00	I186
ROL	R64, 1	1	1		2	1.00	I86
ROL	R64, I8	1	1		2	1.00	I186
ROL	R8h, 1	1	1		3	1.00	I86
ROL	R8h, I8	1	1		3	1.00	I186
ROL	R8l, 0	1	1		1	1.00	I186
ROL	R8l, I8	1	1		2	1.00	I186
ROL	R8l, 1	1	1		2	1.00	I86
ROR	M16, 0	1	1			1.00	I186
ROR	M16, CL	1	1		6	1.00	I86
ROR	M32, 0	1	1			1.00	I186
ROR	M32, CL	1	1		6	1.00	I86
ROR	M64, 0	1	1			1.00	I186
ROR	M64, CL	1	1		6	1.00	I86
ROR	M8, 0	1	1			1.00	I186
ROR	M8, CL	1	1		6	1.00	I86
ROR	R16, 0	1	1		1	1.00	I186
ROR	R16, CL	1	1		3	1.00	I86
ROR	R32, 0	1	1		1	1.00	I186
ROR	R32, CL	1	1		3	1.00	I86
ROR	R64, 0	1	1		1	1.00	I186
ROR	R64, CL	1	1		3	1.00	I86
ROR	R8h, 0	1	1		1	1.00	I186
ROR	R8h, CL	1	1		3	1.00	I86
ROR	R8l, CL	1	1		3	1.00	I86
ROR	R8l, 1	1	1		2	1.00	I86
ROR	R8l, 0	1	1		1	1.00	I186
ROR	R8l, I8	1	1		2	1.00	I186
SAHF		1	1		2	1.00	LAHF
SAR	M16, 1	1	1			1.00	I86
SAR	M16, I8	1	1			1.00	I186
SAR	M32, 1	1	1			1.00	I86
SAR	M32, I8	1	1			1.00	I186
SAR	M64, 1	1	1			1.00	I86
SAR	M64, I8	1	1			1.00	I186
SAR	M8, 1	1	1			1.00	I86
SAR	M8, I8	1	1			1.00	I186
SAR	R16, 1	1	1		1	1.00	I86
SAR	R16, I8	1	1		1	1.00	I186
SAR	R32, 1	1	1		1	1.00	I86
SAR	R32, I8	1	1		1	1.00	I186
SAR	R64, 1	1	1		1	1.00	I86
SAR	R64, I8	1	1		1	1.00	I186
SAR	R8h, 1	1	1		2	1.00	I86
SAR	R8h, I8	1	1		2	1.00	I186
SAR	R8l, 0	1	1		1	1.00	I186
SAR	R8l, I8	1	1		1	1.00	I186
SAR	R8l, 1	1	1		1	1.00	I86
SBB	AL, 0	1	1		2	2.00	I86
SBB	AX, I16	1	1		2	2.00	I86
SBB	M16, 0	1	1		6	2.00	I86
SBB	M16, I8	1	1		6	2.00	I86
SBB	M32, 0	1	1		6	2.00	I86
SBB	M32, I8	1	1		6	2.00	I86
SBB	M64, 0	1	1		6	2.00	I86
SBB	M64, I8	1	1		6	2.00	I86
SBB	M8, 0	1	1		6	2.00	I86
SBB	M8, R8h	1	1		6	2.00	I86
SBB	R16, 0	1	1		2	2.00	I86
SBB	R16, I8	1	1		2	2.00	I86
SBB	R32, 0	1	1		2	2.00	I86
SBB	R32, I8	1	1		2	2.00	I86
SBB	R64, 0	1	1		2	2.00	I86
SBB	R64, I8	1	1		2	2.00	I86
SBB	R8h, 0	1	1		2	2.00	I86
SBB	R8h, M8	1	1		2	2.00	I86
SBB	RAX, I32	1	1		2	2.00	I86
SBB	R8h, R8l	1	1		2	2.00	I86
SBB	R8l, R8l	1	1		2	2.00	I86
SBB	R32, R32	1	1		2	2.00	I86
SBB	R8h, R8h	1	1		3	2.00	I86
SBB	R8l, R8h	1	1		3	2.00	I86
SBB	R16, R16	1	1		2	2.00	I86
SBB	R64, R64	1	1		2	2.00	I86
SBB	M16, I16	1	1		11	9.00	lock I86
SBB	M16, R16	1	1		19	9.00	lock I86
SBB	M32, I32	1	1		11	9.00	lock I86
SBB	M32, R32	1	1		16	9.00	lock I86
SBB	M64, I32	1	1		11	9.00	lock I86
SBB	M64, R64	1	1		16	9.00	lock I86
SBB	M8, I8	1	1		11	9.00	lock I86
SBB	M8, R8l	1	1		19	9.00	lock I86
SBB	R8l, I8	1	1		2	2.00	I86
REPE_SCASB		5	5			21.00	I86
SCASD		3	3		5	5.00	I386
REPNE_SCASD		5	5			21.00	I386
REPE_SCASW		5	5			21.00	I86
SETB	M8	1	1		6	1.00	I386
SETB	R8l	1	1		2	1.00	I386
SETBE	R8h	1	1		2	1.00	I386
SETL	M8	1	1		6	1.00	I386
SETL	R8l	1	1		2	1.00	I386
SETLE	R8h	1	1		2	1.00	I386
SETNB	M8	1	1		6	1.00	I386
SETNB	R8l	1	1		2	1.00	I386
SETNBE	R8h	1	1		2	1.00	I386
SETNL	M8	1	1		6	1.00	I386
SETNL	R8l	1	1		2	1.00	I386
SETNLE	R8h	1	1		2	1.00	I386
SETNO	M8	1	1		6	1.00	I386
SETNO	R8l	1	1		2	1.00	I386
SETNP	R8h	1	1		2	1.00	I386
SETNS	M8	1	1		6	1.00	I386
SETNS	R8l	1	1		2	1.00	I386
SETNZ	R8h	1	1		2	1.00	I386
SETO	M8	1	1		6	1.00	I386
SETO	R8l	1	1		2	1.00	I386
SETP	R8h	1	1		2	1.00	I386
SETS	M8	1	1		6	1.00	I386
SETS	R8l	1	1		2	1.00	I386
SETZ	R8h	1	1		2	1.00	I386
SGDT	M80	8	8			11.00	I286REAL
SHL	M16, 1	1	1			1.00	I86
SHL	M16, I8	1	1			1.00	I186
SHL	M32, 1	1	1			1.00	I86
SHL	M32, I8	1	1			1.00	I186
SHL	M64, 1	1	1			1.00	I86
SHL	M64, I8	1	1			1.00	I186
SHL	M8, 1	1	1			1.00	I86
SHL	M8, I8	1	1			1.00	I186
SHL	R16, 1	1	1		1	1.00	I86
SHL	R16, I8	1	1		1	1.00	I186
SHL	R32, 1	1	1		1	1.00	I86
SHL	R32, I8	1	1		1	1.00	I186
SHL	R64, 1	1	1		1	1.00	I86
SHL	R64, I8	1	1		1	1.00	I186
SHL	R8h, 1	1	1		2	1.00	I86
SHL	R8h, I8	1	1		2	1.00	I186
SHLD	M16, R16, 0	13	13		13	12.00	I386
SHLD	M16, R16, I8	13	13		13	12.00	I386
SHLD	M32, R32, CL	6	6		11	6.00	I386
SHLD	M64, R64, 0	13	13		7	12.00	I386
SHLD	M64, R64, I8	13	13		7	12.00	I386
SHLD	R16, R16, CL	9	9		8	10.00	I386
SHLD	R32, R32, 0	1	1		2	2.00	I386
SHLD	R32, R32, I8	1	1		2	2.00	I386
SHLD	R64, R64, CL	9	9		8	10.00	I386
SHL	R8l, 0	1	1		1	1.00	I186
SHL	R8l, I8	1	1		1	1.00	I186
SHL	R8l, 1	1	1		1	1.00	I86
SHR	M16, 0	1	1			1.00	I186
SHR	M16, CL	1	1		6	1.00	I86
SHR	M32, 0	1	1			1.00	I186
SHR	M32, CL	1	1		6	1.00	I86
SHR	M64, 0	1	1			1.00	I186
SHR	M64, CL	1	1		6	1.00	I86
SHR	M8, 0	1	1			1.00	I186
SHR	M8, CL	1	1		6	1.00	I86
SHR	R16, 0	1	1		1	1.00	I186
SHR	R16, CL	1	1		3	1.00	I86
SHR	R32, 0	1	1		1	1.00	I186
SHR	R32, CL	1	1		3	1.00	I86
SHR	R64, 0	1	1		1	1.00	I186
SHR	R64, CL	1	1		3	1.00	I86
SHR	R8h, 0	1	1		1	1.00	I186
SHR	R8h, CL	1	1		3	1.00	I86
SHR	R8l, CL	1	1		3	1.00	I86
SHRD	M16, R16, CL	10	10		10	11.00	I386
SHRD	M32, R32, 0	6	6		9	5.98	I386
SHRD	M32, R32, I8	6	6		9	6.00	I386
SHRD	M64, R64, CL	12	12		12	11.00	I386
SHRD	R16, R16, 0	8	8		6	10.00	I386
SHRD	R16, R16, I8	8	8		6	10.00	I386
SHRD	R32, R32, CL	2	2		4	4.00	I386
SHRD	R64, R64, 0	10	10		6	10.00	I386
SHRD	R64, R64, I8	10	10		7	10.00	I386
SHR	R8l, 1	1	1		1	1.00	I86
SHR	R8l, 0	1	1		1	1.00	I186
SHR	R8l, I8	1	1		1	1.00	I186
SLDT	M16	6	6			14.00	I286PROTECTED
SLDT	R32	4	4			10.00	I286PROTECTED
SMSW	M16	7	7			13.00	I286REAL
SMSW	R32	5	5			11.00	I286REAL
STC		1	1			1.00	I86
STI		7	7			9.00	I86
REP_STOSB		4	4			20.00	I86
STOSD		2	2		3	4.00	I386
REP_STOSD		4	4			20.00	I386
REP_STOSW		4	4			20.00	I86
STR	M16	7	7			12.00	I286PROTECTED
STR	R32	4	4			12.00	I286PROTECTED
SUB	AL, 0	1	1		1	1.00	I86
SUB	AX, I16	1	1		1	1.00	I86
SUB	M16, 0	1	1			1.00	I86
SUB	M16, I8	1	1			1.00	I86
SUB	M32, 0	1	1			1.00	I86
SUB	M32, I8	1	1			1.00	I86
SUB	M64, 0	1	1			1.00	I86
SUB	M64, I8	1	1			1.00	I86
SUB	M8, 0	1	1			1.00	I86
SUB	M8, R8h	1	1		6	1.00	I86
SUB	R16, 0	1	1		1	0.50	I86
SUB	R16, I8	1	1		1	0.50	I86
SUB	R32, 0	1	1		1	0.50	I86
SUB	R32, I8	1	1		1	0.50	I86
SUB	R64, 0	1	1		1	0.50	I86
SUB	R64, I8	1	1		1	0.50	I86
SUB	R8h, 0	1	1		2	1.00	I86
SUB	R8h, M8	1	1		2	1.00	I86
SUB	RAX, I32	1	1		1	1.00	I86
SUB	R8h, R8l	1	1		2	1.00	I86
SUB	R8l, R8l	1	1		1	0.50	I86
SUB	R32, R32	1	1		1	0.50	I86
SUB	R8h, R8h	1	1		2	0.50	I86
SUB	R8l, R8h	1	1		2	1.00	I86
SUB	R16, R16	1	1		1	0.50	I86
SUB	R64, R64	1	1		1	0.50	I86
SUB	M16, I16	1	1			10.50	lock I86
SUB	M16, R16	1	1		18	10.50	lock I86
SUB	M32, I32	1	1			10.50	lock I86
SUB	M32, R32	1	1		12	10.50	lock I86
SUB	M64, I32	1	1			9.75	lock I86
SUB	M64, R64	1	1		12	9.75	lock I86
SUB	M8, I8	1	1			10.50	lock I86
SUB	M8, R8l	1	1		18	10.50	lock I86
SUB	R8l, I8	1	1		1	0.50	I86
TEST	AL, I8	1	1		1	0.50	I86
TEST	EAX, I32	1	1		1	0.50	I86
TEST	M16, R16	1	1		1	1.00	I86
TEST	M32, R32	1	1		1	1.00	I86
TEST	M64, R64	1	1		1	1.00	I86
TEST	M8, I8	1	1			1.00	I86
TEST	M8, R8l	1	1		1	1.00	I86
TEST	R16, R16	1	1		1	0.50	I86
TEST	R32, R32	1	1		1	0.50	I86
TEST	R64, R64	1	1		1	0.50	I86
TEST	R8h, I8	1	1		2	1.00	I86
TEST	R8h, R8l	1	1		2	1.00	I86
TEST	R8l, R8l	1	1		1	0.50	I86
TEST	R8l, 0	1	1		1	0.50	I86
VERR	R16	66	66		3293	3424.44	I286PROTECTED
VERW	R16	66	66		3293	3424.44	I286PROTECTED
WRMSR		49	49			58.00	PENTIUMREAL
XADD	M32, R32	6	6		6	6.00	I486REAL
XADD	M8, R8h	6	6		5	6.00	I486REAL
XADD	R16, R16	3	3		3	5.00	I486REAL
XADD	R64, R64	3	3		3	5.00	I486REAL
XADD	R8h, R8l	3	3		3	5.00	I486REAL
XADD	R8l, R8l	3	3		3	5.00	I486REAL
XADD	M32, R32	4	4		13	10.33	lock I486REAL
XADD	M8, R8h	4	4		15	11.88	lock I486REAL
XCHG	M16, R16	3	3		9	10.33	I86
XCHG	M64, R64	3	3		8	10.33	I86
XCHG	M8, R8l	3	3		9	10.33	I86
XCHG	R16, R16	3	3		3	5.00	I86
XCHG	R32, R32	3	3		3	5.00	I86
XCHG	R64, RAX	3	3		3	5.00	I86
XCHG	R8h, R8l	3	3		3	5.00	I86
XCHG	R8l, R8l	3	3		3	5.00	I86
XOR	AL, 0	1	1		1	1.00	I86
XOR	AX, I16	1	1		1	1.00	I86
XOR	M16, 0	1	1			1.00	I86
XOR	M16, I8	1	1			1.00	I86
XOR	M32, 0	1	1			1.00	I86
XOR	M32, I8	1	1			1.00	I86
XOR	M64, 0	1	1			1.00	I86
XOR	M64, I8	1	1			1.00	I86
XOR	M8, 0	1	1			1.00	I86
XOR	M8, R8h	1	1		6	1.00	I86
XOR	R16, 0	1	1		1	0.50	I86
XOR	R16, I8	1	1		1	0.50	I86
XOR	R32, 0	1	1		1	0.50	I86
XOR	R32, I8	1	1		1	0.50	I86
XOR	R64, 0	1	1		1	0.50	I86
XOR	R64, I8	1	1		1	0.50	I86
XOR	R8h, 0	1	1		2	1.00	I86
XOR	R8h, M8	1	1		2	1.00	I86
XOR	RAX, I32	1	1		1	1.00	I86
XOR	R8h, R8l	1	1		2	1.00	I86
XOR	R8l, R8l	1	1		1	0.50	I86
XOR	R32, R32	1	1		1	0.50	I86
XOR	R8h, R8h	1	1		2	0.50	I86
XOR	R8l, R8h	1	1		2	1.00	I86
XOR	R16, R16	1	1		1	0.50	I86
XOR	R64, R64	1	1		1	0.50	I86
XOR	M16, I16	1	1			10.50	lock I86
XOR	M16, R16	1	1		18	10.50	lock I86
XOR	M32, I32	1	1			10.50	lock I86
XOR	M32, R32	1	1		12	10.50	lock I86
XOR	M64, I32	1	1			9.75	lock I86
XOR	M64, R64	1	1		12	9.75	lock I86
XOR	M8, I8	1	1			10.50	lock I86
XOR	M8, R8l	1	1		18	10.50	lock I86
XOR	R8l, I8	1	1		1	0.50	I86
CLFLUSH	M512	1	1			123.50	CLFSH
CDQE		1	1		1	1.00	LONGMODE
REPE_CMPSQ		5	5			21.00	LONGMODE
CMPXCHG16B	M128	19	19		21	18.00	CMPXCHG16B
CQO		1	1		1	1.00	LONGMODE
LODSQ		3	3			5.00	LONGMODE
REP_LODSQ		3	3			20.00	LONGMODE
REP_MOVSQ		5	5			21.00	LONGMODE
MOVSXD	R64, M32	1	1			1.00	LONGMODE
POPFQ		21	21			48.50	LONGMODE
SCASQ		3	3		5	5.00	LONGMODE
REPNE_SCASQ		5	5			21.00	LONGMODE
REP_STOSQ		4	4			20.00	LONGMODE
LZCNT	R16, M16	10	10		8	13.00	LZCNT
LZCNT	R32, M32	10	10		8	10.00	LZCNT
LZCNT	R64, M64	10	10		8	10.00	LZCNT
EMMS		9	9			10.00	PENTIUMMMX
MOVD	M32, MM	1	1		11	1.00	PENTIUMMMX
MOVD	MM, R32	1	1		6	1.00	PENTIUMMMX
MOVNTQ	M64, MM	1	1		324	1.00	PENTIUMMMX
MOVQ	MM, M64	1	1			1.00	PENTIUMMMX
MOVQ	R64, MM	1	1		6	1.00	PENTIUMMMX
MOVQ	MM, MM	1	1		1	0.50	PENTIUMMMX
PACKSSDW	MM, MM	1	1		1	1.00	PENTIUMMMX
PACKSSWB	MM, MM	1	1		1	1.00	PENTIUMMMX
PACKUSWB	MM, MM	1	1		1	1.00	PENTIUMMMX
PADDB	MM, MM	1	1		1	0.50	PENTIUMMMX
PADDD	MM, MM	1	1		1	0.50	PENTIUMMMX
PADDQ	MM, MM	2	2		3	4.00	SSE2MMX
PADDSB	MM, MM	1	1		1	0.50	PENTIUMMMX
PADDSW	MM, MM	1	1		1	0.50	PENTIUMMMX
PADDUSB	MM, MM	1	1		1	0.50	PENTIUMMMX
PADDUSW	MM, MM	1	1		1	0.50	PENTIUMMMX
PADDW	MM, MM	1	1		1	0.50	PENTIUMMMX
PAND	MM, MM	1	1		1	0.50	PENTIUMMMX
PANDN	MM, MM	1	1		1	0.50	PENTIUMMMX
PAVGB	MM, MM	1	1		1	0.50	PENTIUMMMX
PAVGW	MM, MM	1	1		1	0.50	PENTIUMMMX
PCMPEQB	MM, MM	1	1		1	0.50	PENTIUMMMX
PCMPEQD	MM, MM	1	1		1	0.50	PENTIUMMMX
PCMPEQW	MM, MM	1	1		1	0.50	PENTIUMMMX
PCMPGTB	MM, MM	1	1		1	0.50	PENTIUMMMX
PCMPGTD	MM, MM	1	1		1	0.50	PENTIUMMMX
PCMPGTW	MM, MM	1	1		1	0.50	PENTIUMMMX
PINSRW	MM, M16, I8	1	1		1	1.00	PENTIUMMMX
PMADDWD	MM, M64	1	1		4	1.00	PENTIUMMMX
PMAXSW	MM, M64	1	1		1	1.00	PENTIUMMMX
PMAXUB	MM, M64	1	1		1	1.00	PENTIUMMMX
PMINSW	MM, M64	1	1		1	1.00	PENTIUMMMX
PMINUB	MM, M64	1	1		1	1.00	PENTIUMMMX
PMULHW	MM, M64	1	1		4	1.00	PENTIUMMMX
PMULLW	MM, M64	1	1		4	1.00	PENTIUMMMX
POR	MM, M64	1	1		1	1.00	PENTIUMMMX
PSADBW	MM, M64	1	1		4	1.00	PENTIUMMMX
PSHUFW	MM, M64, I8	1	1			1.00	PENTIUMMMX
PSLLD	MM, I8	1	1		1	1.00	PENTIUMMMX
PSLLD	MM, MM	1	1		2	2.00	PENTIUMMMX
PSLLQ	MM, M64	1	1		2	2.00	PENTIUMMMX
PSLLW	MM, I8	1	1		1	1.00	PENTIUMMMX
PSLLW	MM, MM	1	1		2	2.00	PENTIUMMMX
PSRAD	MM, M64	1	1		2	2.00	PENTIUMMMX
PSRAW	MM, I8	1	1		1	1.00	PENTIUMMMX
PSRAW	MM, MM	1	1		2	2.00	PENTIUMMMX
PSRLD	MM, M64	1	1		2	2.00	PENTIUMMMX
PSRLQ	MM, I8	1	1		1	1.00	PENTIUMMMX
PSRLQ	MM, MM	1	1		2	2.00	PENTIUMMMX
PSRLW	MM, M64	1	1		2	2.00	PENTIUMMMX
PSUBB	MM, M64	1	1		1	1.00	PENTIUMMMX
PSUBD	MM, M64	1	1		1	1.00	PENTIUMMMX
PSUBSB	MM, M64	1	1		1	1.00	PENTIUMMMX
PSUBSW	MM, M64	1	1		1	1.00	PENTIUMMMX
PSUBUSB	MM, M64	1	1		1	1.00	PENTIUMMMX
PSUBUSW	MM, M64	1	1		1	1.00	PENTIUMMMX
PSUBW	MM, M64	1	1		1	1.00	PENTIUMMMX
PUNPCKHBW	MM, M64	1	1		1	1.00	PENTIUMMMX
PUNPCKHDQ	MM, M64	1	1		1	1.00	PENTIUMMMX
PUNPCKHWD	MM, M64	1	1		1	1.00	PENTIUMMMX
PUNPCKLBW	MM, M32	1	1		1	1.00	PENTIUMMMX
PUNPCKLDQ	MM, M32	1	1		1	1.00	PENTIUMMMX
PUNPCKLWD	MM, M32	1	1		1	1.00	PENTIUMMMX
PXOR	MM, M64	1	1		1	1.00	PENTIUMMMX
MOVBE	M16, R16	1	1		4	6.00	MOVBE
MOVBE	M64, R64	1	1		7	1.00	MOVBE
MOVBE	R32, M32	1	1			1.00	MOVBE
PAUSE		6	6			24.00	PAUSE
PCLMULQDQ	XMM, M128, I8	9	9		11	13.00	PCLMULQDQ
RDRAND	R16	15	15		1367	1345.46	RDRAND
RDRAND	R64	15	15			1345.37	RDRAND
RDTSCP		13	13			34.50	RDTSCP
ADDPS	XMM, M128	1	1		3	1.00	SSE
ADDSS	XMM, M32	1	1		3	1.00	SSE
ANDNPS	XMM, M128	1	1		1	1.00	SSE
ANDPS	XMM, M128	1	1		1	1.00	SSE
CMPPS	XMM, M128, I8	1	1		3	1.00	SSE
CMPSS	XMM, M32, I8	1	1		3	1.00	SSE
COMISS	XMM, M32	1	1		6	1.00	SSE
CVTPI2PS	XMM, M64	1	1		4	1.00	SSE
CVTPS2PI	MM, M64	1	1			1.00	SSE
CVTSI2SS	XMM, M32	1	1		4	1.00	SSE
CVTSI2SS	XMM, R32	1	1		9	1.00	SSE
CVTSS2SI	R32, M32	1	1			1.00	SSE
CVTSS2SI	R64, M32	1	1			1.00	SSE
CVTTPS2PI	MM, M64	1	1			1.00	SSE
CVTTSS2SI	R32, M32	1	1			1.00	SSE
CVTTSS2SI	R64, M32	1	1			1.00	SSE
DIVPS	XMM, M128	7	7		38	39.00	SSE
DIVSS	XMM, M32	1	1		19	17.00	SSE
FXSAVE	M4096	123	123			133.50	FXSAVE
LDMXCSR	M32	5	5			8.00	SSEMXCSR
MAXPS	XMM, XMM	1	1		3	1.00	SSE
MAXSS	XMM, XMM	1	1		3	1.00	SSE
MINPS	XMM, XMM	1	1		3	1.00	SSE
MINSS	XMM, XMM	1	1		3	1.00	SSE
MOVAPS	XMM, M128	1	1			1.00	SSE
MOVAPS	XMM, XMM	1	1		1	0.50	SSE
MOVHPS	M64, XMM	1	1		4	1.00	SSE
MOVLHPS	XMM, XMM	1	1		1	1.00	SSE
MOVLPS	XMM, M64	1	1		1	1.00	SSE
MOVNTPS	M128, XMM	1	1		372	1.00	SSE
MOVSS	XMM, M32	1	1			1.00	SSE
MOVSS	XMM, XMM	1	1		1	0.50	SSE
MOVUPS	XMM, M128	1	1			1.00	SSE
MOVUPS	XMM, XMM	1	1		1	0.50	SSE
MULPS	XMM, XMM	1	1		5	2.00	SSE
MULSS	XMM, XMM	1	1		4	1.00	SSE
ORPS	XMM, XMM	1	1		1	0.50	SSE
PMULHUW	MM, M64	1	1		4	1.00	PENTIUMMMX
PREFETCHNTA	M512	1	1			1.00	SSE_PREFETCH
PREFETCHT1	M512	1	1			1.00	SSE_PREFETCH
RCPPS	XMM, M128	6	6			8.00	SSE
RCPSS	XMM, M32	1	1		4	1.00	SSE
RSQRTPS	XMM, M128	6	6			8.00	SSE
RSQRTSS	XMM, M32	1	1		4	1.00	SSE
SFENCE		1	1			6.50	SSE
SHUFPS	XMM, XMM, I8	1	1		1	1.00	SSE
SQRTPS	XMM, XMM	5	5		40	40.00	SSE
SQRTSS	XMM, XMM	1	1		20	18.00	SSE
SUBPS	XMM, M128	1	1		3	1.00	SSE
SUBSS	XMM, M32	1	1		3	1.00	SSE
UCOMISS	XMM, M32	1	1		6	1.00	SSE
UNPCKHPS	XMM, M128	1	1		1	1.00	SSE
UNPCKLPS	XMM, M128	1	1		1	1.00	SSE
XORPS	XMM, M128	1	1		1	1.00	SSE
ADDPD	XMM, M128	1	1		4	2.00	SSE2
ADDSD	XMM, M64	1	1		3	1.00	SSE2
ANDNPD	XMM, M128	1	1		1	1.00	SSE2
ANDPD	XMM, M128	1	1		1	1.00	SSE2
CMPPD	XMM, M128, I8	1	1		4	2.00	SSE2
CMPSD	XMM, M64, I8	1	1		3	1.00	SSE2
COMISD	XMM, M64	1	1		6	1.00	SSE2
CVTDQ2PD	XMM, M64	1	1			2.00	SSE2
CVTDQ2PS	XMM, M128	1	1			2.00	SSE2
CVTPD2DQ	XMM, M128	1	1			2.00	SSE2
CVTPD2PI	MM, M128	1	1			2.00	SSE2
CVTPD2PS	XMM, M128	1	1			2.00	SSE2
CVTPI2PD	XMM, M64	1	1			2.00	SSE2
CVTPS2DQ	XMM, M128	1	1			2.00	SSE2
CVTPS2PD	XMM, M64	1	1			2.00	SSE2
CVTSD2SI	R32, M64	1	1			1.00	SSE2
CVTSD2SI	R64, M64	1	1			1.00	SSE2
CVTSD2SS	XMM, M64	1	1		4	1.00	SSE2
CVTSI2SD	XMM, M32	1	1		4	1.00	SSE2
CVTSI2SD	XMM, R32	1	1		9	1.00	SSE2
CVTSS2SD	XMM, M32	1	1		4	1.00	SSE2
CVTTPD2DQ	XMM, M128	1	1			2.00	SSE2
CVTTPD2PI	MM, M128	1	1			2.00	SSE2
CVTTPS2DQ	XMM, M128	1	1			2.00	SSE2
CVTTSD2SI	R32, M64	1	1			1.00	SSE2
CVTTSD2SI	R64, M64	1	1			1.00	SSE2
DIVPD	XMM, M128	7	7			69.00	SSE2
DIVSD	XMM, M64	1	1		34	32.00	SSE2
LFENCE		2	2			8.00	SSE2
MAXPD	XMM, M128	1	1		4	2.00	SSE2
MAXSD	XMM, M64	1	1		3	1.00	SSE2
MFENCE		2	2			13.00	SSE2
MINPD	XMM, XMM	1	1		4	2.00	SSE2
MINSD	XMM, XMM	1	1		3	1.00	SSE2
MOVAPD	XMM, M128	1	1			1.00	SSE2
MOVAPD	XMM, XMM	1	1		1	0.50	SSE2
MOVD	R32, XMM	1	1		6	1.00	SSE2
MOVD	XMM, R32	1	1		6	1.00	SSE2
MOVDQA	M128, XMM	1	1		4	1.00	SSE2
MOVDQA	XMM, XMM	1	1		1	0.50	SSE2
MOVDQU	M128, XMM	1	1		4	1.00	SSE2
MOVDQU	XMM, XMM	1	1		1	0.50	SSE2
MOVHPD	M64, XMM	1	1		4	1.00	SSE2
MOVLPD	M64, XMM	1	1		4	1.00	SSE2
MOVMSKPD	R32, XMM	1	1		6	1.00	SSE2
MOVNTI	M32, R32	1	1		320	1.00	SSE2
MOVNTPD	M128, XMM	1	1		319	1.00	SSE2
MOVQ	R64, XMM	1	1		6	1.00	SSE2
MOVQ	XMM, R64	1	1		6	1.00	SSE2
MOVQ	XMM, XMM	1	1		1	0.50	SSE2
MOVSD	M64, XMM	1	1		4	1.00	SSE2
MOVSD	XMM, XMM	1	1		1	0.50	SSE2
MOVUPD	M128, XMM	1	1		4	1.00	SSE2
MOVUPD	XMM, XMM	1	1		1	0.50	SSE2
MULPD	XMM, M128	1	1		7	4.00	SSE2
MULSD	XMM, M64	1	1		5	2.00	SSE2
ORPD	XMM, M128	1	1		1	1.00	SSE2
PACKSSDW	XMM, M128	1	1		1	1.00	SSE2
PACKSSWB	XMM, M128	1	1		1	1.00	SSE2
PACKUSWB	XMM, M128	1	1		1	1.00	SSE2
PADDB	XMM, M128	1	1		1	1.00	SSE2
PADDD	XMM, M128	1	1		1	1.00	SSE2
PADDQ	XMM, M128	3	3		3	5.00	SSE2
PADDSB	XMM, M128	1	1		1	1.00	SSE2
PADDSW	XMM, M128	1	1		1	1.00	SSE2
PADDUSB	XMM, M128	1	1		1	1.00	SSE2
PADDUSW	XMM, M128	1	1		1	1.00	SSE2
PADDW	XMM, M128	1	1		1	1.00	SSE2
PAND	XMM, M128	1	1		1	1.00	SSE2
PANDN	XMM, M128	1	1		1	1.00	SSE2
PAVGB	XMM, M128	1	1		1	1.00	SSE2
PAVGW	XMM, M128	1	1		1	1.00	SSE2
PCMPEQB	XMM, M128	1	1		1	1.00	SSE2
PCMPEQD	XMM, M128	1	1		1	1.00	SSE2
PCMPEQW	XMM, M128	1	1		1	1.00	SSE2
PCMPGTB	XMM, M128	1	1		1	1.00	SSE2
PCMPGTD	XMM, M128	1	1		1	1.00	SSE2
PCMPGTW	XMM, M128	1	1		1	1.00	SSE2
PEXTRW	R32, XMM, I8	2	2		7	4.00	SSE2
PINSRW	XMM, R32, I8	1	1		6	1.00	SSE2
PMADDWD	XMM, XMM	1	1		5	2.00	SSE2
PMAXSW	XMM, XMM	1	1		1	0.50	SSE2
PMAXUB	XMM, XMM	1	1		1	0.50	SSE2
PMINSW	XMM, XMM	1	1		1	0.50	SSE2
PMINUB	XMM, XMM	1	1		1	0.50	SSE2
PMULHUW	XMM, M128	1	1		5	2.00	SSE2
PMULHW	XMM, M128	1	1		5	2.00	SSE2
PMULLW	XMM, M128	1	1		5	2.00	SSE2
PMULUDQ	MM, M64	1	1		4	1.00	SSE2MMX
PMULUDQ	XMM, M128	1	1		5	2.00	SSE2
POR	XMM, M128	1	1		1	1.00	SSE2
PSADBW	XMM, M128	1	1		5	2.00	SSE2
PSHUFD	XMM, M128, I8	1	1			1.00	SSE2
PSHUFHW	XMM, M128, I8	1	1			1.00	SSE2
PSHUFLW	XMM, M128, I8	1	1			1.00	SSE2
PSLLD	XMM, I8	1	1		1	1.00	SSE2
PSLLD	XMM, XMM	1	1		2	2.00	SSE2
PSLLQ	XMM, I8	1	1		1	1.00	SSE2
PSLLQ	XMM, XMM	1	1		2	2.00	SSE2
PSLLW	XMM, M128	1	1		2	2.00	SSE2
PSRAD	XMM, I8	1	1		1	1.00	SSE2
PSRAD	XMM, XMM	1	1		2	2.00	SSE2
PSRAW	XMM, M128	1	1		2	2.00	SSE2
PSRLD	XMM, I8	1	1		1	1.00	SSE2
PSRLD	XMM, XMM	1	1		2	2.00	SSE2
PSRLQ	XMM, I8	1	1		1	1.00	SSE2
PSRLQ	XMM, XMM	1	1		2	2.00	SSE2
PSRLW	XMM, M128	1	1		2	2.00	SSE2
PSUBB	XMM, M128	1	1		1	1.00	SSE2
PSUBD	XMM, M128	1	1		1	1.00	SSE2
PSUBQ	MM, M64	3	3		3	5.00	SSE2MMX
PSUBQ	XMM, M128	3	3		3	5.00	SSE2
PSUBSB	XMM, M128	1	1		1	1.00	SSE2
PSUBSW	XMM, M128	1	1		1	1.00	SSE2
PSUBUSB	XMM, M128	1	1		1	1.00	SSE2
PSUBUSW	XMM, M128	1	1		1	1.00	SSE2
PSUBW	XMM, M128	1	1		1	1.00	SSE2
PUNPCKHBW	XMM, M128	1	1		1	1.00	SSE2
PUNPCKHDQ	XMM, M128	1	1		1	1.00	SSE2
PUNPCKHQDQ	XMM, M128	1	1		1	1.00	SSE2
PUNPCKHWD	XMM, M128	1	1		1	1.00	SSE2
PUNPCKLBW	XMM, M128	1	1		1	1.00	SSE2
PUNPCKLDQ	XMM, M128	1	1		1	1.00	SSE2
PUNPCKLQDQ	XMM, M128	1	1		1	1.00	SSE2
PUNPCKLWD	XMM, M128	1	1		1	1.00	SSE2
PXOR	XMM, M128	1	1		1	1.00	SSE2
SHUFPD	XMM, M128, I8	1	1		1	1.00	SSE2
SQRTPD	XMM, M128	6	6			70.00	SSE2
SQRTSD	XMM, M64	1	1		35	33.00	SSE2
SUBPD	XMM, M128	1	1		4	2.00	SSE2
SUBSD	XMM, M64	1	1		3	1.00	SSE2
UCOMISD	XMM, M64	1	1		6	1.00	SSE2
UNPCKHPD	XMM, M128	1	1		1	1.00	SSE2
UNPCKLPD	XMM, M128	1	1		1	1.00	SSE2
XORPD	XMM, M128	1	1		1	1.00	SSE2
ADDSUBPD	XMM, M128	1	1		4	2.00	SSE3
ADDSUBPS	XMM, M128	1	1		3	1.00	SSE3
HADDPD	XMM, XMM	4	4		6	5.00	SSE3
HADDPS	XMM, XMM	4	4		5	6.00	SSE3
HSUBPD	XMM, XMM	4	4		6	5.00	SSE3
HSUBPS	XMM, XMM	4	4		5	6.00	SSE3
MOVDDUP	XMM, M64	1	1			1.00	SSE3
MOVSHDUP	XMM, M128	1	1			1.00	SSE3
MOVSLDUP	XMM, M128	1	1			1.00	SSE3
BLENDPD	XMM, M128, I8	1	1		1	5.23	SSE4
BLENDPS	XMM, M128, I8	1	1		1	5.23	SSE4
BLENDVPD	XMM, M128	3	3		5	8.00	SSE4
BLENDVPS	XMM, M128	3	3		5	8.00	SSE4
CRC32	R32, M16	1	1		3	6.00	SSE42
CRC32	R32, M8	1	1		3	6.00	SSE42
CRC32	R32, R32	1	1		3	6.00	SSE42
CRC32	R32, R8l	2	2		4	7.00	SSE42
CRC32	R64, M8	1	1		3	6.00	SSE42
CRC32	R64, R8l	1	1		3	6.00	SSE42
DPPD	XMM, XMM, I8	5	5		12	8.00	SSE4
DPPS	XMM, XMM, I8	9	9		15	12.00	SSE4
EXTRACTPS	R32, XMM, I8	2	2		9	5.62	SSE4
INSERTPS	XMM, XMM, I8	1	1		1	1.00	SSE4
MPSADBW	XMM, M128, I8	4	4		6	8.00	SSE4
PACKUSDW	XMM, M128	1	1		1	5.18	SSE4
PBLENDVB	XMM, M128	3	3		5	8.00	SSE4
PBLENDW	XMM, M128, I8	1	1		1	5.18	SSE4
PCMPEQQ	XMM, M128	3	3		5	8.00	SSE4
PCMPESTRI	XMM, M128, I8	10	10		27	21.00	SSE42
PCMPESTRI64	XMM, M128, I8	10	10		27	21.00	SSE42
PCMPESTRM	XMM, M128, I8	11	11		23	17.00	SSE42
PCMPESTRM64	XMM, M128, I8	9	9		23	17.00	SSE42
PCMPGTQ	XMM, M128	1	1		5	5.23	SSE42
PCMPISTRI	XMM, M128, I8	7	7		23	17.00	SSE42
PCMPISTRM	XMM, M128, I8	6	6		19	15.00	SSE42
PEXTRB	M8, XMM, I8	5	5		13	9.00	SSE4
PEXTRD	M32, XMM, I8	4	4		6	8.00	SSE4
PEXTRQ	M64, XMM, I8	4	4		6	8.00	SSE4
PEXTRW_SSE4	M16, XMM, I8	5	5		13	9.00	SSE4
PHMINPOSUW	XMM, XMM	1	1		5	2.00	SSE4
PINSRB	XMM, R32, I8	1	1		6	6.00	SSE4
PINSRD	XMM, R32, I8	1	1		6	6.00	SSE4
PINSRQ	XMM, R64, I8	1	1		6	6.00	SSE4
PMAXSB	XMM, XMM	1	1		1	0.50	SSE4
PMAXSD	XMM, XMM	1	1		1	0.50	SSE4
PMAXUD	XMM, XMM	1	1		1	0.50	SSE4
PMAXUW	XMM, XMM	1	1		1	0.50	SSE4
PMINSB	XMM, XMM	1	1		1	0.50	SSE4
PMINSD	XMM, XMM	1	1		1	0.50	SSE4
PMINUD	XMM, XMM	1	1		1	0.50	SSE4
PMINUW	XMM, XMM	1	1		1	0.50	SSE4
PMOVSXBD	XMM, XMM	1	1		1	1.00	SSE4
PMOVSXBQ	XMM, XMM	1	1		1	1.00	SSE4
PMOVSXBW	XMM, XMM	1	1		1	1.00	SSE4
PMOVSXDQ	XMM, XMM	1	1		1	1.00	SSE4
PMOVSXWD	XMM, XMM	1	1		1	1.00	SSE4
PMOVSXWQ	XMM, XMM	1	1		1	1.00	SSE4
PMOVZXBD	XMM, XMM	1	1		1	1.00	SSE4
PMOVZXBQ	XMM, XMM	1	1		1	1.00	SSE4
PMOVZXBW	XMM, XMM	1	1		1	1.00	SSE4
PMOVZXDQ	XMM, XMM	1	1		1	1.00	SSE4
PMOVZXWD	XMM, XMM	1	1		1	1.00	SSE4
PMOVZXWQ	XMM, XMM	1	1		1	1.00	SSE4
PMULDQ	XMM, XMM	1	1		5	2.00	SSE4
PMULLD	XMM, XMM	7	7		11	11.00	SSE4
POPCNT	R16, R16	2	2		4	7.00	POPCNT
POPCNT	R32, R32	1	1		3	1.00	POPCNT
POPCNT	R64, R64	1	1		3	1.00	POPCNT
PTEST	XMM, XMM	1	1		6	1.00	SSE4
ROUNDPD	XMM, XMM, I8	1	1		5	2.00	SSE4
ROUNDPS	XMM, XMM, I8	1	1		5	2.00	SSE4
ROUNDSD	XMM, XMM, I8	1	1		4	1.00	SSE4
ROUNDSS	XMM, XMM, I8	1	1		4	1.00	SSE4
PABSB	MM, M64	1	1			1.00	SSSE3MMX
PABSB	XMM, M128	1	1			5.23	SSSE3
PABSD	MM, M64	1	1			1.00	SSSE3MMX
PABSD	XMM, M128	1	1			5.23	SSSE3
PABSW	MM, M64	1	1			1.00	SSSE3MMX
PABSW	XMM, M128	1	1			5.23	SSSE3
PALIGNR	MM, M64, I8	1	1		1	1.00	SSSE3MMX
PALIGNR	XMM, M128, I8	1	1		1	5.23	SSSE3
PHADDD	MM, M64	4	4		3	5.00	SSSE3MMX
PHADDD	XMM, M128	4	4		5	8.00	SSSE3
PHADDSW	MM, M64	6	6		5	6.00	SSSE3MMX
PHADDSW	XMM, M128	8	8		7	13.00	SSSE3
PHADDW	MM, M64	6	6		5	6.00	SSSE3MMX
PHADDW	XMM, M128	8	8		7	13.00	SSSE3
PHSUBD	MM, M64	4	4		3	5.00	SSSE3MMX
PHSUBD	XMM, M128	4	4		5	8.00	SSSE3
PHSUBSW	MM, M64	6	6		5	6.00	SSSE3MMX
PHSUBSW	XMM, M128	8	8		7	13.00	SSSE3
PHSUBW	MM, M64	6	6		5	6.00	SSSE3MMX
PHSUBW	XMM, M128	8	8		7	13.00	SSSE3
PMADDUBSW	MM, M64	1	1		4	1.00	SSSE3MMX
PMADDUBSW	XMM, M128	1	1		5	5.23	SSSE3
PMULHRSW	MM, M64	1	1		4	1.00	SSSE3MMX
PMULHRSW	XMM, M128	1	1		5	5.23	SSSE3
PSHUFB	MM, M64	1	1		1	1.00	SSSE3MMX
PSHUFB	XMM, M128	5	5		5	9.00	SSSE3
PSIGNB	MM, M64	1	1		1	1.00	SSSE3MMX
PSIGNB	XMM, M128	1	1		1	5.23	SSSE3
PSIGND	MM, M64	1	1		1	1.00	SSSE3MMX
PSIGND	XMM, M128	1	1		1	5.23	SSSE3
PSIGNW	MM, M64	1	1		1	1.00	SSSE3MMX
PSIGNW	XMM, M128	1	1		1	5.23	SSSE3
