;Intel Conroe (Core 2)
;Instruction timings and µop breakdown, generated from uops.info instructions.xml (2026-03-29).
;Columns: Instruction<TAB>operands<TAB>µOps-fused<TAB>µOps-unfused<TAB>ports<TAB>latency<TAB>throughput<TAB>remark
PREFETCHW	M512	1	1	1*p015		3.00	PREFETCH_NOP
ADC	AL, 0	2	2	2*p015	2	1.00	I86
ADC	AX, I16	2	2	2*p015	2	2.00	I86
ADC	M16, 0	6	6	3*p015+1*p2+1*p3+1*p4	7	2.16	I86
ADC	M16, I8	6	6	3*p015+1*p2+1*p3+1*p4	7	1.44	I86
ADC	M32, 0	6	6	3*p015+1*p2+1*p3+1*p4	7	1.44	I86
ADC	M32, I8	6	6	3*p015+1*p2+1*p3+1*p4	7	1.44	I86
ADC	M64, 0	6	6	3*p015+1*p2+1*p3+1*p4	7	1.44	I86
ADC	M64, I8	6	6	3*p015+1*p2+1*p3+1*p4	7	1.44	I86
ADC	M8, 0	6	6	3*p015+1*p2+1*p3+1*p4	7	2.00	I86
ADC	M8, R8h	6	6	3*p015+1*p2+1*p3+1*p4	7	2.43	I86
ADC	R16, 0	2	2	2*p015	2	1.00	I86
ADC	R16, I8	2	2	2*p015	2	1.00	I86
ADC	R32, 0	2	2	2*p015	2	1.00	I86
ADC	R32, I8	2	2	2*p015	2	1.00	I86
ADC	R64, 0	2	2	2*p015	2	1.00	I86
ADC	R64, I8	2	2	2*p015	2	1.00	I86
ADC	R8h, 0	2	2	2*p015	2	1.00	I86
ADC	R8h, M8	3	3	2*p015+1*p2	2	1.00	I86
ADC	RAX, I32	2	2	2*p015	2	1.00	I86
ADC	R8h, R8l	2	2	2*p015	2	1.00	I86
ADC	R8l, R8l	2	2	2*p015	2	1.00	I86
ADC	R32, R32	2	2	2*p015	2	1.00	I86
ADC	R8h, R8h	2	2	2*p015	2	1.00	I86
ADC	R8l, R8h	2	2	2*p015	2	1.00	I86
ADC	R16, R16	2	2	2*p015	2	1.00	I86
ADC	R64, R64	2	2	2*p015	2	1.00	I86
ADC	M16, I16	9	9	3*p015+1*p2+2*p3+1*p4+1*p5	30	21.00	lock I86
ADC	M16, R16	9	9	2*p015+1*p05+1*p2+2*p3+1*p4+1*p5	30	21.00	lock I86
ADC	M32, I32	9	9	2*p015+1*p05+1*p2+2*p3+1*p4+1*p5	30	21.00	lock I86
ADC	M32, R32	9	9	2*p015+1*p05+1*p2+2*p3+1*p4+1*p5	30	21.00	lock I86
ADC	M64, I32	9	9	2*p015+1*p05+1*p2+2*p3+1*p4+1*p5	30	21.00	lock I86
ADC	M64, R64	9	9	2*p015+1*p05+1*p2+2*p3+1*p4+1*p5	30	21.00	lock I86
ADC	M8, I8	9	9	2*p015+1*p05+1*p2+2*p3+1*p4+1*p5	30	21.00	lock I86
ADC	M8, R8l	9	9	2*p015+1*p05+1*p2+2*p3+1*p4+1*p5	30	21.00	lock I86
ADC	R8l, I8	2	2	2*p015	2	1.00	I86
ADD	AL, I8	1	1	1*p015	1	0.67	I86
ADD	EAX, I32	1	1	1*p015	1	0.67	I86
ADD	M16, I16	4	4	1*p015+1*p2+1*p3+1*p4		2.96	I86
ADD	M16, R16	4	4	1*p015+1*p2+1*p3+1*p4	5	1.00	I86
ADD	M32, I32	4	4	1*p015+1*p2+1*p3+1*p4		1.00	I86
ADD	M32, R32	4	4	1*p015+1*p2+1*p3+1*p4	5	1.00	I86
ADD	M64, I32	4	4	1*p015+1*p2+1*p3+1*p4		1.00	I86
ADD	M64, R64	4	4	1*p015+1*p2+1*p3+1*p4	5	1.00	I86
ADD	M8, I8	4	4	1*p015+1*p2+1*p3+1*p4		2.00	I86
ADD	M8, R8l	4	4	1*p015+1*p2+1*p3+1*p4	5	2.20	I86
ADD	R16, I16	1	1	1*p015	1	2.43	I86
ADD	R16, M16	2	2	1*p015+1*p2	1	1.00	I86
ADD	R32, I32	1	1	1*p015	1	0.40	I86
ADD	R32, M32	2	2	1*p015+1*p2	1	1.00	I86
ADD	R64, I32	1	1	1*p015	1	0.44	I86
ADD	R64, M64	2	2	1*p015+1*p2	1	1.00	I86
ADD	R8h, I8	1	1	1*p015	1	0.33	I86
ADD	R8l, M8	2	2	1*p015+1*p2	1	1.00	I86
ADD	R8h, R8h	1	1	1*p015	1	0.33	I86
ADD	R8l, R8h	1	1	1*p015	1	0.42	I86
ADD	R16, R16	1	1	1*p015	1	0.33	I86
ADD	R64, R64	1	1	1*p015	1	0.33	I86
ADD	R8h, R8l	1	1	1*p015	1	0.33	I86
ADD	R8l, R8l	1	1	1*p015	1	0.33	I86
ADD	R32, R32	1	1	1*p015	1	0.33	I86
ADD	M16, 0	8	8	1*p015+1*p05+1*p2+2*p3+1*p4+1*p5		20.00	lock I86
ADD	M16, I8	8	8	1*p015+1*p05+1*p2+2*p3+1*p4+1*p5		20.00	lock I86
ADD	M32, 0	8	8	1*p015+1*p05+1*p2+2*p3+1*p4+1*p5		20.00	lock I86
ADD	M32, I8	8	8	1*p015+1*p05+1*p2+2*p3+1*p4+1*p5		20.00	lock I86
ADD	M64, 0	8	8	1*p015+1*p05+1*p2+2*p3+1*p4+1*p5		20.00	lock I86
ADD	M64, I8	8	8	1*p015+1*p05+1*p2+2*p3+1*p4+1*p5		20.00	lock I86
ADD	M8, 0	8	8	1*p015+1*p05+1*p2+2*p3+1*p4+1*p5		20.00	lock I86
ADD	M8, R8h	7	7	1*p015+1*p05+1*p2+2*p3+1*p4	30	20.25	lock I86
ADD	R8l, 0	1	1	1*p015	1	0.33	I86
AND	AL, 0	1	1	1*p015	1	0.67	I86
AND	AX, I16	1	1	1*p015	1	1.75	I86
AND	M16, 0	4	4	1*p015+1*p2+1*p3+1*p4		2.00	I86
AND	M16, I8	4	4	1*p015+1*p2+1*p3+1*p4		1.00	I86
AND	M32, 0	4	4	1*p015+1*p2+1*p3+1*p4		1.00	I86
AND	M32, I8	4	4	1*p015+1*p2+1*p3+1*p4		1.16	I86
AND	M64, 0	4	4	1*p015+1*p2+1*p3+1*p4		1.00	I86
AND	M64, I8	4	4	1*p015+1*p2+1*p3+1*p4		1.00	I86
AND	M8, 0	4	4	1*p015+1*p2+1*p3+1*p4		2.00	I86
AND	M8, R8h	4	4	1*p015+1*p2+1*p3+1*p4	5	2.00	I86
AND	R16, 0	1	1	1*p015	1	0.33	I86
AND	R16, I8	1	1	1*p015	1	0.33	I86
AND	R32, 0	1	1	1*p015	1	0.33	I86
AND	R32, I8	1	1	1*p015	1	0.33	I86
AND	R64, 0	1	1	1*p015	1	0.33	I86
AND	R64, I8	1	1	1*p015	1	0.33	I86
AND	R8h, 0	1	1	1*p015	1	0.33	I86
AND	R8h, M8	2	2	1*p015+1*p2	1	1.00	I86
AND	RAX, I32	1	1	1*p015	1	0.67	I86
AND	R8h, R8l	1	1	1*p015	1	0.33	I86
AND	R8l, R8l	1	1	1*p015	1	0.33	I86
AND	R32, R32	1	1	1*p015	1	0.33	I86
AND	R8h, R8h	1	1	1*p015	1	0.33	I86
AND	R8l, R8h	1	1	1*p015	1	0.42	I86
AND	R16, R16	1	1	1*p015	1	0.33	I86
AND	R64, R64	1	1	1*p015	1	0.33	I86
AND	M16, I16	8	8	1*p015+1*p05+1*p2+2*p3+1*p4+1*p5		20.00	lock I86
AND	M16, R16	7	7	1*p015+1*p05+1*p2+2*p3+1*p4	30	20.25	lock I86
AND	M32, I32	8	8	1*p015+1*p05+1*p2+2*p3+1*p4+1*p5		20.00	lock I86
AND	M32, R32	7	7	1*p015+1*p05+1*p2+2*p3+1*p4	30	20.25	lock I86
AND	M64, I32	8	8	1*p015+1*p05+1*p2+2*p3+1*p4+1*p5		20.00	lock I86
AND	M64, R64	7	7	1*p015+1*p05+1*p2+2*p3+1*p4	30	20.25	lock I86
AND	M8, I8	8	8	1*p015+1*p05+1*p2+2*p3+1*p4+1*p5		20.00	lock I86
AND	M8, R8l	7	7	1*p015+1*p05+1*p2+2*p3+1*p4	30	20.25	lock I86
AND	R8l, I8	1	1	1*p015	1	0.33	I86
BSF	R16, R16	2	2	1*p015+1*p1	2	1.00	I386
BSF	R32, R32	2	2	1*p015+1*p1	2	1.00	I386
BSF	R64, R64	2	2	1*p015+1*p1	2	1.00	I386
BSR	R16, R16	2	2	1*p015+1*p1	2	1.00	I386
BSR	R32, R32	2	2	1*p015+1*p1	2	1.00	I386
BSR	R64, R64	2	2	1*p015+1*p1	2	1.00	I386
BSWAP	R64	2	2	1*p0+1*p05	4	1.00	I486REAL
BT	M16, I8	2	2	1*p015+1*p2		1.00	I386
BT	M32, 0	2	2	1*p015+1*p2		1.00	I386
BT	M32, R32	10	10	1*p0+6*p015+1*p05+1*p2+1*p5	10	5.00	I386
BT	M64, I8	2	2	1*p015+1*p2		1.00	I386
BT	R16, 0	1	1	1*p015	1	1.00	I386
BT	R16, R16	1	1	1*p015	1	1.00	I386
BT	R32, I8	1	1	1*p015	1	1.00	I386
BT	R64, 0	1	1	1*p015	1	1.00	I386
BT	R64, R64	1	1	1*p015	1	1.00	I386
BTC	M16, I8	4	4	1*p015+1*p2+1*p3+1*p4		1.00	I386
BTC	M32, 0	4	4	1*p015+1*p2+1*p3+1*p4		1.00	I386
BTC	M32, R32	11	11	1*p0+5*p015+2*p05+1*p2+1*p3+1*p4	14	5.00	I386
BTC	M64, I8	4	4	1*p015+1*p2+1*p3+1*p4		1.00	I386
BTC	R16, 0	1	1	1*p015	1	1.00	I386
BTC	R16, R16	1	1	1*p015	1	1.00	I386
BTC	R32, I8	1	1	1*p015	1	1.00	I386
BTC	R64, 0	1	1	1*p015	1	1.00	I386
BTC	R64, R64	1	1	1*p015	1	1.00	I386
BTC	M16, I8	7	7	1*p015+1*p05+1*p2+2*p3+1*p4		20.00	lock I386
BTC	M32, 0	7	7	1*p015+1*p05+1*p2+2*p3+1*p4		20.00	lock I386
BTC	M32, R32	13	13	1*p0+5*p015+2*p05+1*p2+2*p3+1*p4	26	20.00	lock I386
BTC	M64, I8	7	7	1*p015+1*p05+1*p2+2*p3+1*p4		20.00	lock I386
BTR	M16, 0	4	4	1*p015+1*p2+1*p3+1*p4		1.00	I386
BTR	M16, R16	11	11	1*p0+5*p015+2*p05+1*p2+1*p3+1*p4	14	5.00	I386
BTR	M32, I8	4	4	1*p015+1*p2+1*p3+1*p4		1.00	I386
BTR	M64, 0	4	4	1*p015+1*p2+1*p3+1*p4		1.00	I386
BTR	M64, R64	10	10	1*p0+4*p015+2*p05+1*p2+1*p3+1*p4	13	5.00	I386
BTR	R16, I8	1	1	1*p015	1	1.00	I386
BTR	R32, 0	1	1	1*p015	1	1.00	I386
BTR	R32, R32	1	1	1*p015	1	1.00	I386
BTR	R64, I8	1	1	1*p015	1	1.00	I386
BTR	M16, 0	7	7	1*p015+1*p05+1*p2+2*p3+1*p4		20.00	lock I386
BTR	M16, R16	13	13	1*p0+5*p015+2*p05+1*p2+2*p3+1*p4	26	20.00	lock I386
BTR	M32, I8	7	7	1*p015+1*p05+1*p2+2*p3+1*p4		20.00	lock I386
BTR	M64, 0	7	7	1*p015+1*p05+1*p2+2*p3+1*p4		20.00	lock I386
BTR	M64, R64	13	13	1*p0+4*p015+2*p05+1*p2+2*p3+1*p4+1*p5	26	20.00	lock I386
BTS	M16, I8	4	4	1*p015+1*p2+1*p3+1*p4		1.00	I386
BTS	M32, 0	4	4	1*p015+1*p2+1*p3+1*p4		1.00	I386
BTS	M32, R32	11	11	1*p0+5*p015+2*p05+1*p2+1*p3+1*p4	14	5.00	I386
BTS	M64, I8	4	4	1*p015+1*p2+1*p3+1*p4		1.00	I386
BTS	R16, 0	1	1	1*p015	1	1.00	I386
BTS	R16, R16	1	1	1*p015	1	1.00	I386
BTS	R32, I8	1	1	1*p015	1	1.00	I386
BTS	R64, 0	1	1	1*p015	1	1.00	I386
BTS	R64, R64	1	1	1*p015	1	1.00	I386
BTS	M16, I8	7	7	1*p015+1*p05+1*p2+2*p3+1*p4		20.00	lock I386
BTS	M32, 0	7	7	1*p015+1*p05+1*p2+2*p3+1*p4		20.00	lock I386
BTS	M32, R32	13	13	1*p0+5*p015+2*p05+1*p2+2*p3+1*p4	26	20.00	lock I386
BTS	M64, I8	7	7	1*p015+1*p05+1*p2+2*p3+1*p4		20.00	lock I386
CALL	R64	4	4	1*p3+1*p4+2*p5		2.40	I86
CBW		1	1	1*p015	1	1.00	I86
CLC		1	1	1*p015		0.33	I86
CLI		9	9	7*p015+2*p5		10.75	I86
CMC		1	1	1*p015	1	0.67	I86
CMOVB	R16, R16	2	2	2*p015	2	1.00	CMOV
CMOVB	R32, R32	2	2	2*p015	2	1.00	CMOV
CMOVB	R64, R64	2	2	2*p015	2	1.00	CMOV
CMOVBE	R16, R16	2	2	2*p015	2	1.00	CMOV
CMOVBE	R32, R32	2	2	2*p015	2	1.00	CMOV
CMOVBE	R64, R64	2	2	2*p015	2	1.00	CMOV
CMOVL	R16, R16	2	2	2*p015	2	1.00	CMOV
CMOVL	R32, R32	2	2	2*p015	2	1.00	CMOV
CMOVL	R64, R64	2	2	2*p015	2	1.00	CMOV
CMOVLE	R16, R16	2	2	2*p015	2	1.00	CMOV
CMOVLE	R32, R32	2	2	2*p015	2	1.00	CMOV
CMOVLE	R64, R64	2	2	2*p015	2	1.00	CMOV
CMOVNB	R16, R16	2	2	2*p015	2	1.00	CMOV
CMOVNB	R32, R32	2	2	2*p015	2	1.00	CMOV
CMOVNB	R64, R64	2	2	2*p015	2	1.00	CMOV
CMOVNBE	R16, R16	2	2	2*p015	2	1.00	CMOV
CMOVNBE	R32, R32	2	2	2*p015	2	1.00	CMOV
CMOVNBE	R64, R64	2	2	2*p015	2	1.00	CMOV
CMOVNL	R16, R16	2	2	2*p015	2	1.00	CMOV
CMOVNL	R32, R32	2	2	2*p015	2	1.00	CMOV
CMOVNL	R64, R64	2	2	2*p015	2	1.00	CMOV
CMOVNLE	R16, R16	2	2	2*p015	2	1.00	CMOV
CMOVNLE	R32, R32	2	2	2*p015	2	1.00	CMOV
CMOVNLE	R64, R64	2	2	2*p015	2	1.00	CMOV
CMOVNO	R16, R16	2	2	2*p015	2	1.00	CMOV
CMOVNO	R32, R32	2	2	2*p015	2	1.00	CMOV
CMOVNO	R64, R64	2	2	2*p015	2	1.00	CMOV
CMOVNP	R16, R16	2	2	2*p015	2	1.00	CMOV
CMOVNP	R32, R32	2	2	2*p015	2	1.00	CMOV
CMOVNP	R64, R64	2	2	2*p015	2	1.00	CMOV
CMOVNS	R16, R16	2	2	2*p015	2	1.00	CMOV
CMOVNS	R32, R32	2	2	2*p015	2	1.00	CMOV
CMOVNS	R64, R64	2	2	2*p015	2	1.00	CMOV
CMOVNZ	R16, R16	2	2	2*p015	2	1.00	CMOV
CMOVNZ	R32, R32	2	2	2*p015	2	1.00	CMOV
CMOVNZ	R64, R64	2	2	2*p015	2	1.00	CMOV
CMOVO	R16, R16	2	2	2*p015	2	1.00	CMOV
CMOVO	R32, R32	2	2	2*p015	2	1.00	CMOV
CMOVO	R64, R64	2	2	2*p015	2	1.00	CMOV
CMOVP	R16, R16	2	2	2*p015	2	1.00	CMOV
CMOVP	R32, R32	2	2	2*p015	2	1.00	CMOV
CMOVP	R64, R64	2	2	2*p015	2	1.00	CMOV
CMOVS	R16, R16	2	2	2*p015	2	1.00	CMOV
CMOVS	R32, R32	2	2	2*p015	2	1.00	CMOV
CMOVS	R64, R64	2	2	2*p015	2	1.00	CMOV
CMOVZ	R16, R16	2	2	2*p015	2	1.00	CMOV
CMOVZ	R32, R32	2	2	2*p015	2	1.00	CMOV
CMOVZ	R64, R64	2	2	2*p015	2	1.00	CMOV
CMP	AL, I8	1	1	1*p015	1	0.33	I86
CMP	EAX, I32	1	1	1*p015	1	0.33	I86
CMP	M16, I16	2	2	1*p015+1*p2		2.62	I86
CMP	M16, R16	2	2	1*p015+1*p2	1	1.00	I86
CMP	M32, I32	2	2	1*p015+1*p2		1.00	I86
CMP	M32, R32	2	2	1*p015+1*p2	1	1.00	I86
CMP	M64, I32	2	2	1*p015+1*p2		1.00	I86
CMP	M64, R64	2	2	1*p015+1*p2	1	1.00	I86
CMP	M8, I8	2	2	1*p015+1*p2		1.00	I86
CMP	M8, R8l	2	2	1*p015+1*p2	1	1.00	I86
CMP	R16, I16	1	1	1*p5	1	2.62	I86
CMP	R16, M16	2	2	1*p015+1*p2	1	1.00	I86
CMP	R32, I32	1	1	1*p015	1	0.44	I86
CMP	R32, M32	2	2	1*p015+1*p2	1	1.00	I86
CMP	R64, I32	1	1	1*p015	1	0.44	I86
CMP	R64, M64	2	2	1*p015+1*p2	1	1.00	I86
CMP	R8h, I8	1	1	1*p015	1	0.33	I86
CMP	R8l, M8	2	2	1*p015+1*p2	1	1.00	I86
CMPSB		7	7	3*p015+1*p05+3*p2	3	3.00	I86
REPNE_CMPSB		17	17	1*p0+4*p015+3*p05+3*p1+6*p5		20.00	I86
REPE_CMPSD		17	17	1*p0+4*p015+3*p05+3*p1+6*p5		20.00	I386
CMPSW		7	7	3*p015+1*p05+3*p2	3	3.00	I86
REPNE_CMPSW		17	17	1*p0+4*p015+3*p05+3*p1+6*p5		20.00	I86
CMPXCHG	M32, R32	9	9	2*p0+3*p015+1*p2+1*p3+1*p4+1*p5	9	6.00	I486REAL
CMPXCHG	M8, R8h	9	9	2*p0+3*p015+1*p2+1*p3+1*p4+1*p5	9	6.00	I486REAL
CMPXCHG	R16, R16	8	8	2*p0+5*p015+1*p05	7	6.00	I486REAL
CMPXCHG	R64, R64	8	8	2*p0+5*p015+1*p05	7	6.00	I486REAL
CMPXCHG	R8h, R8l	8	8	2*p0+5*p015+1*p5	7	6.00	I486REAL
CMPXCHG	R8l, R8l	8	8	2*p0+5*p015+1*p05	7	6.00	I486REAL
CMPXCHG8B	M64	17	17	7*p015+4*p05+1*p1+1*p2+2*p3+1*p4	34	23.96	lock PENTIUMREAL
CMPXCHG	M32, R32	11	11	2*p0+4*p015+1*p2+2*p3+1*p4	33	24.00	lock I486REAL
CMPXCHG	M8, R8h	11	11	2*p0+3*p015+1*p05+1*p2+2*p3+1*p4	34	24.00	lock I486REAL
CMP	R8h, R8h	1	1	1*p015	1	0.35	I86
CMP	R8l, R8h	1	1	1*p015	1	0.33	I86
CMP	R16, R16	1	1	1*p015	1	0.33	I86
CMP	R64, R64	1	1	1*p015	1	0.33	I86
CMP	R8h, R8l	1	1	1*p015	1	0.33	I86
CMP	R8l, R8l	1	1	1*p015	1	0.33	I86
CMP	R32, R32	1	1	1*p015	1	0.33	I86
CMP	R8l, 0	1	1	1*p015	1	0.33	I86
CPUID		76	76	12*p0+19*p1+2*p3+2*p4+60*p5		177.50	I486REAL
CWDE		1	1	1*p015	1	1.00	I386
DEC	M32	4	4	1*p015+1*p2+1*p3+1*p4		1.00	I86
DEC	M8	4	4	1*p015+1*p2+1*p3+1*p4		1.86	I86
DEC	R32	1	1	1*p015	1	0.33	I86
DEC	R8h	1	1	1*p015	1	0.33	I86
DEC	M16	8	8	1*p015+1*p05+1*p2+2*p3+1*p4+1*p5		20.00	lock I86
DEC	M64	8	8	1*p015+1*p05+1*p2+2*p3+1*p4+1*p5		20.00	lock I86
DIV	M16	5	5	1*p0+1*p015+2*p05+1*p2		12.00	I86
DIV	M64	34	34	2*p0+8*p015+8*p05+9*p1+1*p2+6*p5		17.43	I86
DIV	R16	4	4	1*p0+1*p015+2*p05		12.06	I86
DIV	R64	34	34	2*p0+8*p015+8*p05+10*p1+6*p5		17.71	I86
DIV	R8l	3	3	1*p0+1*p015+1*p05	18	12.00	I86
ENTER	I16, I8	49	49	17*p0+12*p1+10*p2+11*p3		64.50	I186
IDIV	M16	5	5	1*p0+1*p015+2*p05+1*p2		12.00	I86
IDIV	M64	57	57	7*p0+11*p015+10*p05+15*p1+1*p2+13*p5		28.00	I86
IDIV	R16	4	4	1*p0+1*p015+2*p05		12.06	I86
IDIV	R64	57	57	6*p0+11*p015+13*p05+14*p1+13*p5		28.31	I86
IDIV	R8l	3	3	1*p0+1*p015+1*p05	18	12.00	I86
IMUL	M32	4	4	1*p015+1*p05+1*p1+1*p2	4	1.50	I86
IMUL	M8	2	2	1*p1+1*p2	3	1.00	I86
IMUL	R16, M16	2	2	1*p1+1*p2	3	1.00	I86
IMUL	R16, M16, I16	2	2	1*p1+1*p2	0	2.62	I186
IMUL	R16, R16	1	1	1*p1	3	1.00	I86
IMUL	R16, R16, I16	1	1	1*p1	3	2.62	I186
IMUL	R32	3	3	1*p015+1*p05+1*p1	4	1.53	I86
IMUL	R32, M32, 0	2	2	1*p1+1*p2		1.00	I186
IMUL	R32, M32, I8	2	2	1*p1+1*p2		1.00	I186
IMUL	R32, R32, 0	1	1	1*p1	3	1.00	I186
IMUL	R32, R32, I8	1	1	1*p1	3	1.00	I186
IMUL	R64, M64	2	2	1*p0+1*p2	7	2.00	I86
IMUL	R64, M64, I32	2	2	1*p0+1*p2		2.10	I186
IMUL	R64, R64	1	1	1*p0	7	2.00	I86
IMUL	R64, R64, I32	1	1	1*p0	7	2.07	I186
IMUL	R8h	1	1	1*p1	3	1.00	I86
IN	AL, 0	65	65	10*p0+4*p015+16*p1+1*p2+1*p3+1*p4+32*p5		3037.47	I86
IN	AL, I8	65	65	10*p0+4*p015+16*p1+1*p2+1*p3+1*p4+32*p5		1302.33	I86
IN	AX, DX	65	65	10*p0+4*p015+16*p1+1*p2+1*p3+1*p4+32*p5		2053.23	I86
IN	EAX, 0	65	65	10*p0+4*p015+16*p1+1*p2+1*p3+1*p4+32*p5		3025.92	I86
IN	EAX, I8	65	65	10*p0+4*p015+16*p1+1*p2+1*p3+1*p4+32*p5		2029.98	I86
INC	M32	4	4	1*p015+1*p2+1*p3+1*p4		1.00	I86
INC	M8	4	4	1*p015+1*p2+1*p3+1*p4		1.86	I86
INC	R32	1	1	1*p015	1	0.33	I86
INC	R8h	1	1	1*p015	1	0.33	I86
INC	M16	8	8	1*p015+1*p05+1*p2+2*p3+1*p4+1*p5		20.00	lock I86
INC	M64	8	8	1*p015+1*p05+1*p2+2*p3+1*p4+1*p5		20.00	lock I86
INSB		54	54	5*p0+7*p015+1*p05+10*p1+4*p2+2*p3+2*p4+23*p5		1279.33	I186
REP_INSB		62	62	7*p0+5*p015+16*p1+4*p2+2*p3+1*p4+27*p5		171.40	I186
REP_INSD		62	62	7*p0+5*p015+16*p1+4*p2+2*p3+1*p4+27*p5		171.40	I386
INSW		54	54	5*p0+7*p015+1*p05+10*p1+4*p2+2*p3+2*p4+23*p5		2001.28	I186
REP_INSW		62	62	7*p0+6*p015+15*p1+4*p2+2*p3+1*p4+27*p5		171.50	I186
JB	Rel32	1	1	1*p5		1.00	I86
JBE	Rel32	1	1	1*p5		1.00	I86
JL	Rel32	1	1	1*p5		1.00	I86
JLE	Rel32	1	1	1*p5		1.00	I86
JMP	M64	2	2	1*p2+1*p5		2.95	I86
JMP	Rel32	1	1	1*p5		1.00	I86
JNB	Rel8	1	1	1*p5		1.00	I86
JNBE	Rel8	1	1	1*p5		1.00	I86
JNL	Rel8	1	1	1*p5		1.00	I86
JNLE	Rel8	1	1	1*p5		1.00	I86
JNO	Rel8	1	1	1*p5		1.00	I86
JNP	Rel8	1	1	1*p5		1.00	I86
JNS	Rel8	1	1	1*p5		1.00	I86
JNZ	Rel8	1	1	1*p5		1.00	I86
JO	Rel8	1	1	1*p5		1.00	I86
JP	Rel8	1	1	1*p5		1.00	I86
JS	Rel32	1	1	1*p5		1.00	I86
JZ	Rel32	1	1	1*p5		1.00	I86
LAHF		1	1	1*p015	1	0.33	LAHF
LAR	R16, R16	18	18	3*p0+4*p015+2*p05+2*p1+4*p2+3*p5	60	41.25	I286PROTECTED
LAR	R32, R32	18	18	3*p0+4*p015+2*p05+2*p1+4*p2+3*p5	42	41.00	I286PROTECTED
LAR	R64, R64	18	18	3*p0+4*p015+2*p05+2*p1+4*p2+3*p5	42	41.00	I286PROTECTED
LEAVE		3	3	2*p015+1*p2	4	1.16	I186
LEA	R32	1	1	1*p0		1.00	I86
LEA	R16	1	1	1*p0	0	1.00	I86
LEA	R64	1	1	1*p0		1.00	I86
LLDT	M16	25	25	4*p0+2*p015+2*p05+2*p1+4*p2+1*p3+1*p4+9*p5		118.00	I286PROTECTED
LMSW	M16	32	32	6*p0+3*p015+2*p05+5*p1+2*p2+1*p3+1*p4+12*p5		86.03	I286REAL
LODSB		3	3	1*p015+2*p2		2.00	I86
REP_LODSB		14	14	4*p015+5*p05+1*p1+4*p5		20.00	I86
REP_LODSD		14	14	4*p015+5*p05+1*p1+4*p5		20.00	I386
LODSW		3	3	1*p015+2*p2		2.00	I86
REP_LODSW		14	14	4*p015+5*p05+1*p1+4*p5		20.00	I86
LOOPE	Rel8	11	11	7*p015+1*p05+1*p1+2*p5	2	6.08	I86
LSL	R16, M16	17	17	3*p0+3*p015+1*p05+2*p1+5*p2+5*p5	80	27.00	I286PROTECTED
LSL	R32, M16	17	17	3*p0+1*p05+3*p1+5*p2+5*p5	24	27.00	I286PROTECTED
LSL	R64, M16	17	17	3*p0+1*p05+3*p1+5*p2+5*p5	24	27.00	I286PROTECTED
MOV	AX, Moffs16	1	1	1*p2	4	1.00	I86
MOV	M16, I16	2	2	1*p3+1*p4		2.62	I86
MOV	M16, SEG	3	3	1*p2+1*p3+1*p4		1.00	I86
MOV	M32, R32	2	2	1*p3+1*p4	4	1.00	I86
MOV	M64, R64	2	2	1*p3+1*p4	4	1.00	I86
MOV	M8, I8	2	2	1*p3+1*p4		1.00	I86
MOV	M8, R8l	2	2	1*p3+1*p4	4	1.00	I86
MOV	Moffs32, EAX	2	2	1*p3+1*p4	4	1.00	I86
MOV	Moffs8, AL	2	2	1*p3+1*p4	4	1.00	I86
MOV	R16, M16	1	1	1*p2	0	1.00	I86
MOV	R32, I32	1	1	1*p015		0.35	I86
MOV	R32, SEG	1	1	1*p2		1.00	I86
MOV	R64, I64	1	1	1*p015		0.62	I86
MOV	R64, SEG	1	1	1*p2		1.00	I86
MOV	R8h, I8	1	1	1*p015	0	0.33	I86
MOV	R8l, 0	1	1	1*p015	0	0.33	I86
MOV	R8l, M8	1	1	1*p2	0	1.00	I86
MOVSB		8	8	2*p015+1*p05+2*p2+1*p3+1*p4+1*p5		5.00	I86
REP_MOVSB		26	26	8*p015+2*p05+5*p1+3*p2+3*p3+3*p4+2*p5		12.00	I86
REP_MOVSD		77	77	3*p0+8*p015+10*p05+12*p1+12*p2+13*p3+13*p4+6*p5		30.00	I386
MOVSW		8	8	2*p015+1*p05+2*p2+1*p3+1*p4+1*p5		5.00	I86
REP_MOVSW		77	77	3*p0+8*p015+10*p05+12*p1+12*p2+13*p3+13*p4+6*p5		30.00	I86
MOVSX	R16, R8h	1	1	1*p015	1	0.33	I386
MOVSX	R32, M16	1	1	1*p2		1.00	I386
MOVSX	R32, R16	1	1	1*p015	1	0.33	I386
MOVSX	R32, R8l	1	1	1*p015	1	0.33	I386
MOVSX	R64, M8	2	2	1*p015+1*p2		1.00	I386
MOVSX	R64, R8l	1	1	1*p015	1	0.33	I386
MOVZX	R16, R8h	1	1	1*p015	1	0.33	I386
MOVZX	R32, M16	1	1	1*p2		1.00	I386
MOVZX	R32, R16	1	1	1*p015	1	0.33	I386
MOVZX	R32, R8l	1	1	1*p015	1	0.33	I386
MOVZX	R64, M8	1	1	1*p2		1.00	I386
MOVZX	R64, R8l	1	1	1*p015	1	0.33	I386
MOV	R8h, R8l	1	1	1*p015	1	0.33	I86
MOV	R8l, R8l	1	1	1*p015	1	0.33	I86
MOV	R32, R32	1	1	1*p015	1	0.33	I86
MOV	R8h, R8h	1	1	1*p015	1	0.33	I86
MOV	R8l, R8h	1	1	1*p015	1	0.33	I86
MOV	R16, R16	1	1	1*p015	1	0.33	I86
MOV	R64, R64	1	1	1*p015	1	0.33	I86
MOV_CR	R64, CR	6	6	2*p0+2*p015+2*p5		8.03	I86
MOV_DR	R64, DR	31	31	2*p0+4*p015+6*p05+10*p1+9*p5	100	32.00	I86
MUL	M32	4	4	1*p015+1*p05+1*p1+1*p2	4	1.50	I86
MUL	M8	2	2	1*p1+1*p2	3	1.00	I86
MUL	R32	3	3	1*p015+1*p05+1*p1	4	1.53	I86
MUL	R8h	1	1	1*p1	3	1.00	I86
NEG	M16	4	4	1*p015+1*p2+1*p3+1*p4		1.00	I86
NEG	M64	4	4	1*p015+1*p2+1*p3+1*p4		1.00	I86
NEG	R16	1	1	1*p015	1	0.33	I86
NEG	R64	1	1	1*p015	1	0.33	I86
NEG	R8l	1	1	1*p015	1	0.33	I86
NEG	M32	8	8	1*p015+1*p05+1*p2+2*p3+1*p4+1*p5		20.00	lock I86
NEG	M8	8	8	1*p015+1*p05+1*p2+2*p3+1*p4+1*p5		20.00	lock I86
NOP	M16	1	1	1*p015		1.00	FAT_NOP
NOP	M64	1	1	1*p015		1.00	FAT_NOP
NOP	R32	1	1	1*p015		1.00	FAT_NOP
NOT	M16	4	4	1*p015+1*p2+1*p3+1*p4		1.00	I86
NOT	M64	4	4	1*p015+1*p2+1*p3+1*p4		1.00	I86
NOT	R16	1	1	1*p015	1	0.33	I86
NOT	R64	1	1	1*p015	1	0.33	I86
NOT	R8l	1	1	1*p015	1	0.33	I86
NOT	M32	8	8	1*p015+1*p05+1*p2+2*p3+1*p4+1*p5		20.00	lock I86
NOT	M8	8	8	1*p015+1*p05+1*p2+2*p3+1*p4+1*p5		20.00	lock I86
OR	AL, I8	1	1	1*p015	1	0.67	I86
OR	EAX, I32	1	1	1*p015	1	0.67	I86
OR	M16, I16	4	4	1*p015+1*p2+1*p3+1*p4		2.96	I86
OR	M16, R16	4	4	1*p015+1*p2+1*p3+1*p4	5	1.00	I86
OR	M32, I32	4	4	1*p015+1*p2+1*p3+1*p4		1.00	I86
OR	M32, R32	4	4	1*p015+1*p2+1*p3+1*p4	5	1.00	I86
OR	M64, I32	4	4	1*p015+1*p2+1*p3+1*p4		1.00	I86
OR	M64, R64	4	4	1*p015+1*p2+1*p3+1*p4	5	1.00	I86
OR	M8, I8	4	4	1*p015+1*p2+1*p3+1*p4		2.00	I86
OR	M8, R8l	4	4	1*p015+1*p2+1*p3+1*p4	5	2.28	I86
OR	R16, I16	1	1	1*p015	1	2.43	I86
OR	R16, M16	2	2	1*p015+1*p2	1	1.00	I86
OR	R32, I32	1	1	1*p015	1	0.40	I86
OR	R32, M32	2	2	1*p015+1*p2	1	1.00	I86
OR	R64, I32	1	1	1*p015	1	0.44	I86
OR	R64, M64	2	2	1*p015+1*p2	1	1.00	I86
OR	R8h, I8	1	1	1*p015	1	0.33	I86
OR	R8l, M8	2	2	1*p015+1*p2	1	1.00	I86
OR	R8h, R8h	1	1	1*p015	1	0.33	I86
OR	R8l, R8h	1	1	1*p015	1	0.42	I86
OR	R16, R16	1	1	1*p015	1	0.33	I86
OR	R64, R64	1	1	1*p015	1	0.33	I86
OR	R8h, R8l	1	1	1*p015	1	0.33	I86
OR	R8l, R8l	1	1	1*p015	1	0.33	I86
OR	R32, R32	1	1	1*p015	1	0.33	I86
OR	M16, 0	8	8	1*p015+1*p05+1*p2+2*p3+1*p4+1*p5		20.00	lock I86
OR	M16, I8	8	8	1*p015+1*p05+1*p2+2*p3+1*p4+1*p5		20.00	lock I86
OR	M32, 0	8	8	1*p015+1*p05+1*p2+2*p3+1*p4+1*p5		20.00	lock I86
OR	M32, I8	8	8	1*p015+1*p05+1*p2+2*p3+1*p4+1*p5		20.00	lock I86
OR	M64, 0	8	8	1*p015+1*p05+1*p2+2*p3+1*p4+1*p5		20.00	lock I86
OR	M64, I8	8	8	1*p015+1*p05+1*p2+2*p3+1*p4+1*p5		20.00	lock I86
OR	M8, 0	8	8	1*p015+1*p05+1*p2+2*p3+1*p4+1*p5		20.00	lock I86
OR	M8, R8h	7	7	1*p015+1*p05+1*p2+2*p3+1*p4	30	20.25	lock I86
OR	R8l, 0	1	1	1*p015	1	0.33	I86
OUT	0, AL	47	47	5*p0+4*p015+1*p05+12*p1+1*p2+1*p3+1*p4+22*p5		3270.67	I86
OUT	0, EAX	47	47	5*p0+4*p015+1*p05+12*p1+1*p2+1*p3+1*p4+22*p5		3282.67	I86
OUT	DX, AX	47	47	5*p0+4*p015+1*p05+12*p1+1*p2+1*p3+1*p4+22*p5		2027.60	I86
OUT	I8, AL	47	47	5*p0+4*p015+1*p05+12*p1+1*p2+1*p3+1*p4+22*p5		2023.13	I86
OUT	I8, EAX	47	47	5*p0+4*p015+1*p05+12*p1+1*p2+1*p3+1*p4+22*p5		2029.27	I86
REP_OUTSB		58	58	5*p0+5*p015+1*p05+16*p1+4*p2+1*p3+26*p5		171.40	I186
OUTSD		50	50	5*p0+4*p015+1*p05+11*p1+4*p2+1*p3+1*p4+23*p5		2022.53	I386
REP_OUTSD		58	58	5*p0+5*p015+1*p05+16*p1+4*p2+1*p3+26*p5		171.50	I386
REP_OUTSW		58	58	5*p0+5*p015+1*p05+16*p1+4*p2+1*p3+26*p5		171.50	I186
POP	M16	3	3	1*p2+1*p3+1*p4		1.00	I86
POP	R16	1	1	1*p2	0	1.00	I86
POPF		32	32	11*p015+6*p05+7*p1+1*p2+7*p5		21.00	I86
PUSH	FS	3	3	1*p2+1*p3+1*p4		1.00	I86
PUSH	I32	2	2	1*p3+1*p4		1.03	I186
PUSH	M16	3	3	1*p2+1*p3+1*p4		1.35	I86
PUSH	R16	2	2	1*p3+1*p4	4	1.09	I86
PUSHF		16	16	11*p015+1*p05+1*p3+1*p4+2*p5	12	7.00	I86
PUSH	I16	2	2	1*p3+1*p4		1.75	I186
RCL	M16, 0	10	10	2*p015+3*p05+1*p1+1*p2+1*p3+1*p4+1*p5		13.00	I186
RCL	M16, CL	10	10	2*p015+3*p05+1*p1+1*p2+1*p3+1*p4+1*p5	10	7.00	I86
RCL	M32, 0	10	10	2*p015+3*p05+1*p1+1*p2+1*p3+1*p4+1*p5		13.00	I186
RCL	M32, CL	10	10	2*p015+3*p05+1*p1+1*p2+1*p3+1*p4+1*p5	10	7.00	I86
RCL	M64, 0	10	10	2*p015+3*p05+1*p1+1*p2+1*p3+1*p4+1*p5		13.00	I186
RCL	M64, CL	10	10	2*p015+3*p05+1*p1+1*p2+1*p3+1*p4+1*p5	10	7.00	I86
RCL	M8, 0	11	11	1*p015+6*p05+1*p1+1*p2+1*p3+1*p4		13.00	I186
RCL	M8, CL	11	11	1*p015+6*p05+1*p1+1*p2+1*p3+1*p4	12	7.00	I86
RCL	R16, 0	6	6	2*p015+2*p05+1*p1+1*p5	3	10.00	I186
RCL	R16, CL	6	6	2*p015+2*p05+1*p1+1*p5	11	5.00	I86
RCL	R32, 0	6	6	2*p015+2*p05+1*p1+1*p5	3	10.00	I186
RCL	R32, CL	6	6	2*p015+2*p05+1*p1+1*p5	11	5.00	I86
RCL	R64, 0	6	6	2*p015+2*p05+1*p1+1*p5	3	10.00	I186
RCL	R64, CL	6	6	2*p015+2*p05+1*p1+1*p5	11	5.00	I86
RCL	R8h, 0	8	8	2*p015+5*p05+1*p1	6	10.00	I186
RCL	R8h, CL	8	8	2*p015+5*p05+1*p1	10	6.00	I86
RCL	R8l, CL	8	8	2*p015+5*p05+1*p1	10	6.00	I86
RCL	R8l, 1	2	2	1*p015+1*p05	2	1.00	I86
RCL	R8l, 0	8	8	2*p015+5*p05+1*p1	6	10.00	I186
RCL	R8l, I8	8	8	2*p015+5*p05+1*p1	10	6.00	I186
RCR	M16, 1	6	6	1*p015+2*p05+1*p2+1*p3+1*p4	7	2.00	I86
RCR	M16, I8	10	10	2*p015+3*p05+1*p1+1*p2+1*p3+1*p4+1*p5	10	6.00	I186
RCR	M32, 1	6	6	1*p015+2*p05+1*p2+1*p3+1*p4	7	1.42	I86
RCR	M32, I8	10	10	2*p015+3*p05+1*p1+1*p2+1*p3+1*p4+1*p5	10	6.00	I186
RCR	M64, 1	6	6	1*p015+2*p05+1*p2+1*p3+1*p4	7	1.42	I86
RCR	M64, I8	10	10	2*p015+3*p05+1*p1+1*p2+1*p3+1*p4+1*p5	10	6.00	I186
RCR	M8, 1	6	6	1*p015+2*p05+1*p2+1*p3+1*p4	7	2.48	I86
RCR	M8, I8	12	12	2*p015+5*p05+1*p1+1*p2+1*p3+1*p4+1*p5	11	7.00	I186
RCR	R16, 1	2	2	1*p015+1*p05	2	1.00	I86
RCR	R16, I8	6	6	2*p015+2*p05+1*p1+1*p5	11	5.00	I186
RCR	R32, 1	2	2	1*p015+1*p05	2	1.00	I86
RCR	R32, I8	6	6	2*p015+2*p05+1*p1+1*p5	11	5.00	I186
RCR	R64, 1	2	2	1*p015+1*p05	2	1.00	I86
RCR	R64, I8	6	6	2*p015+2*p05+1*p1+1*p5	11	5.00	I186
RCR	R8h, 1	2	2	1*p015+1*p05	2	1.00	I86
RCR	R8h, I8	9	9	3*p015+4*p05+1*p1+1*p5	10	6.00	I186
RCR	R8l, 0	9	9	3*p015+5*p05+1*p1	6	11.00	I186
RCR	R8l, I8	9	9	3*p015+5*p05+1*p1	10	6.00	I186
RCR	R8l, 1	2	2	1*p015+1*p05	2	1.00	I86
RDMSR		83	83	11*p0+6*p015+5*p05+23*p1+1*p2+37*p5		154.00	PENTIUMREAL
RDTSC		28	28	6*p0+4*p015+2*p05+4*p1+12*p5		64.00	PENTIUMREAL
RET	I16	17	17	5*p015+3*p05+2*p1+5*p2+4*p5		20.25	I86
ROL	M16, 1	4	4	1*p05+1*p2+1*p3+1*p4		1.00	I86
ROL	M16, I8	4	4	1*p05+1*p2+1*p3+1*p4		1.00	I186
ROL	M32, 1	4	4	1*p05+1*p2+1*p3+1*p4		1.00	I86
ROL	M32, I8	4	4	1*p05+1*p2+1*p3+1*p4		1.00	I186
ROL	M64, 1	4	4	1*p05+1*p2+1*p3+1*p4		1.02	I86
ROL	M64, I8	4	4	1*p05+1*p2+1*p3+1*p4		1.00	I186
ROL	M8, 1	4	4	1*p05+1*p2+1*p3+1*p4		1.95	I86
ROL	M8, I8	4	4	1*p05+1*p2+1*p3+1*p4		1.88	I186
ROL	R16, 1	1	1	1*p05	1	1.00	I86
ROL	R16, I8	1	1	1*p05	9	1.00	I186
ROL	R32, 1	1	1	1*p05	1	1.00	I86
ROL	R32, I8	1	1	1*p05	9	1.00	I186
ROL	R64, 1	1	1	1*p05	1	1.00	I86
ROL	R64, I8	1	1	1*p05	9	1.00	I186
ROL	R8h, 1	1	1	1*p05	1	1.00	I86
ROL	R8h, I8	1	1	1*p05	7	1.00	I186
ROL	R8l, 0	1	1	1*p05	1	1.00	I186
ROL	R8l, I8	1	1	1*p05	7	1.00	I186
ROL	R8l, 1	1	1	1*p05	1	1.00	I86
ROR	M16, 0	4	4	1*p05+1*p2+1*p3+1*p4		1.00	I186
ROR	M16, CL	4	4	1*p05+1*p2+1*p3+1*p4	7	1.00	I86
ROR	M32, 0	4	4	1*p05+1*p2+1*p3+1*p4		1.00	I186
ROR	M32, CL	4	4	1*p05+1*p2+1*p3+1*p4	7	1.00	I86
ROR	M64, 0	4	4	1*p05+1*p2+1*p3+1*p4		1.09	I186
ROR	M64, CL	4	4	1*p05+1*p2+1*p3+1*p4	7	1.00	I86
ROR	M8, 0	4	4	1*p05+1*p2+1*p3+1*p4		1.88	I186
ROR	M8, CL	4	4	1*p05+1*p2+1*p3+1*p4	7	2.00	I86
ROR	R16, 0	1	1	1*p05	1	1.00	I186
ROR	R16, CL	1	1	1*p05	9	1.00	I86
ROR	R32, 0	1	1	1*p05	1	1.00	I186
ROR	R32, CL	1	1	1*p05	9	1.00	I86
ROR	R64, 0	1	1	1*p05	1	1.00	I186
ROR	R64, CL	1	1	1*p05	9	1.00	I86
ROR	R8h, 0	1	1	1*p05	1	1.00	I186
ROR	R8h, CL	1	1	1*p05	7	1.00	I86
ROR	R8l, CL	1	1	1*p05	7	1.00	I86
ROR	R8l, 1	1	1	1*p05	1	1.00	I86
ROR	R8l, 0	1	1	1*p05	1	1.00	I186
ROR	R8l, I8	1	1	1*p05	7	1.00	I186
SAHF		1	1	1*p015	1	0.33	LAHF
SAR	M16, 1	4	4	1*p05+1*p2+1*p3+1*p4		1.00	I86
SAR	M16, I8	4	4	1*p05+1*p2+1*p3+1*p4		1.00	I186
SAR	M32, 1	4	4	1*p05+1*p2+1*p3+1*p4		1.00	I86
SAR	M32, I8	4	4	1*p05+1*p2+1*p3+1*p4		1.00	I186
SAR	M64, 1	4	4	1*p05+1*p2+1*p3+1*p4		1.00	I86
SAR	M64, I8	4	4	1*p05+1*p2+1*p3+1*p4		1.00	I186
SAR	M8, 1	4	4	1*p05+1*p2+1*p3+1*p4		1.95	I86
SAR	M8, I8	4	4	1*p05+1*p2+1*p3+1*p4		1.88	I186
SAR	R16, 1	1	1	1*p05	1	0.50	I86
SAR	R16, I8	1	1	1*p05	1	0.50	I186
SAR	R32, 1	1	1	1*p05	1	0.50	I86
SAR	R32, I8	1	1	1*p05	1	0.50	I186
SAR	R64, 1	1	1	1*p05	1	0.50	I86
SAR	R64, I8	1	1	1*p05	1	0.50	I186
SAR	R8h, 1	1	1	1*p05	1	0.50	I86
SAR	R8h, I8	1	1	1*p05	1	0.50	I186
SAR	R8l, 0	1	1	1*p05	1	0.50	I186
SAR	R8l, I8	1	1	1*p05	1	0.50	I186
SAR	R8l, 1	1	1	1*p05	1	0.50	I86
SBB	AL, 0	2	2	2*p015	2	1.00	I86
SBB	AX, I16	2	2	2*p015	2	2.00	I86
SBB	M16, 0	6	6	3*p015+1*p2+1*p3+1*p4	7	1.44	I86
SBB	M16, I8	6	6	3*p015+1*p2+1*p3+1*p4	7	1.44	I86
SBB	M32, 0	6	6	3*p015+1*p2+1*p3+1*p4	7	1.44	I86
SBB	M32, I8	6	6	3*p015+1*p2+1*p3+1*p4	7	1.44	I86
SBB	M64, 0	6	6	3*p015+1*p2+1*p3+1*p4	7	1.44	I86
SBB	M64, I8	6	6	3*p015+1*p2+1*p3+1*p4	7	1.44	I86
SBB	M8, 0	6	6	3*p015+1*p2+1*p3+1*p4	7	2.00	I86
SBB	M8, R8h	6	6	3*p015+1*p2+1*p3+1*p4	7	2.25	I86
SBB	R16, 0	2	2	2*p015	2	1.00	I86
SBB	R16, I8	2	2	2*p015	2	1.00	I86
SBB	R32, 0	2	2	2*p015	2	1.00	I86
SBB	R32, I8	2	2	2*p015	2	1.00	I86
SBB	R64, 0	2	2	2*p015	2	1.00	I86
SBB	R64, I8	2	2	2*p015	2	1.00	I86
SBB	R8h, 0	2	2	2*p015	2	1.00	I86
SBB	R8h, M8	3	3	2*p015+1*p2	2	1.00	I86
SBB	RAX, I32	2	2	2*p015	2	1.00	I86
SBB	R8h, R8l	2	2	2*p015	2	1.00	I86
SBB	R8l, R8l	2	2	2*p015	2	1.00	I86
SBB	R32, R32	2	2	2*p015	2	1.00	I86
SBB	R8h, R8h	2	2	2*p015	2	1.00	I86
SBB	R8l, R8h	2	2	2*p015	2	1.00	I86
SBB	R16, R16	2	2	2*p015	2	1.00	I86
SBB	R64, R64	2	2	2*p015	2	1.00	I86
SBB	M16, I16	9	9	2*p015+1*p05+1*p2+2*p3+1*p4+1*p5	30	21.00	lock I86
SBB	M16, R16	9	9	2*p015+1*p05+1*p2+2*p3+1*p4+1*p5	30	21.00	lock I86
SBB	M32, I32	9	9	2*p015+1*p05+1*p2+2*p3+1*p4+1*p5	30	21.00	lock I86
SBB	M32, R32	9	9	2*p015+1*p05+1*p2+2*p3+1*p4+1*p5	30	21.00	lock I86
SBB	M64, I32	9	9	2*p015+1*p05+1*p2+2*p3+1*p4+1*p5	30	21.00	lock I86
SBB	M64, R64	9	9	2*p015+1*p05+1*p2+2*p3+1*p4+1*p5	30	21.00	lock I86
SBB	M8, I8	9	9	2*p015+1*p05+1*p2+2*p3+1*p4+1*p5	30	21.00	lock I86
SBB	M8, R8l	9	9	2*p015+1*p05+1*p2+2*p3+1*p4+1*p5	30	21.00	lock I86
SBB	R8l, I8	2	2	2*p015	2	1.00	I86
REPE_SCASB		17	17	1*p0+5*p015+3*p05+2*p1+6*p5		19.00	I86
SCASD		4	4	2*p015+2*p2	2	2.00	I386
REPNE_SCASD		17	17	1*p0+5*p015+3*p05+2*p1+6*p5		19.00	I386
REPE_SCASW		17	17	1*p0+5*p015+3*p05+2*p1+6*p5		19.00	I86
SETB	M8	3	3	1*p015+1*p3+1*p4	6	1.00	I386
SETB	R8l	1	1	1*p015	1	1.00	I386
SETBE	R8h	1	1	1*p015	1	1.00	I386
SETL	M8	3	3	1*p015+1*p3+1*p4	6	1.00	I386
SETL	R8l	1	1	1*p015	1	1.00	I386
SETLE	R8h	1	1	1*p015	1	1.00	I386
SETNB	M8	3	3	1*p015+1*p3+1*p4	6	1.00	I386
SETNB	R8l	1	1	1*p015	1	1.00	I386
SETNBE	R8h	1	1	1*p015	1	1.00	I386
SETNL	M8	3	3	1*p015+1*p3+1*p4	6	1.00	I386
SETNL	R8l	1	1	1*p015	1	1.00	I386
SETNLE	R8h	1	1	1*p015	1	1.00	I386
SETNO	M8	3	3	1*p015+1*p3+1*p4	6	1.00	I386
SETNO	R8l	1	1	1*p015	1	1.00	I386
SETNP	R8h	1	1	1*p015	1	1.00	I386
SETNS	M8	3	3	1*p015+1*p3+1*p4	6	1.00	I386
SETNS	R8l	1	1	1*p015	1	1.00	I386
SETNZ	R8h	1	1	1*p015	1	1.00	I386
SETO	M8	3	3	1*p015+1*p3+1*p4	6	1.00	I386
SETO	R8l	1	1	1*p015	1	1.00	I386
SETP	R8h	1	1	1*p015	1	1.00	I386
SETS	M8	3	3	1*p015+1*p3+1*p4	6	1.00	I386
SETS	R8l	1	1	1*p015	1	1.00	I386
SETZ	R8h	1	1	1*p015	1	1.00	I386
SGDT	M80	8	8	1*p0+2*p2+2*p3+2*p4+1*p5		4.00	I286REAL
SHL	M16, 1	4	4	1*p05+1*p2+1*p3+1*p4		1.00	I86
SHL	M16, I8	4	4	1*p05+1*p2+1*p3+1*p4		1.00	I186
SHL	M32, 1	4	4	1*p05+1*p2+1*p3+1*p4		1.00	I86
SHL	M32, I8	4	4	1*p05+1*p2+1*p3+1*p4		1.00	I186
SHL	M64, 1	4	4	1*p05+1*p2+1*p3+1*p4		1.00	I86
SHL	M64, I8	4	4	1*p05+1*p2+1*p3+1*p4		1.00	I186
SHL	M8, 1	4	4	1*p05+1*p2+1*p3+1*p4		1.95	I86
SHL	M8, I8	4	4	1*p05+1*p2+1*p3+1*p4		1.88	I186
SHL	R16, 1	1	1	1*p05	1	0.50	I86
SHL	R16, I8	1	1	1*p05	1	0.50	I186
SHL	R32, 1	1	1	1*p05	1	0.50	I86
SHL	R32, I8	1	1	1*p05	1	0.50	I186
SHL	R64, 1	1	1	1*p05	1	0.50	I86
SHL	R64, I8	1	1	1*p05	1	0.50	I186
SHL	R8h, 1	1	1	1*p05	1	0.50	I86
SHL	R8h, I8	1	1	1*p05	1	0.50	I186
SHLD	M16, R16, 0	5	5	1*p015+1*p05+1*p2+1*p3+1*p4	5	2.43	I386
SHLD	M16, R16, I8	5	5	1*p015+1*p05+1*p2+1*p3+1*p4	9	2.43	I386
SHLD	M32, R32, CL	5	5	1*p015+1*p05+1*p2+1*p3+1*p4	9	2.00	I386
SHLD	M64, R64, 0	5	5	1*p015+1*p05+1*p2+1*p3+1*p4	5	1.02	I386
SHLD	M64, R64, I8	5	5	1*p015+1*p05+1*p2+1*p3+1*p4	9	1.02	I386
SHLD	R16, R16, CL	2	2	1*p015+1*p05	10	1.00	I386
SHLD	R32, R32, 0	2	2	1*p015+1*p05	2	1.00	I386
SHLD	R32, R32, I8	2	2	1*p015+1*p05	10	1.00	I386
SHLD	R64, R64, CL	2	2	1*p015+1*p05	10	1.00	I386
SHL	R8l, 0	1	1	1*p05	1	0.50	I186
SHL	R8l, I8	1	1	1*p05	1	0.50	I186
SHL	R8l, 1	1	1	1*p05	1	0.50	I86
SHR	M16, 0	4	4	1*p05+1*p2+1*p3+1*p4		1.00	I186
SHR	M16, CL	4	4	1*p05+1*p2+1*p3+1*p4	7	1.00	I86
SHR	M32, 0	4	4	1*p05+1*p2+1*p3+1*p4		1.00	I186
SHR	M32, CL	4	4	1*p05+1*p2+1*p3+1*p4	7	1.00	I86
SHR	M64, 0	4	4	1*p05+1*p2+1*p3+1*p4		1.00	I186
SHR	M64, CL	4	4	1*p05+1*p2+1*p3+1*p4	7	1.00	I86
SHR	M8, 0	4	4	1*p05+1*p2+1*p3+1*p4		1.88	I186
SHR	M8, CL	4	4	1*p05+1*p2+1*p3+1*p4	7	2.00	I86
SHR	R16, 0	1	1	1*p05	1	0.50	I186
SHR	R16, CL	1	1	1*p05	9	0.50	I86
SHR	R32, 0	1	1	1*p05	1	0.50	I186
SHR	R32, CL	1	1	1*p05	9	0.50	I86
SHR	R64, 0	1	1	1*p05	1	0.50	I186
SHR	R64, CL	1	1	1*p05	9	0.50	I86
SHR	R8h, 0	1	1	1*p05	1	0.50	I186
SHR	R8h, CL	1	1	1*p05	7	0.52	I86
SHR	R8l, CL	1	1	1*p05	7	0.50	I86
SHRD	M16, R16, CL	5	5	1*p015+1*p05+1*p2+1*p3+1*p4	9	2.00	I386
SHRD	M32, R32, 0	5	5	1*p015+1*p05+1*p2+1*p3+1*p4	5	1.02	I386
SHRD	M32, R32, I8	5	5	1*p015+1*p05+1*p2+1*p3+1*p4	9	1.02	I386
SHRD	M64, R64, CL	5	5	1*p015+1*p05+1*p2+1*p3+1*p4	9	2.00	I386
SHRD	R16, R16, 0	2	2	1*p015+1*p05	2	1.00	I386
SHRD	R16, R16, I8	2	2	1*p015+1*p05	10	1.00	I386
SHRD	R32, R32, CL	2	2	1*p015+1*p05	10	1.00	I386
SHRD	R64, R64, 0	2	2	1*p015+1*p05	2	1.00	I386
SHRD	R64, R64, I8	2	2	1*p015+1*p05	10	1.00	I386
SHR	R8l, 1	1	1	1*p05	1	0.50	I86
SHR	R8l, 0	1	1	1*p05	1	0.50	I186
SHR	R8l, I8	1	1	1*p05	1	0.50	I186
SLDT	M16	7	7	2*p0+1*p015+1*p2+1*p3+1*p4+1*p5		4.00	I286PROTECTED
SLDT	R32	4	4	2*p0+1*p015+1*p2		2.00	I286PROTECTED
SMSW	M16	6	6	1*p3+1*p4+4*p5		24.33	I286REAL
SMSW	R32	5	5	1*p015+1*p05+3*p5		24.00	I286REAL
STC		1	1	1*p015		0.33	I86
STI		19	19	2*p0+12*p015+1*p05+2*p1+2*p5		20.00	I86
REP_STOSB		23	23	7*p015+4*p05+4*p1+3*p3+3*p4+2*p5		12.00	I86
STOSD		4	4	1*p015+1*p2+1*p3+1*p4	0	1.09	I386
REP_STOSD		58	58	8*p015+9*p05+9*p1+13*p3+13*p4+6*p5		26.00	I386
REP_STOSW		58	58	8*p015+9*p05+9*p1+13*p3+13*p4+6*p5		26.00	I86
STR	M16	7	7	2*p0+1*p015+1*p2+1*p3+1*p4+1*p5		4.00	I286PROTECTED
STR	R32	4	4	2*p0+1*p015+1*p2		2.00	I286PROTECTED
SUB	AL, 0	1	1	1*p015	1	0.67	I86
SUB	AX, I16	1	1	1*p015	1	1.75	I86
SUB	M16, 0	4	4	1*p015+1*p2+1*p3+1*p4		1.00	I86
SUB	M16, I8	4	4	1*p015+1*p2+1*p3+1*p4		1.00	I86
SUB	M32, 0	4	4	1*p015+1*p2+1*p3+1*p4		1.00	I86
SUB	M32, I8	4	4	1*p015+1*p2+1*p3+1*p4		1.00	I86
SUB	M64, 0	4	4	1*p015+1*p2+1*p3+1*p4		1.00	I86
SUB	M64, I8	4	4	1*p015+1*p2+1*p3+1*p4		1.00	I86
SUB	M8, 0	4	4	1*p015+1*p2+1*p3+1*p4		2.00	I86
SUB	M8, R8h	4	4	1*p015+1*p2+1*p3+1*p4	5	2.00	I86
SUB	R16, 0	1	1	1*p015	1	0.33	I86
SUB	R16, I8	1	1	1*p015	1	0.33	I86
SUB	R32, 0	1	1	1*p015	1	0.33	I86
SUB	R32, I8	1	1	1*p015	1	0.33	I86
SUB	R64, 0	1	1	1*p015	1	0.33	I86
SUB	R64, I8	1	1	1*p015	1	0.33	I86
SUB	R8h, 0	1	1	1*p015	1	0.33	I86
SUB	R8h, M8	2	2	1*p015+1*p2	1	1.00	I86
SUB	RAX, I32	1	1	1*p015	1	0.67	I86
SUB	R8h, R8l	1	1	1*p015	1	0.33	I86
SUB	R8l, R8l	1	1	1*p015	1	0.33	I86
SUB	R32, R32	1	1	1*p015	1	0.33	I86
SUB	R8h, R8h	1	1	1*p015	1	0.33	I86
SUB	R8l, R8h	1	1	1*p015	1	0.42	I86
SUB	R16, R16	1	1	1*p015	1	0.33	I86
SUB	R64, R64	1	1	1*p015	1	0.33	I86
SUB	M16, I16	8	8	1*p015+1*p05+1*p2+2*p3+1*p4+1*p5		20.00	lock I86
SUB	M16, R16	7	7	1*p015+1*p05+1*p2+2*p3+1*p4	30	20.25	lock I86
SUB	M32, I32	8	8	1*p015+1*p05+1*p2+2*p3+1*p4+1*p5		20.00	lock I86
SUB	M32, R32	7	7	1*p015+1*p05+1*p2+2*p3+1*p4	30	20.25	lock I86
SUB	M64, I32	8	8	1*p015+1*p05+1*p2+2*p3+1*p4+1*p5		20.00	lock I86
SUB	M64, R64	7	7	1*p015+1*p05+1*p2+2*p3+1*p4	30	20.25	lock I86
SUB	M8, I8	8	8	1*p015+1*p05+1*p2+2*p3+1*p4+1*p5		20.15	lock I86
SUB	M8, R8l	7	7	1*p015+1*p05+1*p2+2*p3+1*p4	29	20.25	lock I86
SUB	R8l, I8	1	1	1*p015	1	0.33	I86
TEST	AL, I8	1	1	1*p015	1	0.33	I86
TEST	EAX, I32	1	1	1*p015	1	0.33	I86
TEST	M16, R16	2	2	1*p015+1*p2	1	1.00	I86
TEST	M32, R32	2	2	1*p015+1*p2	1	1.00	I86
TEST	M64, R64	2	2	1*p015+1*p2	1	1.00	I86
TEST	M8, I8	2	2	1*p015+1*p2		1.00	I86
TEST	M8, R8l	2	2	1*p015+1*p2	1	1.00	I86
TEST	R16, R16	1	1	1*p015	1	0.33	I86
TEST	R32, R32	1	1	1*p015	1	0.33	I86
TEST	R64, R64	1	1	1*p015	1	0.33	I86
TEST	R8h, I8	1	1	1*p015	1	0.33	I86
TEST	R8h, R8l	1	1	1*p015	1	0.33	I86
TEST	R8l, R8l	1	1	1*p015	1	0.33	I86
TEST	R8l, 0	1	1	1*p015	1	0.33	I86
VERR	R16	25	25	8*p0+6*p1+8*p2+8*p5	50	50.00	I286PROTECTED
VERW	R16	25	25	8*p0+5*p1+8*p2+8*p5	49	49.00	I286PROTECTED
WRMSR		100	100	15*p0+9*p015+10*p05+26*p1+1*p2+1*p3+1*p4+37*p5		155.00	PENTIUMREAL
XADD	M32, R32	6	6	2*p015+1*p2+1*p3+1*p4+1*p5	5	5.00	I486REAL
XADD	M8, R8h	6	6	2*p015+1*p2+1*p3+1*p4+1*p5	5	5.00	I486REAL
XADD	R16, R16	4	4	4*p015	3	1.33	I486REAL
XADD	R64, R64	4	4	4*p015	3	1.33	I486REAL
XADD	R8h, R8l	4	4	4*p015	3	1.50	I486REAL
XADD	R8l, R8l	4	4	4*p015	3	1.33	I486REAL
XADD	M32, R32	8	8	2*p015+1*p05+1*p2+2*p3+1*p4	29	20.00	lock I486REAL
XADD	M8, R8h	8	8	2*p015+1*p05+1*p2+2*p3+1*p4	29	20.00	lock I486REAL
XCHG	M16, R16	7	7	1*p015+1*p05+1*p2+2*p3+1*p4	27	18.25	I86
XCHG	M64, R64	7	7	1*p015+1*p05+1*p2+2*p3+1*p4	27	18.25	I86
XCHG	M8, R8l	7	7	1*p015+1*p05+1*p2+2*p3+1*p4	27	18.25	I86
XCHG	R16, R16	3	3	3*p015	2	1.00	I86
XCHG	R32, R32	3	3	3*p015	2	1.00	I86
XCHG	R64, RAX	3	3	3*p015	2	1.00	I86
XCHG	R8h, R8l	3	3	3*p015	2	1.00	I86
XCHG	R8l, R8l	3	3	3*p015	2	1.00	I86
XOR	AL, 0	1	1	1*p015	1	0.67	I86
XOR	AX, I16	1	1	1*p015	1	1.75	I86
XOR	M16, 0	4	4	1*p015+1*p2+1*p3+1*p4		1.00	I86
XOR	M16, I8	4	4	1*p015+1*p2+1*p3+1*p4		1.00	I86
XOR	M32, 0	4	4	1*p015+1*p2+1*p3+1*p4		1.06	I86
XOR	M32, I8	4	4	1*p015+1*p2+1*p3+1*p4		1.00	I86
XOR	M64, 0	4	4	1*p015+1*p2+1*p3+1*p4		1.00	I86
XOR	M64, I8	4	4	1*p015+1*p2+1*p3+1*p4		1.06	I86
XOR	M8, 0	4	4	1*p015+1*p2+1*p3+1*p4		2.00	I86
XOR	M8, R8h	4	4	1*p015+1*p2+1*p3+1*p4	5	2.00	I86
XOR	R16, 0	1	1	1*p015	1	0.33	I86
XOR	R16, I8	1	1	1*p015	1	0.33	I86
XOR	R32, 0	1	1	1*p015	1	0.33	I86
XOR	R32, I8	1	1	1*p015	1	0.33	I86
XOR	R64, 0	1	1	1*p015	1	0.33	I86
XOR	R64, I8	1	1	1*p015	1	0.33	I86
XOR	R8h, 0	1	1	1*p015	1	0.33	I86
XOR	R8h, M8	2	2	1*p015+1*p2	1	1.00	I86
XOR	RAX, I32	1	1	1*p015	1	0.67	I86
XOR	R8h, R8l	1	1	1*p015	1	0.33	I86
XOR	R8l, R8l	1	1	1*p015	1	0.33	I86
XOR	R32, R32	1	1	1*p015	1	0.33	I86
XOR	R8h, R8h	1	1	1*p015	1	0.33	I86
XOR	R8l, R8h	1	1	1*p015	1	0.42	I86
XOR	R16, R16	1	1	1*p015	1	0.33	I86
XOR	R64, R64	1	1	1*p015	1	0.33	I86
XOR	M16, I16	8	8	1*p015+1*p05+1*p2+2*p3+1*p4+1*p5		20.00	lock I86
XOR	M16, R16	7	7	1*p015+1*p05+1*p2+2*p3+1*p4	30	20.25	lock I86
XOR	M32, I32	8	8	1*p015+1*p05+1*p2+2*p3+1*p4+1*p5		20.00	lock I86
XOR	M32, R32	7	7	1*p015+1*p05+1*p2+2*p3+1*p4	30	20.25	lock I86
XOR	M64, I32	8	8	1*p015+1*p05+1*p2+2*p3+1*p4+1*p5		20.00	lock I86
XOR	M64, R64	7	7	1*p015+1*p05+1*p2+2*p3+1*p4	30	20.25	lock I86
XOR	M8, I8	8	8	1*p015+1*p05+1*p2+2*p3+1*p4+1*p5		20.00	lock I86
XOR	M8, R8l	7	7	1*p015+1*p05+1*p2+2*p3+1*p4	29	20.25	lock I86
XOR	R8l, I8	1	1	1*p015	1	0.33	I86
CLFLUSH	M512	4	4	1*p0+1*p3+1*p4+1*p5		46.78	CLFSH
CDQE		1	1	1*p015	1	1.00	LONGMODE
REPE_CMPSQ		17	17	1*p0+4*p015+3*p05+3*p1+6*p5		20.00	LONGMODE
CMPXCHG16B	M128	17	17	2*p0+11*p015+1*p2+1*p3+1*p4+1*p5	12	9.00	CMPXCHG16B
CQO		1	1	1*p05	1	1.00	LONGMODE
LODSQ		3	3	1*p015+2*p2		2.00	LONGMODE
REP_LODSQ		14	14	4*p015+5*p05+1*p1+4*p5		20.00	LONGMODE
REP_MOVSQ		77	77	3*p0+8*p015+10*p05+12*p1+12*p2+13*p3+13*p4+6*p5		30.00	LONGMODE
MOVSXD	R64, M32	2	2	1*p015+1*p2		1.00	LONGMODE
POPFQ		26	26	8*p015+5*p05+7*p1+1*p2+5*p5		21.00	LONGMODE
SCASQ		4	4	2*p015+2*p2	2	2.00	LONGMODE
REPNE_SCASQ		17	17	1*p0+5*p015+3*p05+2*p1+6*p5		19.00	LONGMODE
REP_STOSQ		58	58	8*p015+9*p05+9*p1+13*p3+13*p4+6*p5		26.00	LONGMODE
LZCNT	R16, M16	3	3	1*p015+1*p1+1*p2	1	1.00	LZCNT
LZCNT	R32, M32	3	3	1*p015+1*p1+1*p2	1	1.00	LZCNT
LZCNT	R64, M64	3	3	1*p015+1*p1+1*p2	1	1.00	LZCNT
EMMS		11	11	8*p015+1*p05+2*p1		6.00	PENTIUMMMX
MOVD	M32, MM	2	2	1*p3+1*p4	11	1.00	PENTIUMMMX
MOVD	MM, R32	1	1	1*p05	3	0.50	PENTIUMMMX
MOVNTQ	M64, MM	2	2	1*p3+1*p4	4	1.00	PENTIUMMMX
MOVQ	MM, M64	1	1	1*p2		1.00	PENTIUMMMX
MOVQ	R64, MM	1	1	1*p015	3	0.33	PENTIUMMMX
MOVQ	MM, MM	1	1	1*p015	1	0.33	PENTIUMMMX
PACKSSDW	MM, MM	1	1	1*p0	1	1.00	PENTIUMMMX
PACKSSWB	MM, MM	1	1	1*p0	1	1.00	PENTIUMMMX
PACKUSWB	MM, MM	1	1	1*p0	1	1.00	PENTIUMMMX
PADDB	MM, MM	1	1	1*p05	1	0.50	PENTIUMMMX
PADDD	MM, MM	1	1	1*p05	1	0.50	PENTIUMMMX
PADDQ	MM, MM	2	2	1*p0+1*p5	2	1.00	SSE2MMX
PADDSB	MM, MM	1	1	1*p05	1	0.50	PENTIUMMMX
PADDSW	MM, MM	1	1	1*p05	1	0.50	PENTIUMMMX
PADDUSB	MM, MM	1	1	1*p05	1	0.50	PENTIUMMMX
PADDUSW	MM, MM	1	1	1*p05	1	0.50	PENTIUMMMX
PADDW	MM, MM	1	1	1*p05	1	0.50	PENTIUMMMX
PAND	MM, MM	1	1	1*p015	1	0.33	PENTIUMMMX
PANDN	MM, MM	1	1	1*p015	1	0.33	PENTIUMMMX
PAVGB	MM, MM	1	1	1*p05	1	0.50	PENTIUMMMX
PAVGW	MM, MM	1	1	1*p05	1	0.50	PENTIUMMMX
PCMPEQB	MM, MM	1	1	1*p05	1	0.50	PENTIUMMMX
PCMPEQD	MM, MM	1	1	1*p05	1	0.50	PENTIUMMMX
PCMPEQW	MM, MM	1	1	1*p05	1	0.50	PENTIUMMMX
PCMPGTB	MM, MM	1	1	1*p05	1	0.50	PENTIUMMMX
PCMPGTD	MM, MM	1	1	1*p05	1	0.50	PENTIUMMMX
PCMPGTW	MM, MM	1	1	1*p05	1	0.50	PENTIUMMMX
PINSRW	MM, M16, I8	2	2	1*p2+1*p5	1	1.00	PENTIUMMMX
PMADDWD	MM, M64	2	2	1*p1+1*p2	3	1.00	PENTIUMMMX
PMAXSW	MM, M64	2	2	1*p05+1*p2	1	1.00	PENTIUMMMX
PMAXUB	MM, M64	2	2	1*p05+1*p2	1	1.00	PENTIUMMMX
PMINSW	MM, M64	2	2	1*p05+1*p2	1	1.00	PENTIUMMMX
PMINUB	MM, M64	2	2	1*p05+1*p2	1	1.00	PENTIUMMMX
PMULHW	MM, M64	2	2	1*p1+1*p2	3	1.00	PENTIUMMMX
PMULLW	MM, M64	2	2	1*p1+1*p2	3	1.00	PENTIUMMMX
POR	MM, M64	2	2	1*p015+1*p2	1	1.00	PENTIUMMMX
PSADBW	MM, M64	2	2	1*p1+1*p2	3	1.00	PENTIUMMMX
PSHUFW	MM, M64, I8	2	2	1*p2+1*p5		1.00	PENTIUMMMX
PSLLD	MM, I8	1	1	1*p0	1	1.00	PENTIUMMMX
PSLLD	MM, MM	1	1	1*p0	1	1.00	PENTIUMMMX
PSLLQ	MM, M64	2	2	1*p0+1*p2	1	1.00	PENTIUMMMX
PSLLW	MM, I8	1	1	1*p0	1	1.00	PENTIUMMMX
PSLLW	MM, MM	1	1	1*p0	1	1.00	PENTIUMMMX
PSRAD	MM, M64	2	2	1*p0+1*p2	1	1.00	PENTIUMMMX
PSRAW	MM, I8	1	1	1*p0	1	1.00	PENTIUMMMX
PSRAW	MM, MM	1	1	1*p0	1	1.00	PENTIUMMMX
PSRLD	MM, M64	2	2	1*p0+1*p2	1	1.00	PENTIUMMMX
PSRLQ	MM, I8	1	1	1*p0	1	1.00	PENTIUMMMX
PSRLQ	MM, MM	1	1	1*p0	1	1.00	PENTIUMMMX
PSRLW	MM, M64	2	2	1*p0+1*p2	1	1.00	PENTIUMMMX
PSUBB	MM, M64	2	2	1*p05+1*p2	1	1.00	PENTIUMMMX
PSUBD	MM, M64	2	2	1*p05+1*p2	1	1.00	PENTIUMMMX
PSUBSB	MM, M64	2	2	1*p05+1*p2	1	1.00	PENTIUMMMX
PSUBSW	MM, M64	2	2	1*p05+1*p2	1	1.00	PENTIUMMMX
PSUBUSB	MM, M64	2	2	1*p05+1*p2	1	1.00	PENTIUMMMX
PSUBUSW	MM, M64	2	2	1*p05+1*p2	1	1.00	PENTIUMMMX
PSUBW	MM, M64	2	2	1*p05+1*p2	1	1.00	PENTIUMMMX
PUNPCKHBW	MM, M64	2	2	1*p0+1*p2	1	1.00	PENTIUMMMX
PUNPCKHDQ	MM, M64	2	2	1*p0+1*p2	1	1.00	PENTIUMMMX
PUNPCKHWD	MM, M64	2	2	1*p0+1*p2	1	1.00	PENTIUMMMX
PUNPCKLBW	MM, M32	2	2	1*p0+1*p2	1	1.00	PENTIUMMMX
PUNPCKLDQ	MM, M32	2	2	1*p0+1*p2	1	1.00	PENTIUMMMX
PUNPCKLWD	MM, M32	2	2	1*p0+1*p2	1	1.00	PENTIUMMMX
PXOR	MM, M64	2	2	1*p015+1*p2	1	1.00	PENTIUMMMX
PAUSE		3	3	2*p015+1*p05		8.00	PAUSE
ADDPS	XMM, M128	2	2	1*p1+1*p2	3	1.00	SSE
ADDSS	XMM, M32	2	2	1*p1+1*p2	3	1.00	SSE
ANDNPS	XMM, M128	2	2	1*p015+1*p2	1	1.00	SSE
ANDPS	XMM, M128	2	2	1*p015+1*p2	1	1.00	SSE
CMPPS	XMM, M128, I8	2	2	1*p1+1*p2	3	1.00	SSE
CMPSS	XMM, M32, I8	2	2	1*p1+1*p2	3	1.00	SSE
COMISS	XMM, M32	2	2	1*p1+1*p2	4	1.00	SSE
CVTPI2PS	XMM, M64	2	2	1*p1+1*p2	3	1.00	SSE
CVTPS2PI	MM, M64	2	2	1*p1+1*p2		1.00	SSE
CVTSI2SS	XMM, M32	2	2	1*p1+1*p2	3	1.00	SSE
CVTSI2SS	XMM, R32	1	1	1*p1	3	1.00	SSE
CVTSS2SI	R32, M32	2	2	1*p1+1*p2		1.00	SSE
CVTSS2SI	R64, M32	3	3	1*p0+1*p1+1*p2		1.00	SSE
CVTTPS2PI	MM, M64	2	2	1*p1+1*p2		1.00	SSE
CVTTSS2SI	R32, M32	2	2	1*p1+1*p2		1.00	SSE
CVTTSS2SI	R64, M32	3	3	1*p0+1*p1+1*p2		1.00	SSE
DIVPS	XMM, M128	2	2	1*p0+1*p2		5.00	SSE
DIVSS	XMM, M32	2	2	1*p0+1*p2		5.00	SSE
FXSAVE	M4096	153	153	16*p0+4*p015+1*p05+18*p1+8*p2+38*p3+38*p4+30*p5		134.00	FXSAVE
LDMXCSR	M32	13	13	1*p0+6*p015+1*p1+1*p2+4*p5		38.00	SSEMXCSR
MAXPS	XMM, XMM	1	1	1*p1	3	1.00	SSE
MAXSS	XMM, XMM	1	1	1*p1	3	1.00	SSE
MINPS	XMM, XMM	1	1	1*p1	3	1.00	SSE
MINSS	XMM, XMM	1	1	1*p1	3	1.00	SSE
MOVAPS	XMM, M128	1	1	1*p2		1.00	SSE
MOVAPS	XMM, XMM	1	1	1*p015	1	0.33	SSE
MOVHPS	M64, XMM	3	3	1*p0+1*p3+1*p4	6	1.00	SSE
MOVLHPS	XMM, XMM	1	1	1*p0	1	1.00	SSE
MOVLPS	XMM, M64	2	2	1*p1+1*p2	1	1.00	SSE
MOVNTPS	M128, XMM	2	2	1*p3+1*p4	6	1.00	SSE
MOVSS	XMM, M32	1	1	1*p2		1.00	SSE
MOVSS	XMM, XMM	1	1	1*p015	1	0.33	SSE
MOVUPS	XMM, M128	4	4	1*p0+1*p1+2*p2		2.00	SSE
MOVUPS	XMM, XMM	1	1	1*p015	1	0.33	SSE
MULPS	XMM, XMM	1	1	1*p0	4	1.00	SSE
MULSS	XMM, XMM	1	1	1*p0	4	1.00	SSE
ORPS	XMM, XMM	1	1	1*p015	1	0.33	SSE
PMULHUW	MM, M64	2	2	1*p1+1*p2	3	1.00	PENTIUMMMX
PREFETCHNTA	M512	1	1	1*p2		1.00	SSE_PREFETCH
PREFETCHT1	M512	1	1	1*p2		1.07	SSE_PREFETCH
RCPPS	XMM, M128	2	2	1*p1+1*p2		2.12	SSE
RCPSS	XMM, M32	2	2	1*p1+1*p2	3	2.00	SSE
RSQRTPS	XMM, M128	2	2	1*p1+1*p2		2.12	SSE
RSQRTSS	XMM, M32	2	2	1*p1+1*p2		2.00	SSE
SFENCE		2	2	1*p3+1*p4		9.00	SSE
SHUFPS	XMM, XMM, I8	3	3	1*p0+1*p1+1*p5	4	1.00	SSE
SQRTPS	XMM, XMM	1	1	1*p0		5.02	SSE
SQRTSS	XMM, XMM	1	1	1*p0		5.00	SSE
SUBPS	XMM, M128	2	2	1*p1+1*p2	3	1.00	SSE
SUBSS	XMM, M32	2	2	1*p1+1*p2	3	1.00	SSE
UCOMISS	XMM, M32	2	2	1*p1+1*p2	4	1.00	SSE
UNPCKHPS	XMM, M128	4	4	1*p0+1*p1+1*p2+1*p5	2	1.00	SSE
UNPCKLPS	XMM, M128	4	4	1*p0+1*p1+1*p2+1*p5	2	1.00	SSE
XORPS	XMM, M128	2	2	1*p015+1*p2	1	1.00	SSE
ADDPD	XMM, M128	2	2	1*p1+1*p2	3	1.00	SSE2
ADDSD	XMM, M64	2	2	1*p1+1*p2	3	1.00	SSE2
ANDNPD	XMM, M128	2	2	1*p015+1*p2	1	1.00	SSE2
ANDPD	XMM, M128	2	2	1*p015+1*p2	1	1.00	SSE2
CMPPD	XMM, M128, I8	2	2	1*p1+1*p2	3	1.00	SSE2
CMPSD	XMM, M64, I8	2	2	1*p1+1*p2	3	1.00	SSE2
COMISD	XMM, M64	2	2	1*p1+1*p2	4	1.00	SSE2
CVTDQ2PD	XMM, M64	3	3	1*p0+1*p1+1*p2		1.00	SSE2
CVTDQ2PS	XMM, M128	2	2	1*p1+1*p2		1.00	SSE2
CVTPD2DQ	XMM, M128	3	3	1*p0+1*p1+1*p2		1.00	SSE2
CVTPD2PI	MM, M128	3	3	1*p0+1*p1+1*p2		1.00	SSE2
CVTPD2PS	XMM, M128	3	3	1*p0+1*p1+1*p2		1.00	SSE2
CVTPI2PD	XMM, M64	3	3	1*p0+1*p1+1*p2		1.00	SSE2
CVTPS2DQ	XMM, M128	2	2	1*p1+1*p2		1.00	SSE2
CVTPS2PD	XMM, M64	3	3	2*p0+1*p2		2.00	SSE2
CVTSD2SI	R32, M64	2	2	1*p1+1*p2		1.00	SSE2
CVTSD2SI	R64, M64	2	2	1*p1+1*p2		1.00	SSE2
CVTSD2SS	XMM, M64	3	3	1*p0+1*p1+1*p2	1	1.00	SSE2
CVTSI2SD	XMM, M32	2	2	1*p1+1*p2	3	1.00	SSE2
CVTSI2SD	XMM, R32	2	2	1*p0+1*p1	4	1.00	SSE2
CVTSS2SD	XMM, M32	3	3	2*p0+1*p2	1	2.00	SSE2
CVTTPD2DQ	XMM, M128	3	3	1*p0+1*p1+1*p2		1.00	SSE2
CVTTPD2PI	MM, M128	3	3	1*p0+1*p1+1*p2		1.00	SSE2
CVTTPS2DQ	XMM, M128	2	2	1*p1+1*p2		1.00	SSE2
CVTTSD2SI	R32, M64	2	2	1*p1+1*p2		1.00	SSE2
CVTTSD2SI	R64, M64	2	2	1*p1+1*p2		1.00	SSE2
DIVPD	XMM, M128	2	2	1*p0+1*p2		5.00	SSE2
DIVSD	XMM, M64	2	2	1*p0+1*p2		5.00	SSE2
LFENCE		2	2	2*p015		8.00	SSE2
MAXPD	XMM, M128	2	2	1*p1+1*p2	3	1.00	SSE2
MAXSD	XMM, M64	2	2	1*p1+1*p2	3	1.00	SSE2
MFENCE		2	2	1*p3+1*p4		6.00	SSE2
MINPD	XMM, XMM	1	1	1*p1	3	1.00	SSE2
MINSD	XMM, XMM	1	1	1*p1	3	1.00	SSE2
MOVAPD	XMM, M128	1	1	1*p2		1.00	SSE2
MOVAPD	XMM, XMM	1	1	1*p015	1	0.33	SSE2
MOVD	R32, XMM	1	1	1*p015	3	0.33	SSE2
MOVD	XMM, R32	1	1	1*p05	3	0.50	SSE2
MOVDQA	M128, XMM	2	2	1*p3+1*p4	6	1.00	SSE2
MOVDQA	XMM, XMM	1	1	1*p015	1	0.33	SSE2
MOVDQU	M128, XMM	9	9	2*p0+1*p015+1*p05+1*p2+2*p3+2*p4	7	4.00	SSE2
MOVDQU	XMM, XMM	1	1	1*p015	1	0.33	SSE2
MOVHPD	M64, XMM	3	3	1*p0+1*p3+1*p4	6	1.00	SSE2
MOVLPD	M64, XMM	2	2	1*p3+1*p4	4	1.00	SSE2
MOVMSKPD	R32, XMM	1	1	1*p0	3	1.00	SSE2
MOVNTI	M32, R32	2	2	1*p3+1*p4	4	1.00	SSE2
MOVNTPD	M128, XMM	2	2	1*p3+1*p4	6	1.00	SSE2
MOVQ	R64, XMM	1	1	1*p015	3	0.33	SSE2
MOVQ	XMM, R64	1	1	1*p05	3	0.50	SSE2
MOVQ	XMM, XMM	1	1	1*p015	1	0.33	SSE2
MOVSD	M64, XMM	2	2	1*p3+1*p4	4	1.00	SSE2
MOVSD	XMM, XMM	1	1	1*p015	1	0.33	SSE2
MOVUPD	M128, XMM	9	9	2*p0+1*p015+1*p05+1*p2+2*p3+2*p4	7	4.00	SSE2
MOVUPD	XMM, XMM	1	1	1*p015	1	0.33	SSE2
MULPD	XMM, M128	2	2	1*p0+1*p2	5	1.00	SSE2
MULSD	XMM, M64	2	2	1*p0+1*p2	5	1.00	SSE2
ORPD	XMM, M128	2	2	1*p015+1*p2	1	1.00	SSE2
PACKSSDW	XMM, M128	4	4	2*p0+1*p1+1*p2	4	2.00	SSE2
PACKSSWB	XMM, M128	4	4	2*p0+1*p1+1*p2	4	2.00	SSE2
PACKUSWB	XMM, M128	4	4	2*p0+1*p1+1*p2	4	2.00	SSE2
PADDB	XMM, M128	2	2	1*p05+1*p2	1	1.00	SSE2
PADDD	XMM, M128	2	2	1*p05+1*p2	1	1.00	SSE2
PADDQ	XMM, M128	3	3	1*p0+1*p2+1*p5	2	1.00	SSE2
PADDSB	XMM, M128	2	2	1*p05+1*p2	1	1.00	SSE2
PADDSW	XMM, M128	2	2	1*p05+1*p2	1	1.00	SSE2
PADDUSB	XMM, M128	2	2	1*p05+1*p2	1	1.00	SSE2
PADDUSW	XMM, M128	2	2	1*p05+1*p2	1	1.00	SSE2
PADDW	XMM, M128	2	2	1*p05+1*p2	1	1.00	SSE2
PAND	XMM, M128	2	2	1*p015+1*p2	1	1.00	SSE2
PANDN	XMM, M128	2	2	1*p015+1*p2	1	1.00	SSE2
PAVGB	XMM, M128	2	2	1*p05+1*p2	1	1.00	SSE2
PAVGW	XMM, M128	2	2	1*p05+1*p2	1	1.00	SSE2
PCMPEQB	XMM, M128	2	2	1*p05+1*p2	1	1.00	SSE2
PCMPEQD	XMM, M128	2	2	1*p05+1*p2	1	1.00	SSE2
PCMPEQW	XMM, M128	2	2	1*p05+1*p2	1	1.00	SSE2
PCMPGTB	XMM, M128	2	2	1*p05+1*p2	1	1.00	SSE2
PCMPGTD	XMM, M128	2	2	1*p05+1*p2	1	1.00	SSE2
PCMPGTW	XMM, M128	2	2	1*p05+1*p2	1	1.00	SSE2
PEXTRW	R32, XMM, I8	3	3	1*p0+1*p015+1*p5	6	1.16	SSE2
PINSRW	XMM, R32, I8	3	3	1*p0+1*p05+1*p5	7	1.50	SSE2
PMADDWD	XMM, XMM	1	1	1*p1	3	1.00	SSE2
PMAXSW	XMM, XMM	1	1	1*p05	1	0.50	SSE2
PMAXUB	XMM, XMM	1	1	1*p05	1	0.50	SSE2
PMINSW	XMM, XMM	1	1	1*p05	1	0.50	SSE2
PMINUB	XMM, XMM	1	1	1*p05	1	0.50	SSE2
PMULHUW	XMM, M128	2	2	1*p1+1*p2	3	1.00	SSE2
PMULHW	XMM, M128	2	2	1*p1+1*p2	3	1.00	SSE2
PMULLW	XMM, M128	2	2	1*p1+1*p2	3	1.00	SSE2
PMULUDQ	MM, M64	2	2	1*p1+1*p2	3	1.00	SSE2MMX
PMULUDQ	XMM, M128	2	2	1*p1+1*p2	3	1.00	SSE2
POR	XMM, M128	2	2	1*p015+1*p2	1	1.00	SSE2
PSADBW	XMM, M128	2	2	1*p1+1*p2	3	1.00	SSE2
PSHUFD	XMM, M128, I8	3	3	1*p0+1*p2+1*p5		1.00	SSE2
PSHUFHW	XMM, M128, I8	2	2	1*p2+1*p5		1.00	SSE2
PSHUFLW	XMM, M128, I8	2	2	1*p2+1*p5		1.00	SSE2
PSLLD	XMM, I8	1	1	1*p0	1	1.00	SSE2
PSLLD	XMM, XMM	2	2	1*p0+1*p1	2	1.00	SSE2
PSLLQ	XMM, I8	1	1	1*p0	1	1.00	SSE2
PSLLQ	XMM, XMM	2	2	1*p0+1*p1	2	1.00	SSE2
PSLLW	XMM, M128	3	3	1*p0+1*p1+1*p2	1	1.00	SSE2
PSRAD	XMM, I8	1	1	1*p0	1	1.00	SSE2
PSRAD	XMM, XMM	2	2	1*p0+1*p1	2	1.00	SSE2
PSRAW	XMM, M128	3	3	1*p0+1*p1+1*p2	1	1.00	SSE2
PSRLD	XMM, I8	1	1	1*p0	1	1.00	SSE2
PSRLD	XMM, XMM	2	2	1*p0+1*p1	2	1.00	SSE2
PSRLQ	XMM, I8	1	1	1*p0	1	1.00	SSE2
PSRLQ	XMM, XMM	2	2	1*p0+1*p1	2	1.00	SSE2
PSRLW	XMM, M128	3	3	1*p0+1*p1+1*p2	1	1.00	SSE2
PSUBB	XMM, M128	2	2	1*p05+1*p2	1	1.00	SSE2
PSUBD	XMM, M128	2	2	1*p05+1*p2	1	1.00	SSE2
PSUBQ	MM, M64	3	3	1*p0+1*p2+1*p5	2	1.00	SSE2MMX
PSUBQ	XMM, M128	3	3	1*p0+1*p2+1*p5	2	1.00	SSE2
PSUBSB	XMM, M128	2	2	1*p05+1*p2	1	1.00	SSE2
PSUBSW	XMM, M128	2	2	1*p05+1*p2	1	1.00	SSE2
PSUBUSB	XMM, M128	2	2	1*p05+1*p2	1	1.00	SSE2
PSUBUSW	XMM, M128	2	2	1*p05+1*p2	1	1.00	SSE2
PSUBW	XMM, M128	2	2	1*p05+1*p2	1	1.00	SSE2
PUNPCKHBW	XMM, M128	4	4	2*p0+1*p1+1*p2	2	2.00	SSE2
PUNPCKHDQ	XMM, M128	4	4	2*p0+1*p1+1*p2	2	2.00	SSE2
PUNPCKHQDQ	XMM, M128	2	2	1*p1+1*p2	1	1.00	SSE2
PUNPCKHWD	XMM, M128	4	4	2*p0+1*p1+1*p2	2	2.00	SSE2
PUNPCKLBW	XMM, M128	4	4	2*p0+1*p1+1*p2	2	2.00	SSE2
PUNPCKLDQ	XMM, M128	4	4	2*p0+1*p1+1*p2	2	2.00	SSE2
PUNPCKLQDQ	XMM, M128	2	2	1*p1+1*p2	1	1.00	SSE2
PUNPCKLWD	XMM, M128	4	4	2*p0+1*p1+1*p2	2	2.00	SSE2
PXOR	XMM, M128	2	2	1*p015+1*p2	1	1.00	SSE2
SHUFPD	XMM, M128, I8	2	2	1*p0+1*p2	1	1.00	SSE2
SQRTPD	XMM, M128	2	2	1*p0+1*p2		5.11	SSE2
SQRTSD	XMM, M64	2	2	1*p0+1*p2		5.00	SSE2
SUBPD	XMM, M128	2	2	1*p1+1*p2	3	1.00	SSE2
SUBSD	XMM, M64	2	2	1*p1+1*p2	3	1.00	SSE2
UCOMISD	XMM, M64	2	2	1*p1+1*p2	4	1.00	SSE2
UNPCKHPD	XMM, M128	2	2	1*p0+1*p2	1	1.00	SSE2
UNPCKLPD	XMM, M128	2	2	1*p0+1*p2	1	1.00	SSE2
XORPD	XMM, M128	2	2	1*p015+1*p2	1	1.00	SSE2
ADDSUBPD	XMM, M128	2	2	1*p1+1*p2	3	1.00	SSE3
ADDSUBPS	XMM, M128	2	2	1*p1+1*p2	3	1.00	SSE3
HADDPD	XMM, XMM	3	3	2*p0+1*p1	5	2.00	SSE3
HADDPS	XMM, XMM	6	6	2*p0+1*p1+3*p5	9	3.00	SSE3
HSUBPD	XMM, XMM	3	3	2*p0+1*p1	5	2.00	SSE3
HSUBPS	XMM, XMM	6	6	2*p0+1*p1+3*p5	9	3.00	SSE3
MOVDDUP	XMM, M64	2	2	1*p0+1*p2		1.00	SSE3
MOVSHDUP	XMM, M128	2	2	1*p2+1*p5		1.00	SSE3
MOVSLDUP	XMM, M128	2	2	1*p2+1*p5		1.00	SSE3
PABSB	MM, M64	2	2	1*p05+1*p2		1.00	SSSE3MMX
PABSB	XMM, M128	2	2	1*p05+1*p2		1.00	SSSE3
PABSD	MM, M64	2	2	1*p05+1*p2		1.00	SSSE3MMX
PABSD	XMM, M128	2	2	1*p05+1*p2		1.00	SSSE3
PABSW	MM, M64	2	2	1*p05+1*p2		1.00	SSSE3MMX
PABSW	XMM, M128	2	2	1*p05+1*p2		1.00	SSSE3
PALIGNR	MM, M64, I8	3	3	1*p0+1*p05+1*p2	2	1.00	SSSE3MMX
PALIGNR	XMM, M128, I8	3	3	1*p0+1*p1+1*p2	2	1.00	SSSE3
PHADDD	MM, M64	4	4	1*p05+1*p2+2*p5	3	2.00	SSSE3MMX
PHADDD	XMM, M128	6	6	1*p05+2*p1+1*p2+2*p5	5	3.00	SSSE3
PHADDSW	MM, M64	6	6	1*p05+1*p2+4*p5	4	4.00	SSSE3MMX
PHADDSW	XMM, M128	8	8	1*p05+2*p1+1*p2+4*p5	6	4.00	SSSE3
PHADDW	MM, M64	6	6	1*p05+1*p2+4*p5	4	4.00	SSSE3MMX
PHADDW	XMM, M128	8	8	1*p05+2*p1+1*p2+4*p5	6	4.00	SSSE3
PHSUBD	MM, M64	4	4	1*p05+1*p2+2*p5	3	2.00	SSSE3MMX
PHSUBD	XMM, M128	6	6	1*p05+2*p1+1*p2+2*p5	5	3.00	SSSE3
PHSUBSW	MM, M64	6	6	1*p05+1*p2+4*p5	4	4.00	SSSE3MMX
PHSUBSW	XMM, M128	8	8	1*p05+2*p1+1*p2+4*p5	6	4.00	SSSE3
PHSUBW	MM, M64	6	6	1*p05+1*p2+4*p5	4	4.00	SSSE3MMX
PHSUBW	XMM, M128	8	8	1*p05+2*p1+1*p2+4*p5	6	4.00	SSSE3
PMADDUBSW	MM, M64	2	2	1*p1+1*p2	3	1.00	SSSE3MMX
PMADDUBSW	XMM, M128	2	2	1*p1+1*p2	3	1.00	SSSE3
PMULHRSW	MM, M64	2	2	1*p1+1*p2	3	1.00	SSSE3MMX
PMULHRSW	XMM, M128	2	2	1*p1+1*p2	3	1.00	SSSE3
PSHUFB	MM, M64	2	2	1*p2+1*p5	1	1.00	SSSE3MMX
PSHUFB	XMM, M128	5	5	1*p015+1*p1+1*p2+2*p5	3	3.00	SSSE3
PSIGNB	MM, M64	2	2	1*p05+1*p2	1	1.00	SSSE3MMX
PSIGNB	XMM, M128	2	2	1*p05+1*p2	1	1.00	SSSE3
PSIGND	MM, M64	2	2	1*p05+1*p2	1	1.00	SSSE3MMX
PSIGND	XMM, M128	2	2	1*p05+1*p2	1	1.00	SSSE3
PSIGNW	MM, M64	2	2	1*p05+1*p2	1	1.00	SSSE3MMX
PSIGNW	XMM, M128	2	2	1*p05+1*p2	1	1.00	SSSE3
