;Intel Haswell (4th gen Core)
;Instruction timings and µop breakdown, generated from uops.info instructions.xml (2026-03-29).
;Columns: Instruction<TAB>operands<TAB>µOps-fused<TAB>µOps-unfused<TAB>ports<TAB>latency<TAB>throughput<TAB>remark
PREFETCHW	M512	1	0			0.25	PREFETCH_NOP
AESDEC	XMM, M128	2	2	1*p23+1*p5	7	1.00	AES
AESDECLAST	XMM, M128	2	2	1*p23+1*p5	7	1.00	AES
AESENC	XMM, M128	2	2	1*p23+1*p5	7	1.00	AES
AESENCLAST	XMM, M128	2	2	1*p23+1*p5	7	1.00	AES
AESIMC	XMM, M128	3	3	1*p23+2*p5		2.00	AES
AESKEYGENASSIST	XMM, M128, I8	10	10	2*p0+1*p23+7*p5		7.84	AES
VADDPD	XMM, XMM, M128	1	2	1*p1+1*p23	3	1.00	AVX
VADDPD	YMM, YMM, M256	1	2	1*p1+1*p23	3	1.00	AVX
VADDPS	XMM, XMM, M128	1	2	1*p1+1*p23	3	1.00	AVX
VADDPS	YMM, YMM, M256	1	2	1*p1+1*p23	3	1.00	AVX
VADDSD	XMM, XMM, M64	1	2	1*p1+1*p23	3	1.00	AVX
VADDSS	XMM, XMM, M32	1	2	1*p1+1*p23	3	1.00	AVX
VADDSUBPD	XMM, XMM, M128	1	2	1*p1+1*p23	3	1.00	AVX
VADDSUBPD	YMM, YMM, M256	1	2	1*p1+1*p23	3	1.00	AVX
VADDSUBPS	XMM, XMM, M128	1	2	1*p1+1*p23	3	1.00	AVX
VADDSUBPS	YMM, YMM, M256	1	2	1*p1+1*p23	3	1.00	AVX
VANDNPD	XMM, XMM, M128	1	2	1*p23+1*p5	1	1.00	AVX
VANDNPD	YMM, YMM, M256	1	2	1*p23+1*p5	1	1.00	AVX
VANDNPS	XMM, XMM, M128	1	2	1*p23+1*p5	1	1.00	AVX
VANDNPS	YMM, YMM, M256	1	2	1*p23+1*p5	1	1.00	AVX
VANDPD	XMM, XMM, M128	1	2	1*p23+1*p5	1	1.00	AVX
VANDPD	YMM, YMM, M256	1	2	1*p23+1*p5	1	1.00	AVX
VANDPS	XMM, XMM, M128	1	2	1*p23+1*p5	1	1.00	AVX
VANDPS	YMM, YMM, M256	1	2	1*p23+1*p5	1	1.00	AVX
VBLENDPD	XMM, XMM, M128, I8	2	2	1*p015+1*p23	1	1.00	AVX
VBLENDPD	YMM, YMM, M256, I8	2	2	1*p015+1*p23	1	0.98	AVX
VBLENDPS	XMM, XMM, M128, I8	2	2	1*p015+1*p23	1	1.00	AVX
VBLENDPS	YMM, YMM, M256, I8	2	2	1*p015+1*p23	1	0.98	AVX
VBLENDVPD	XMM, XMM, M128, XMM	3	3	1*p23+2*p5	2	2.00	AVX
VBLENDVPD	YMM, YMM, M256, YMM	3	3	1*p23+2*p5	2	2.00	AVX
VBLENDVPS	XMM, XMM, M128, XMM	3	3	1*p23+2*p5	2	2.00	AVX
VBLENDVPS	YMM, YMM, M256, YMM	3	3	1*p23+2*p5	2	2.00	AVX
VBROADCASTF128	YMM, M128	1	1	1*p23		0.50	AVX
VBROADCASTSS	XMM, M32	1	1	1*p23		0.50	AVX
VCMPPD	XMM, XMM, M128, I8	2	2	1*p1+1*p23	3	1.00	AVX
VCMPPD	YMM, YMM, M256, I8	2	2	1*p1+1*p23	3	1.00	AVX
VCMPPS	XMM, XMM, M128, I8	2	2	1*p1+1*p23	3	1.00	AVX
VCMPPS	YMM, YMM, M256, I8	2	2	1*p1+1*p23	3	1.00	AVX
VCMPSD	XMM, XMM, M64, I8	2	2	1*p1+1*p23	3	1.00	AVX
VCMPSS	XMM, XMM, M32, I8	2	2	1*p1+1*p23	3	1.00	AVX
VCOMISD	XMM, M64	2	2	1*p1+1*p23	3	1.00	AVX
VCOMISS	XMM, M32	2	2	1*p1+1*p23	3	1.00	AVX
VCVTDQ2PD	XMM, M64	2	2	1*p1+1*p23		1.00	AVX
VCVTDQ2PD	YMM, M128	2	2	1*p1+1*p23		1.00	AVX
VCVTDQ2PS	XMM, M128	1	2	1*p1+1*p23		1.00	AVX
VCVTDQ2PS	YMM, M256	1	2	1*p1+1*p23		1.00	AVX
VCVTPD2DQ	XMM, M128	2	3	1*p1+1*p23+1*p5		1.00	AVX
VCVTPD2DQ	XMM, XMM	2	2	1*p1+1*p5	4	1.00	AVX
VCVTPD2PS	XMM, M128	2	3	1*p1+1*p23+1*p5		1.00	AVX
VCVTPD2PS	XMM, XMM	2	2	1*p1+1*p5	4	1.00	AVX
VCVTPS2DQ	XMM, M128	1	2	1*p1+1*p23		1.00	AVX
VCVTPS2DQ	YMM, M256	1	2	1*p1+1*p23		1.00	AVX
VCVTPS2PD	XMM, M64	2	2	1*p0+1*p23		1.00	AVX
VCVTPS2PD	YMM, M128	2	2	1*p0+1*p23		1.00	AVX
VCVTSD2SI	R32, M64	2	3	1*p0+1*p1+1*p23		1.00	AVX
VCVTSD2SI	R64, M64	2	3	1*p0+1*p1+1*p23		1.00	AVX
VCVTSD2SS	XMM, XMM, M64	2	3	1*p1+1*p23+1*p5	1	1.00	AVX
VCVTSI2SD	XMM, XMM, M32	2	2	1*p1+1*p23	3	1.00	AVX
VCVTSI2SD	XMM, XMM, R32	2	2	1*p1+1*p5	4	1.00	AVX
VCVTSI2SS	XMM, XMM, M32	1	2	1*p1+1*p23	3	1.00	AVX
VCVTSI2SS	XMM, XMM, R32	2	2	1*p1+1*p5	4	1.00	AVX
VCVTSS2SD	XMM, XMM, M32	2	2	1*p0+1*p23	1	1.00	AVX
VCVTSS2SI	R32, M32	2	3	1*p0+1*p1+1*p23		1.00	AVX
VCVTSS2SI	R64, M32	2	3	1*p0+1*p1+1*p23		1.00	AVX
VCVTTPD2DQ	XMM, M128	2	3	1*p1+1*p23+1*p5		1.00	AVX
VCVTTPD2DQ	XMM, XMM	2	2	1*p1+1*p5	4	1.00	AVX
VCVTTPS2DQ	XMM, M128	1	2	1*p1+1*p23		1.00	AVX
VCVTTPS2DQ	YMM, M256	1	2	1*p1+1*p23		1.00	AVX
VCVTTSD2SI	R32, M64	2	3	1*p0+1*p1+1*p23		1.00	AVX
VCVTTSD2SI	R64, M64	2	3	1*p0+1*p1+1*p23		1.00	AVX
VCVTTSS2SI	R32, M32	2	3	1*p0+1*p1+1*p23		1.00	AVX
VCVTTSS2SI	R64, M32	2	3	1*p0+1*p1+1*p23		1.00	AVX
VDIVPD	XMM, XMM, M128	1	2	1*p0+1*p23		8.00	AVX
VDIVPD	YMM, YMM, M256	4	4	2*p0+1*p015+1*p23		16.48	AVX
VDIVPS	XMM, XMM, M128	1	2	1*p0+1*p23		7.00	AVX
VDIVPS	YMM, YMM, M256	4	4	2*p0+1*p015+1*p23		14.11	AVX
VDIVSD	XMM, XMM, M64	1	2	1*p0+1*p23		8.00	AVX
VDIVSS	XMM, XMM, M32	1	2	1*p0+1*p23		7.00	AVX
VDPPD	XMM, XMM, M128, I8	4	4	1*p0+1*p1+1*p23+1*p5	9	1.00	AVX
VDPPS	XMM, XMM, M128, I8	6	6	2*p0+1*p06+1*p1+1*p23+1*p5	14	4.00	AVX
VDPPS	YMM, YMM, M256, I8	6	6	2*p0+1*p06+1*p1+1*p23+1*p5	14	4.00	AVX
VEXTRACTF128	M128, YMM, I8	2	2	1*p23+1*p4	5	1.00	AVX
VEXTRACTPS	M32, XMM, I8	2	3	1*p237+1*p4+1*p5	6	1.00	AVX
VHADDPD	XMM, XMM, M128	4	4	1*p1+1*p23+2*p5	5	2.00	AVX
VHADDPD	YMM, YMM, M256	4	4	1*p1+1*p23+2*p5	5	2.00	AVX
VHADDPS	XMM, XMM, M128	4	4	1*p1+1*p23+2*p5	5	2.00	AVX
VHADDPS	YMM, YMM, M256	4	4	1*p1+1*p23+2*p5	5	2.00	AVX
VHSUBPD	XMM, XMM, M128	4	4	1*p1+1*p23+2*p5	5	2.00	AVX
VHSUBPD	YMM, YMM, M256	4	4	1*p1+1*p23+2*p5	5	2.00	AVX
VHSUBPS	XMM, XMM, M128	4	4	1*p1+1*p23+2*p5	5	2.00	AVX
VHSUBPS	YMM, YMM, M256	4	4	1*p1+1*p23+2*p5	5	2.00	AVX
VINSERTF128	YMM, YMM, M128, I8	2	2	1*p015+1*p23	1	1.00	AVX
VINSERTPS	XMM, XMM, M32, I8	2	2	1*p23+1*p5	1	1.00	AVX
VLDDQU	XMM, M128	1	1	1*p23		0.50	AVX
VLDMXCSR	M32	3	3	1*p0+1*p06+1*p23		2.30	AVX
VMASKMOVPD	M128, XMM, XMM	4	4	1*p0+1*p1+1*p23+1*p4	0	1.00	AVX
VMASKMOVPD	XMM, XMM, M128	3	3	1*p23+2*p5	2	2.00	AVX
VMASKMOVPS	M128, XMM, XMM	4	4	1*p0+1*p1+1*p23+1*p4	0	1.00	AVX
VMASKMOVPS	XMM, XMM, M128	3	3	1*p23+2*p5	2	2.00	AVX
VMAXPD	XMM, XMM, M128	1	2	1*p1+1*p23	3	1.00	AVX
VMAXPD	YMM, YMM, M256	1	2	1*p1+1*p23	3	1.00	AVX
VMAXPS	XMM, XMM, M128	1	2	1*p1+1*p23	3	1.00	AVX
VMAXPS	YMM, YMM, M256	1	2	1*p1+1*p23	3	1.00	AVX
VMAXSD	XMM, XMM, M64	1	2	1*p1+1*p23	3	1.00	AVX
VMAXSS	XMM, XMM, M32	1	2	1*p1+1*p23	3	1.00	AVX
VMINPD	XMM, XMM, M128	1	2	1*p1+1*p23	3	1.00	AVX
VMINPD	YMM, YMM, M256	1	2	1*p1+1*p23	3	1.00	AVX
VMINPS	XMM, XMM, M128	1	2	1*p1+1*p23	3	1.00	AVX
VMINPS	YMM, YMM, M256	1	2	1*p1+1*p23	3	1.00	AVX
VMINSD	XMM, XMM, M64	1	2	1*p1+1*p23	3	1.00	AVX
VMINSS	XMM, XMM, M32	1	2	1*p1+1*p23	3	1.00	AVX
VMOVAPD	M128, XMM	1	2	1*p237+1*p4	5	1.00	AVX
VMOVAPD	XMM, M128	1	1	1*p23		0.50	AVX
VMOVAPD	XMM, XMM	1	0		0	0.62	AVX
VMOVAPS	M128, XMM	1	2	1*p237+1*p4	5	1.00	AVX
VMOVAPS	XMM, M128	1	1	1*p23		0.50	AVX
VMOVAPS	XMM, XMM	1	0		0	0.62	AVX
VMOVD	M32, XMM	1	2	1*p237+1*p4	5	1.00	AVX
VMOVD	XMM, M32	1	1	1*p23		0.50	AVX
VMOVDDUP	XMM, M64	1	1	1*p23		0.50	AVX
VMOVDDUP	YMM, M256	1	1	1*p23		0.50	AVX
VMOVDQA	M128, XMM	1	2	1*p237+1*p4	5	1.00	AVX
VMOVDQA	XMM, M128	1	1	1*p23		0.50	AVX
VMOVDQA	XMM, XMM	1	0		0	0.25	AVX
VMOVDQU	M128, XMM	1	2	1*p237+1*p4	5	1.00	AVX
VMOVDQU	XMM, M128	1	1	1*p23		0.50	AVX
VMOVDQU	XMM, XMM	1	0		0	0.25	AVX
VMOVHLPS	XMM, XMM, XMM	1	1	1*p5	1	1.00	AVX
VMOVHPD	XMM, XMM, M64	1	2	1*p23+1*p5	1	1.00	AVX
VMOVHPS	XMM, XMM, M64	1	2	1*p23+1*p5	1	1.00	AVX
VMOVLPD	M64, XMM	1	2	1*p237+1*p4	5	1.00	AVX
VMOVLPS	M64, XMM	1	2	1*p237+1*p4	5	1.00	AVX
VMOVMSKPD	R32, XMM	1	1	1*p0	3	1.00	AVX
VMOVMSKPS	R32, XMM	1	1	1*p0	3	1.00	AVX
VMOVNTDQ	M128, XMM	1	2	1*p237+1*p4	363	1.02	AVX
VMOVNTDQA	XMM, M128	1	1	1*p23		1.00	AVX
VMOVNTPD	M256, YMM	1	2	1*p237+1*p4	364	1.02	AVX
VMOVNTPS	M256, YMM	1	2	1*p237+1*p4	364	1.02	AVX
VMOVQ	R64, XMM	1	1	1*p0	1	1.00	AVX
VMOVQ	XMM, R64	1	1	1*p5	1	1.00	AVX
VMOVQ	XMM, XMM	1	1	1*p015	1	0.33	AVX
VMOVSD	XMM, M64	1	1	1*p23		0.50	AVX
VMOVSD	XMM, XMM, XMM	1	1	1*p5	1	1.00	AVX
VMOVSHDUP	XMM, XMM	1	1	1*p5	1	1.00	AVX
VMOVSHDUP	YMM, YMM	1	1	1*p5	1	1.00	AVX
VMOVSLDUP	XMM, XMM	1	1	1*p5	1	1.00	AVX
VMOVSLDUP	YMM, YMM	1	1	1*p5	1	1.00	AVX
VMOVSS	XMM, M32	1	1	1*p23		0.50	AVX
VMOVSS	XMM, XMM, XMM	1	1	1*p5	1	1.00	AVX
VMOVUPD	M256, YMM	1	2	1*p237+1*p4	5	1.00	AVX
VMOVUPD	YMM, M256	1	1	1*p23		0.50	AVX
VMOVUPD	YMM, YMM	1	0		0	0.62	AVX
VMOVUPS	M256, YMM	1	2	1*p237+1*p4	5	1.00	AVX
VMOVUPS	YMM, M256	1	1	1*p23		0.50	AVX
VMOVUPS	YMM, YMM	1	0		0	0.62	AVX
VMPSADBW	XMM, XMM, XMM, I8	3	3	1*p0+2*p5	6	2.00	AVX
VMULPD	XMM, XMM, XMM	1	1	1*p01	5	0.50	AVX
VMULPD	YMM, YMM, YMM	1	1	1*p01	5	0.50	AVX
VMULPS	XMM, XMM, XMM	1	1	1*p01	5	0.50	AVX
VMULPS	YMM, YMM, YMM	1	1	1*p01	5	0.50	AVX
VMULSD	XMM, XMM, XMM	1	1	1*p01	5	0.50	AVX
VMULSS	XMM, XMM, XMM	1	1	1*p01	5	0.50	AVX
VORPD	XMM, XMM, XMM	1	1	1*p5	1	1.00	AVX
VORPD	YMM, YMM, YMM	1	1	1*p5	1	1.00	AVX
VORPS	XMM, XMM, XMM	1	1	1*p5	1	1.00	AVX
VORPS	YMM, YMM, YMM	1	1	1*p5	1	1.00	AVX
VPABSB	XMM, XMM	1	1	1*p15	1	0.50	AVX
VPABSD	XMM, XMM	1	1	1*p15	1	0.50	AVX
VPABSW	XMM, XMM	1	1	1*p15	1	0.50	AVX
VPACKSSDW	XMM, XMM, XMM	1	1	1*p5	1	1.00	AVX
VPACKSSWB	XMM, XMM, XMM	1	1	1*p5	1	1.00	AVX
VPACKUSDW	XMM, XMM, XMM	1	1	1*p5	1	1.00	AVX
VPACKUSWB	XMM, XMM, XMM	1	1	1*p5	1	1.00	AVX
VPADDB	XMM, XMM, XMM	1	1	1*p15	1	0.50	AVX
VPADDD	XMM, XMM, XMM	1	1	1*p15	1	0.50	AVX
VPADDQ	XMM, XMM, XMM	1	1	1*p15	1	1.00	AVX
VPADDSB	XMM, XMM, XMM	1	1	1*p15	1	0.50	AVX
VPADDSW	XMM, XMM, XMM	1	1	1*p15	1	0.50	AVX
VPADDUSB	XMM, XMM, XMM	1	1	1*p15	1	0.50	AVX
VPADDUSW	XMM, XMM, XMM	1	1	1*p15	1	0.50	AVX
VPADDW	XMM, XMM, XMM	1	1	1*p15	1	0.50	AVX
VPALIGNR	XMM, XMM, XMM, I8	1	1	1*p5	1	1.00	AVX
VPAND	XMM, XMM, XMM	1	1	1*p015	1	0.33	AVX
VPANDN	XMM, XMM, XMM	1	1	1*p015	1	0.33	AVX
VPAVGB	XMM, XMM, XMM	1	1	1*p15	1	0.50	AVX
VPAVGW	XMM, XMM, XMM	1	1	1*p15	1	0.50	AVX
VPBLENDVB	XMM, XMM, XMM, XMM	2	2	2*p5	2	2.00	AVX
VPBLENDW	XMM, XMM, XMM, I8	1	1	1*p5	1	1.00	AVX
VPCLMULQDQ	XMM, XMM, XMM, I8	3	3	2*p0+1*p5	7	2.00	AVX
VPCMPEQB	XMM, XMM, XMM	1	1	1*p15	1	0.50	AVX
VPCMPEQD	XMM, XMM, XMM	1	1	1*p15	1	0.50	AVX
VPCMPEQQ	XMM, XMM, XMM	1	1	1*p15	1	0.50	AVX
VPCMPEQW	XMM, XMM, XMM	1	1	1*p15	1	0.50	AVX
VPCMPESTRI	XMM, XMM, I8	8	8	3*p0+1*p06+1*p1+3*p5	15	4.00	AVX
VPCMPESTRI64	XMM, XMM, I8	8	8	3*p0+1*p06+1*p1+3*p5	15	4.00	AVX
VPCMPESTRM	XMM, XMM, I8	9	9	3*p0+1*p06+1*p1+4*p5	15	5.00	AVX
VPCMPESTRM64	XMM, XMM, I8	9	9	3*p0+1*p06+1*p1+4*p5	15	5.00	AVX
VPCMPGTB	XMM, XMM, XMM	1	1	1*p15	1	0.50	AVX
VPCMPGTD	XMM, XMM, XMM	1	1	1*p15	1	0.50	AVX
VPCMPGTQ	XMM, XMM, XMM	1	1	1*p0	5	1.00	AVX
VPCMPGTW	XMM, XMM, XMM	1	1	1*p15	1	0.50	AVX
VPCMPISTRI	XMM, XMM, I8	3	3	3*p0	11	3.00	AVX
VPCMPISTRM	XMM, XMM, I8	3	3	3*p0	11	3.00	AVX
VPERM2F128	YMM, YMM, YMM, I8	1	1	1*p5	3	1.00	AVX
VPERMILPD	XMM, XMM, I8	1	1	1*p5	1	1.00	AVX
VPERMILPD	XMM, XMM, XMM	1	1	1*p5	1	1.00	AVX
VPERMILPD	YMM, YMM, I8	1	1	1*p5	1	1.00	AVX
VPERMILPD	YMM, YMM, YMM	1	1	1*p5	1	1.00	AVX
VPERMILPS	XMM, XMM, I8	1	1	1*p5	1	1.00	AVX
VPERMILPS	XMM, XMM, XMM	1	1	1*p5	1	1.00	AVX
VPERMILPS	YMM, YMM, I8	1	1	1*p5	1	1.00	AVX
VPERMILPS	YMM, YMM, YMM	1	1	1*p5	1	1.00	AVX
VPEXTRB	R32, XMM, I8	2	2	1*p0+1*p5	2	1.00	AVX
VPEXTRD	R32, XMM, I8	2	2	1*p0+1*p5	2	1.00	AVX
VPEXTRQ	R64, XMM, I8	2	2	1*p0+1*p5	2	1.00	AVX
VPEXTRW	R32, XMM, I8	2	2	1*p0+1*p5	2	1.00	AVX
VPHADDD	XMM, XMM, XMM	3	3	1*p15+2*p5	3	2.00	AVX
VPHADDSW	XMM, XMM, XMM	3	3	1*p15+2*p5	3	2.00	AVX
VPHADDW	XMM, XMM, XMM	3	3	1*p15+2*p5	3	2.00	AVX
VPHMINPOSUW	XMM, XMM	1	1	1*p0	5	1.00	AVX
VPHSUBD	XMM, XMM, XMM	3	3	1*p15+2*p5	3	2.00	AVX
VPHSUBSW	XMM, XMM, XMM	3	3	1*p15+2*p5	3	2.00	AVX
VPHSUBW	XMM, XMM, XMM	3	3	1*p15+2*p5	3	2.00	AVX
VPINSRB	XMM, XMM, R32, I8	2	2	2*p5	2	2.00	AVX
VPINSRD	XMM, XMM, R32, I8	2	2	2*p5	2	2.00	AVX
VPINSRQ	XMM, XMM, R64, I8	2	2	2*p5	2	2.00	AVX
VPINSRW	XMM, XMM, R32, I8	2	2	2*p5	2	2.00	AVX
VPMADDUBSW	XMM, XMM, XMM	1	1	1*p0	5	1.00	AVX
VPMADDWD	XMM, XMM, XMM	1	1	1*p0	5	1.00	AVX
VPMAXSB	XMM, XMM, XMM	1	1	1*p15	1	1.00	AVX
VPMAXSD	XMM, XMM, XMM	1	1	1*p15	1	1.00	AVX
VPMAXSW	XMM, XMM, XMM	1	1	1*p15	1	0.50	AVX
VPMAXUB	XMM, XMM, XMM	1	1	1*p15	1	0.50	AVX
VPMAXUD	XMM, XMM, XMM	1	1	1*p15	1	1.00	AVX
VPMAXUW	XMM, XMM, XMM	1	1	1*p15	1	1.00	AVX
VPMINSB	XMM, XMM, XMM	1	1	1*p15	1	1.00	AVX
VPMINSD	XMM, XMM, XMM	1	1	1*p15	1	1.00	AVX
VPMINSW	XMM, XMM, XMM	1	1	1*p15	1	0.50	AVX
VPMINUB	XMM, XMM, XMM	1	1	1*p15	1	0.50	AVX
VPMINUD	XMM, XMM, XMM	1	1	1*p15	1	1.00	AVX
VPMINUW	XMM, XMM, XMM	1	1	1*p15	1	1.00	AVX
VPMOVSXBD	XMM, M32	1	2	1*p23+1*p5		1.00	AVX
VPMOVSXBQ	XMM, M16	1	2	1*p23+1*p5		1.00	AVX
VPMOVSXBW	XMM, M64	1	2	1*p23+1*p5		1.00	AVX
VPMOVSXDQ	XMM, M64	1	2	1*p23+1*p5		1.00	AVX
VPMOVSXWD	XMM, M64	1	2	1*p23+1*p5		1.00	AVX
VPMOVSXWQ	XMM, M32	1	2	1*p23+1*p5		1.00	AVX
VPMOVZXBD	XMM, M32	1	2	1*p23+1*p5		1.00	AVX
VPMOVZXBQ	XMM, M16	1	2	1*p23+1*p5		1.00	AVX
VPMOVZXBW	XMM, M64	1	2	1*p23+1*p5		1.00	AVX
VPMOVZXDQ	XMM, M64	1	2	1*p23+1*p5		1.00	AVX
VPMOVZXWD	XMM, M64	1	2	1*p23+1*p5		1.00	AVX
VPMOVZXWQ	XMM, M32	1	2	1*p23+1*p5		1.00	AVX
VPMULDQ	XMM, XMM, M128	1	2	1*p0+1*p23	5	1.00	AVX
VPMULHRSW	XMM, XMM, M128	1	2	1*p0+1*p23	5	1.00	AVX
VPMULHUW	XMM, XMM, M128	1	2	1*p0+1*p23	5	1.00	AVX
VPMULHW	XMM, XMM, M128	1	2	1*p0+1*p23	5	1.00	AVX
VPMULLD	XMM, XMM, M128	3	3	2*p0+1*p23	10	2.00	AVX
VPMULLW	XMM, XMM, M128	1	2	1*p0+1*p23	5	1.00	AVX
VPMULUDQ	XMM, XMM, M128	1	2	1*p0+1*p23	5	1.00	AVX
VPOR	XMM, XMM, M128	1	2	1*p015+1*p23	1	0.50	AVX
VPSADBW	XMM, XMM, M128	1	2	1*p0+1*p23	5	1.00	AVX
VPSHUFB	XMM, XMM, M128	2	2	1*p23+1*p5	1	1.00	AVX
VPSHUFD	XMM, M128, I8	2	2	1*p23+1*p5		1.00	AVX
VPSHUFHW	XMM, M128, I8	2	2	1*p23+1*p5		1.00	AVX
VPSHUFLW	XMM, M128, I8	2	2	1*p23+1*p5		1.00	AVX
VPSIGNB	XMM, XMM, M128	1	2	1*p15+1*p23	1	0.50	AVX
VPSIGND	XMM, XMM, M128	1	2	1*p15+1*p23	1	0.50	AVX
VPSIGNW	XMM, XMM, M128	1	2	1*p15+1*p23	1	0.50	AVX
VPSLLD	XMM, XMM, I8	1	1	1*p0	1	1.00	AVX
VPSLLD	XMM, XMM, XMM	2	2	1*p0+1*p5	2	1.00	AVX
VPSLLQ	XMM, XMM, I8	1	1	1*p0	1	1.00	AVX
VPSLLQ	XMM, XMM, XMM	2	2	1*p0+1*p5	2	1.00	AVX
VPSLLW	XMM, XMM, M128	2	2	1*p0+1*p23	1	1.00	AVX
VPSRAD	XMM, XMM, I8	1	1	1*p0	1	1.00	AVX
VPSRAD	XMM, XMM, XMM	2	2	1*p0+1*p5	2	1.00	AVX
VPSRAW	XMM, XMM, M128	2	2	1*p0+1*p23	1	1.00	AVX
VPSRLD	XMM, XMM, I8	1	1	1*p0	1	1.00	AVX
VPSRLD	XMM, XMM, XMM	2	2	1*p0+1*p5	2	1.00	AVX
VPSRLQ	XMM, XMM, I8	1	1	1*p0	1	1.00	AVX
VPSRLQ	XMM, XMM, XMM	2	2	1*p0+1*p5	2	1.00	AVX
VPSRLW	XMM, XMM, M128	2	2	1*p0+1*p23	1	1.00	AVX
VPSUBB	XMM, XMM, M128	1	2	1*p15+1*p23	1	0.50	AVX
VPSUBD	XMM, XMM, M128	1	2	1*p15+1*p23	1	0.50	AVX
VPSUBQ	XMM, XMM, M128	1	2	1*p15+1*p23	1	1.00	AVX
VPSUBSB	XMM, XMM, M128	1	2	1*p15+1*p23	1	0.50	AVX
VPSUBSW	XMM, XMM, M128	1	2	1*p15+1*p23	1	0.50	AVX
VPSUBUSB	XMM, XMM, M128	1	2	1*p15+1*p23	1	0.50	AVX
VPSUBUSW	XMM, XMM, M128	1	2	1*p15+1*p23	1	0.50	AVX
VPSUBW	XMM, XMM, M128	1	2	1*p15+1*p23	1	0.50	AVX
VPTEST	XMM, M128	2	3	1*p0+1*p23+1*p5	2	1.00	AVX
VPTEST	YMM, M256	2	3	1*p0+1*p23+1*p5	4	1.00	AVX
VPUNPCKHBW	XMM, XMM, M128	1	2	1*p23+1*p5	1	1.00	AVX
VPUNPCKHDQ	XMM, XMM, M128	1	2	1*p23+1*p5	1	1.00	AVX
VPUNPCKHQDQ	XMM, XMM, M128	2	2	1*p23+1*p5	1	1.00	AVX
VPUNPCKHWD	XMM, XMM, M128	1	2	1*p23+1*p5	1	1.00	AVX
VPUNPCKLBW	XMM, XMM, M128	1	2	1*p23+1*p5	1	1.00	AVX
VPUNPCKLDQ	XMM, XMM, M128	1	2	1*p23+1*p5	1	1.00	AVX
VPUNPCKLQDQ	XMM, XMM, M128	2	2	1*p23+1*p5	1	1.00	AVX
VPUNPCKLWD	XMM, XMM, M128	1	2	1*p23+1*p5	1	1.00	AVX
VPXOR	XMM, XMM, M128	1	2	1*p015+1*p23	1	0.50	AVX
VRCPPS	XMM, M128	1	2	1*p0+1*p23		1.00	AVX
VRCPPS	YMM, M256	4	4	2*p0+1*p015+1*p23		2.00	AVX
VRCPSS	XMM, XMM, M32	1	2	1*p0+1*p23	5	1.00	AVX
VROUNDPD	XMM, M128, I8	3	3	2*p1+1*p23		2.00	AVX
VROUNDPD	YMM, M256, I8	3	3	2*p1+1*p23		2.00	AVX
VROUNDPS	XMM, M128, I8	3	3	2*p1+1*p23		2.00	AVX
VROUNDPS	YMM, M256, I8	3	3	2*p1+1*p23		2.00	AVX
VROUNDSD	XMM, XMM, M64, I8	3	3	2*p1+1*p23	6	2.00	AVX
VROUNDSS	XMM, XMM, M32, I8	3	3	2*p1+1*p23	6	2.00	AVX
VRSQRTPS	XMM, M128	1	2	1*p0+1*p23		1.00	AVX
VRSQRTPS	YMM, M256	4	4	2*p0+1*p015+1*p23		2.00	AVX
VRSQRTSS	XMM, XMM, M32	1	2	1*p0+1*p23	5	1.00	AVX
VSHUFPD	XMM, XMM, M128, I8	2	2	1*p23+1*p5	1	1.00	AVX
VSHUFPD	YMM, YMM, M256, I8	2	2	1*p23+1*p5	1	1.00	AVX
VSHUFPS	XMM, XMM, M128, I8	2	2	1*p23+1*p5	1	1.00	AVX
VSHUFPS	YMM, YMM, M256, I8	2	2	1*p23+1*p5	1	1.00	AVX
VSQRTPD	XMM, M128	1	2	1*p0+1*p23		8.00	AVX
VSQRTPD	YMM, M256	4	4	2*p0+1*p015+1*p23		16.50	AVX
VSQRTPS	XMM, M128	1	2	1*p0+1*p23		7.00	AVX
VSQRTPS	YMM, M256	4	4	2*p0+1*p015+1*p23		14.11	AVX
VSQRTSD	XMM, XMM, M64	1	2	1*p0+1*p23		8.00	AVX
VSQRTSS	XMM, XMM, M32	1	2	1*p0+1*p23		7.00	AVX
VSTMXCSR	M32	3	4	1*p0+1*p06+1*p237+1*p4		1.00	AVX
VSUBPD	XMM, XMM, XMM	1	1	1*p1	3	1.00	AVX
VSUBPD	YMM, YMM, YMM	1	1	1*p1	3	1.00	AVX
VSUBPS	XMM, XMM, XMM	1	1	1*p1	3	1.00	AVX
VSUBPS	YMM, YMM, YMM	1	1	1*p1	3	1.00	AVX
VSUBSD	XMM, XMM, XMM	1	1	1*p1	3	1.00	AVX
VSUBSS	XMM, XMM, XMM	1	1	1*p1	3	1.00	AVX
VTESTPD	XMM, XMM	1	1	1*p0	3	1.00	AVX
VTESTPD	YMM, YMM	1	1	1*p0	3	1.00	AVX
VTESTPS	XMM, XMM	1	1	1*p0	3	1.00	AVX
VTESTPS	YMM, YMM	1	1	1*p0	3	1.00	AVX
VUCOMISD	XMM, XMM	1	1	1*p1	3	1.00	AVX
VUCOMISS	XMM, XMM	1	1	1*p1	3	1.00	AVX
VUNPCKHPD	XMM, XMM, XMM	1	1	1*p5	1	1.00	AVX
VUNPCKHPD	YMM, YMM, YMM	1	1	1*p5	1	1.00	AVX
VUNPCKHPS	XMM, XMM, XMM	1	1	1*p5	1	1.00	AVX
VUNPCKHPS	YMM, YMM, YMM	1	1	1*p5	1	1.00	AVX
VUNPCKLPD	XMM, XMM, XMM	1	1	1*p5	1	1.00	AVX
VUNPCKLPD	YMM, YMM, YMM	1	1	1*p5	1	1.00	AVX
VUNPCKLPS	XMM, XMM, XMM	1	1	1*p5	1	1.00	AVX
VUNPCKLPS	YMM, YMM, YMM	1	1	1*p5	1	1.00	AVX
VXORPD	XMM, XMM, XMM	1	1	1*p5	1	1.00	AVX
VXORPD	YMM, YMM, YMM	1	1	1*p5	1	1.00	AVX
VXORPS	XMM, XMM, XMM	1	1	1*p5	1	1.00	AVX
VXORPS	YMM, YMM, YMM	1	1	1*p5	1	1.00	AVX
VZEROUPPER		4	0			1.00	AVX
VBROADCASTI128	YMM, M128	1	1	1*p23		0.50	AVX2
VBROADCASTSS	XMM, XMM	1	1	1*p5	1	1.00	AVX2
VEXTRACTI128	M128, YMM, I8	2	2	1*p23+1*p4	5	1.00	AVX2
VINSERTI128	YMM, YMM, M128, I8	2	2	1*p015+1*p23	1	1.00	AVX2
VMOVNTDQA	YMM, M256	1	1	1*p23		1.00	AVX2
VMPSADBW	YMM, YMM, YMM, I8	3	3	1*p0+2*p5	6	2.00	AVX2
VPABSB	YMM, YMM	1	1	1*p15	1	0.50	AVX2
VPABSD	YMM, YMM	1	1	1*p15	1	0.50	AVX2
VPABSW	YMM, YMM	1	1	1*p15	1	0.50	AVX2
VPACKSSDW	YMM, YMM, YMM	1	1	1*p5	1	1.00	AVX2
VPACKSSWB	YMM, YMM, YMM	1	1	1*p5	1	1.00	AVX2
VPACKUSDW	YMM, YMM, YMM	1	1	1*p5	1	1.00	AVX2
VPACKUSWB	YMM, YMM, YMM	1	1	1*p5	1	1.00	AVX2
VPADDB	YMM, YMM, YMM	1	1	1*p15	1	0.50	AVX2
VPADDD	YMM, YMM, YMM	1	1	1*p15	1	0.50	AVX2
VPADDQ	YMM, YMM, YMM	1	1	1*p15	1	1.00	AVX2
VPADDSB	YMM, YMM, YMM	1	1	1*p15	1	0.50	AVX2
VPADDSW	YMM, YMM, YMM	1	1	1*p15	1	0.50	AVX2
VPADDUSB	YMM, YMM, YMM	1	1	1*p15	1	0.50	AVX2
VPADDUSW	YMM, YMM, YMM	1	1	1*p15	1	0.50	AVX2
VPADDW	YMM, YMM, YMM	1	1	1*p15	1	0.50	AVX2
VPALIGNR	YMM, YMM, YMM, I8	1	1	1*p5	1	1.00	AVX2
VPAND	YMM, YMM, YMM	1	1	1*p015	1	0.33	AVX2
VPANDN	YMM, YMM, YMM	1	1	1*p015	1	0.33	AVX2
VPAVGB	YMM, YMM, YMM	1	1	1*p15	1	0.50	AVX2
VPAVGW	YMM, YMM, YMM	1	1	1*p15	1	0.50	AVX2
VPBLENDD	XMM, XMM, XMM, I8	1	1	1*p015	1	0.38	AVX2
VPBLENDD	YMM, YMM, YMM, I8	1	1	1*p015	1	0.38	AVX2
VPBLENDVB	YMM, YMM, YMM, YMM	2	2	2*p5	2	2.00	AVX2
VPBLENDW	YMM, YMM, YMM, I8	1	1	1*p5	1	1.00	AVX2
VPBROADCASTB	XMM, XMM	1	1	1*p5	1	1.00	AVX2
VPBROADCASTB	YMM, XMM	1	1	1*p5	3	1.00	AVX2
VPBROADCASTD	XMM, XMM	1	1	1*p5	1	1.00	AVX2
VPBROADCASTD	YMM, XMM	1	1	1*p5	3	1.00	AVX2
VPBROADCASTQ	XMM, XMM	1	1	1*p5	1	1.00	AVX2
VPBROADCASTQ	YMM, XMM	1	1	1*p5	3	1.00	AVX2
VPBROADCASTW	XMM, XMM	1	1	1*p5	1	1.00	AVX2
VPBROADCASTW	YMM, XMM	1	1	1*p5	3	1.00	AVX2
VPCMPEQB	YMM, YMM, YMM	1	1	1*p15	1	0.50	AVX2
VPCMPEQD	YMM, YMM, YMM	1	1	1*p15	1	0.50	AVX2
VPCMPEQQ	YMM, YMM, YMM	1	1	1*p15	1	0.50	AVX2
VPCMPEQW	YMM, YMM, YMM	1	1	1*p15	1	0.50	AVX2
VPCMPGTB	YMM, YMM, YMM	1	1	1*p15	1	0.50	AVX2
VPCMPGTD	YMM, YMM, YMM	1	1	1*p15	1	0.50	AVX2
VPCMPGTQ	YMM, YMM, YMM	1	1	1*p0	5	1.00	AVX2
VPCMPGTW	YMM, YMM, YMM	1	1	1*p15	1	0.50	AVX2
VPERM2I128	YMM, YMM, YMM, I8	1	1	1*p5	3	1.00	AVX2
VPERMD	YMM, YMM, YMM	1	1	1*p5	3	1.00	AVX2
VPERMPD	YMM, YMM, I8	1	1	1*p5	3	1.00	AVX2
VPERMPS	YMM, YMM, YMM	1	1	1*p5	3	1.00	AVX2
VPERMQ	YMM, YMM, I8	1	1	1*p5	3	1.00	AVX2
VPHADDD	YMM, YMM, YMM	3	3	1*p15+2*p5	3	2.00	AVX2
VPHADDSW	YMM, YMM, YMM	3	3	1*p15+2*p5	3	2.00	AVX2
VPHADDW	YMM, YMM, YMM	3	3	1*p15+2*p5	3	2.00	AVX2
VPHSUBD	YMM, YMM, YMM	3	3	1*p15+2*p5	3	2.00	AVX2
VPHSUBSW	YMM, YMM, YMM	3	3	1*p15+2*p5	3	2.00	AVX2
VPHSUBW	YMM, YMM, YMM	3	3	1*p15+2*p5	3	2.00	AVX2
VPMADDUBSW	YMM, YMM, YMM	1	1	1*p0	5	1.00	AVX2
VPMADDWD	YMM, YMM, YMM	1	1	1*p0	5	1.00	AVX2
VPMASKMOVD	M256, YMM, YMM	4	4	1*p0+1*p1+1*p23+1*p4	0	1.00	AVX2
VPMASKMOVD	YMM, YMM, M256	3	3	1*p23+2*p5	2	2.00	AVX2
VPMASKMOVQ	M256, YMM, YMM	4	4	1*p0+1*p1+1*p23+1*p4	0	1.00	AVX2
VPMASKMOVQ	YMM, YMM, M256	3	3	1*p23+2*p5	2	2.00	AVX2
VPMAXSB	YMM, YMM, YMM	1	1	1*p15	1	1.00	AVX2
VPMAXSD	YMM, YMM, YMM	1	1	1*p15	1	1.00	AVX2
VPMAXSW	YMM, YMM, YMM	1	1	1*p15	1	0.50	AVX2
VPMAXUB	YMM, YMM, YMM	1	1	1*p15	1	0.50	AVX2
VPMAXUD	YMM, YMM, YMM	1	1	1*p15	1	1.00	AVX2
VPMAXUW	YMM, YMM, YMM	1	1	1*p15	1	1.00	AVX2
VPMINSB	YMM, YMM, YMM	1	1	1*p15	1	1.00	AVX2
VPMINSD	YMM, YMM, YMM	1	1	1*p15	1	1.00	AVX2
VPMINSW	YMM, YMM, YMM	1	1	1*p15	1	0.50	AVX2
VPMINUB	YMM, YMM, YMM	1	1	1*p15	1	0.50	AVX2
VPMINUD	YMM, YMM, YMM	1	1	1*p15	1	1.00	AVX2
VPMINUW	YMM, YMM, YMM	1	1	1*p15	1	1.00	AVX2
VPMOVSXBD	YMM, M64	2	2	1*p23+1*p5		1.00	AVX2
VPMOVSXBQ	YMM, M32	2	2	1*p23+1*p5		1.00	AVX2
VPMOVSXBW	YMM, M128	2	2	1*p23+1*p5		1.00	AVX2
VPMOVSXDQ	YMM, M128	2	2	1*p23+1*p5		1.00	AVX2
VPMOVSXWD	YMM, M128	2	2	1*p23+1*p5		1.00	AVX2
VPMOVSXWQ	YMM, M64	2	2	1*p23+1*p5		1.00	AVX2
VPMOVZXBD	YMM, M64	2	2	1*p23+1*p5		1.00	AVX2
VPMOVZXBQ	YMM, M32	2	2	1*p23+1*p5		1.00	AVX2
VPMOVZXBW	YMM, M128	2	2	1*p23+1*p5		1.00	AVX2
VPMOVZXDQ	YMM, M128	2	2	1*p23+1*p5		1.00	AVX2
VPMOVZXWD	YMM, M128	2	2	1*p23+1*p5		1.00	AVX2
VPMOVZXWQ	YMM, M64	2	2	1*p23+1*p5		1.00	AVX2
VPMULDQ	YMM, YMM, M256	1	2	1*p0+1*p23	5	1.00	AVX2
VPMULHRSW	YMM, YMM, M256	1	2	1*p0+1*p23	5	1.00	AVX2
VPMULHUW	YMM, YMM, M256	1	2	1*p0+1*p23	5	1.00	AVX2
VPMULHW	YMM, YMM, M256	1	2	1*p0+1*p23	5	1.00	AVX2
VPMULLD	YMM, YMM, M256	3	3	2*p0+1*p23	10	2.00	AVX2
VPMULLW	YMM, YMM, M256	1	2	1*p0+1*p23	5	1.00	AVX2
VPMULUDQ	YMM, YMM, M256	1	2	1*p0+1*p23	5	1.00	AVX2
VPOR	YMM, YMM, M256	1	2	1*p015+1*p23	1	0.50	AVX2
VPSADBW	YMM, YMM, M256	1	2	1*p0+1*p23	5	1.00	AVX2
VPSHUFB	YMM, YMM, M256	2	2	1*p23+1*p5	1	1.00	AVX2
VPSHUFD	YMM, M256, I8	2	2	1*p23+1*p5		1.00	AVX2
VPSHUFHW	YMM, M256, I8	2	2	1*p23+1*p5		1.00	AVX2
VPSHUFLW	YMM, M256, I8	2	2	1*p23+1*p5		1.00	AVX2
VPSIGNB	YMM, YMM, M256	1	2	1*p15+1*p23	1	0.50	AVX2
VPSIGND	YMM, YMM, M256	1	2	1*p15+1*p23	1	0.50	AVX2
VPSIGNW	YMM, YMM, M256	1	2	1*p15+1*p23	1	0.50	AVX2
VPSLLD	YMM, YMM, I8	1	1	1*p0	1	1.00	AVX2
VPSLLD	YMM, YMM, XMM	2	2	1*p0+1*p5	4	1.00	AVX2
VPSLLQ	YMM, YMM, I8	1	1	1*p0	1	1.00	AVX2
VPSLLQ	YMM, YMM, XMM	2	2	1*p0+1*p5	4	1.00	AVX2
VPSLLVD	XMM, XMM, XMM	3	3	2*p0+1*p5	2	2.00	AVX2
VPSLLVD	YMM, YMM, YMM	3	3	2*p0+1*p5	2	2.00	AVX2
VPSLLVQ	XMM, XMM, XMM	1	1	1*p0	1	1.00	AVX2
VPSLLVQ	YMM, YMM, YMM	1	1	1*p0	1	1.00	AVX2
VPSLLW	YMM, YMM, M128	2	2	1*p0+1*p23	1	1.00	AVX2
VPSRAD	YMM, YMM, I8	1	1	1*p0	1	1.00	AVX2
VPSRAD	YMM, YMM, XMM	2	2	1*p0+1*p5	4	1.00	AVX2
VPSRAVD	XMM, XMM, XMM	3	3	2*p0+1*p5	2	2.00	AVX2
VPSRAVD	YMM, YMM, YMM	3	3	2*p0+1*p5	2	2.00	AVX2
VPSRAW	YMM, YMM, M128	2	2	1*p0+1*p23	1	1.00	AVX2
VPSRLD	YMM, YMM, I8	1	1	1*p0	1	1.00	AVX2
VPSRLD	YMM, YMM, XMM	2	2	1*p0+1*p5	4	1.00	AVX2
VPSRLQ	YMM, YMM, I8	1	1	1*p0	1	1.00	AVX2
VPSRLQ	YMM, YMM, XMM	2	2	1*p0+1*p5	4	1.00	AVX2
VPSRLVD	XMM, XMM, XMM	3	3	2*p0+1*p5	2	2.00	AVX2
VPSRLVD	YMM, YMM, YMM	3	3	2*p0+1*p5	2	2.00	AVX2
VPSRLVQ	XMM, XMM, XMM	1	1	1*p0	1	1.00	AVX2
VPSRLVQ	YMM, YMM, YMM	1	1	1*p0	1	1.00	AVX2
VPSRLW	YMM, YMM, M128	2	2	1*p0+1*p23	1	1.00	AVX2
VPSUBB	YMM, YMM, M256	1	2	1*p15+1*p23	1	0.50	AVX2
VPSUBD	YMM, YMM, M256	1	2	1*p15+1*p23	1	0.50	AVX2
VPSUBQ	YMM, YMM, M256	1	2	1*p15+1*p23	1	1.00	AVX2
VPSUBSB	YMM, YMM, M256	1	2	1*p15+1*p23	1	0.50	AVX2
VPSUBSW	YMM, YMM, M256	1	2	1*p15+1*p23	1	0.50	AVX2
VPSUBUSB	YMM, YMM, M256	1	2	1*p15+1*p23	1	0.50	AVX2
VPSUBUSW	YMM, YMM, M256	1	2	1*p15+1*p23	1	0.50	AVX2
VPSUBW	YMM, YMM, M256	1	2	1*p15+1*p23	1	0.50	AVX2
VPUNPCKHBW	YMM, YMM, M256	1	2	1*p23+1*p5	1	1.00	AVX2
VPUNPCKHDQ	YMM, YMM, M256	1	2	1*p23+1*p5	1	1.00	AVX2
VPUNPCKHQDQ	YMM, YMM, M256	2	2	1*p23+1*p5	1	1.00	AVX2
VPUNPCKHWD	YMM, YMM, M256	1	2	1*p23+1*p5	1	1.00	AVX2
VPUNPCKLBW	YMM, YMM, M256	1	2	1*p23+1*p5	1	1.00	AVX2
VPUNPCKLDQ	YMM, YMM, M256	1	2	1*p23+1*p5	1	1.00	AVX2
VPUNPCKLQDQ	YMM, YMM, M256	2	2	1*p23+1*p5	1	1.00	AVX2
VPUNPCKLWD	YMM, YMM, M256	1	2	1*p23+1*p5	1	1.00	AVX2
VPXOR	YMM, YMM, M256	1	2	1*p015+1*p23	1	0.50	AVX2
VGATHERDPD	XMM, VSIB_XMM, XMM	12	12	2*p0+1*p015+3*p06+1*p15+2*p23+3*p5	14	6.00	AVX2GATHER
VGATHERDPS	XMM, VSIB_XMM, XMM	20	20	3*p0+3*p015+5*p06+1*p15+4*p23+4*p5	16	8.00	AVX2GATHER
VGATHERQPD	XMM, VSIB_XMM, XMM	14	14	3*p0+1*p015+3*p06+1*p15+2*p23+4*p5	15	6.00	AVX2GATHER
VGATHERQPS	XMM, VSIB_XMM, XMM	15	15	3*p0+2*p015+3*p06+1*p15+2*p23+4*p5	16	7.00	AVX2GATHER
VPGATHERDD	XMM, VSIB_XMM, XMM	20	20	3*p0+3*p015+5*p06+1*p15+4*p23+4*p5	16	8.00	AVX2GATHER
VPGATHERDQ	XMM, VSIB_XMM, XMM	12	12	2*p0+1*p015+3*p06+1*p15+2*p23+3*p5	14	6.00	AVX2GATHER
VPGATHERQD	XMM, VSIB_XMM, XMM	15	15	3*p0+2*p015+3*p06+1*p15+2*p23+4*p5	16	7.00	AVX2GATHER
VPGATHERQQ	XMM, VSIB_XMM, XMM	14	14	3*p0+1*p015+3*p06+1*p15+2*p23+4*p5	14	6.00	AVX2GATHER
VAESDEC	XMM, XMM, M128	2	2	1*p23+1*p5	7	1.00	AVXAES
VAESDECLAST	XMM, XMM, M128	2	2	1*p23+1*p5	7	1.00	AVXAES
VAESENC	XMM, XMM, M128	2	2	1*p23+1*p5	7	1.00	AVXAES
VAESENCLAST	XMM, XMM, M128	2	2	1*p23+1*p5	7	1.00	AVXAES
VAESIMC	XMM, M128	3	3	1*p23+2*p5		2.00	AVXAES
VAESKEYGENASSIST	XMM, M128, I8	10	10	2*p0+1*p23+7*p5		7.83	AVXAES
ADC	AL, 0	2	2	1*p0156+1*p06	2	1.00	I86
ADC	AX, I16	2	2	1*p0156+1*p06	2	3.25	I86
ADC	M16, 0	4	6	3*p0156+1*p23+1*p237+1*p4	7	2.00	I86
ADC	M16, I8	4	6	3*p0156+1*p23+1*p237+1*p4	7	2.00	I86
ADC	M32, 0	4	6	3*p0156+1*p23+1*p237+1*p4	7	2.00	I86
ADC	M32, I8	4	6	3*p0156+1*p23+1*p237+1*p4	7	2.00	I86
ADC	M64, 0	4	6	3*p0156+1*p23+1*p237+1*p4	7	2.00	I86
ADC	M64, I8	4	6	3*p0156+1*p23+1*p237+1*p4	7	2.00	I86
ADC	M8, 0	4	6	3*p0156+1*p23+1*p237+1*p4	7	2.00	I86
ADC	M8, R8h	4	6	1*p0156+2*p06+1*p23+1*p237+1*p4	6	1.87	I86
ADC	R16, 0	1	1	1*p06	1	1.00	I86
ADC	R16, I8	2	2	1*p0156+1*p06	2	1.00	I86
ADC	R32, 0	1	1	1*p06	1	1.00	I86
ADC	R32, I8	2	2	1*p0156+1*p06	2	1.00	I86
ADC	R64, 0	1	1	1*p06	1	1.00	I86
ADC	R64, I8	2	2	1*p0156+1*p06	2	1.00	I86
ADC	R8h, 0	2	2	1*p0156+1*p06	2	1.00	I86
ADC	R8h, M8	2	3	1*p0156+1*p06+1*p23	2	1.00	I86
ADC	RAX, I32	2	2	1*p0156+1*p06	2	1.00	I86
ADC	R8h, R8l	2	2	1*p0156+1*p06	2	1.00	I86
ADC	R8l, R8l	2	2	1*p0156+1*p06	2	1.00	I86
ADC	R32, R32	2	2	1*p0156+1*p06	2	1.00	I86
ADC	R8h, R8h	2	2	1*p0156+1*p06	2	1.00	I86
ADC	R8l, R8h	2	2	1*p0156+1*p06	2	1.00	I86
ADC	R16, R16	2	2	1*p0156+1*p06	2	1.00	I86
ADC	R64, R64	2	2	1*p0156+1*p06	2	1.00	I86
ADC	M16, I16	9	8	5*p0156+2*p06+2*p23+1*p4	30	19.00	lock I86
ADC	M16, R16	9	8	5*p0156+3*p06+2*p23+1*p4	30	19.00	lock I86
ADC	M32, I32	9	8	5*p0156+2*p06+2*p23+1*p4	30	19.00	lock I86
ADC	M32, R32	9	8	5*p0156+3*p06+2*p23+1*p4	30	19.00	lock I86
ADC	M64, I32	9	8	5*p0156+2*p06+2*p23+1*p4	30	19.00	lock I86
ADC	M64, R64	9	8	5*p0156+3*p06+2*p23+1*p4	30	19.00	lock I86
ADC	M8, I8	9	8	5*p0156+2*p06+2*p23+1*p4	30	19.00	lock I86
ADC	M8, R8l	9	8	5*p0156+3*p06+2*p23+1*p4	30	19.00	lock I86
ADC	R8l, I8	2	2	1*p0156+1*p06	2	1.00	I86
ADD	AL, I8	1	1	1*p0156	1	0.62	I86
ADD	EAX, I32	1	1	1*p0156	1	0.50	I86
ADD	M16, I16	2	4	1*p0156+1*p23+1*p237+1*p4		3.42	I86
ADD	M16, R16	2	4	1*p0156+1*p23+1*p237+1*p4	6	1.09	I86
ADD	M32, I32	2	4	1*p0156+1*p23+1*p237+1*p4		1.00	I86
ADD	M32, R32	2	4	1*p0156+1*p23+1*p237+1*p4	5	1.10	I86
ADD	M64, I32	2	4	1*p0156+1*p23+1*p237+1*p4		1.00	I86
ADD	M64, R64	2	4	1*p0156+1*p23+1*p237+1*p4	5	1.09	I86
ADD	M8, I8	2	4	1*p0156+1*p23+1*p237+1*p4		1.00	I86
ADD	M8, R8l	2	4	1*p0156+1*p23+1*p237+1*p4	6	1.09	I86
ADD	R16, I16	1	1	1*p0156	1	3.35	I86
ADD	R16, M16	1	2	1*p0156+1*p23	1	0.50	I86
ADD	R32, I32	1	1	1*p0156	1	0.40	I86
ADD	R32, M32	1	2	1*p0156+1*p23	1	0.50	I86
ADD	R64, I32	1	1	1*p0156	1	0.44	I86
ADD	R64, M64	1	2	1*p0156+1*p23	1	0.50	I86
ADD	R8h, I8	1	1	1*p0156	1	0.38	I86
ADD	R8l, M8	1	2	1*p0156+1*p23	1	0.50	I86
ADD	R8h, R8h	1	1	1*p0156	1	0.42	I86
ADD	R8l, R8h	1	1	1*p0156	1	0.40	I86
ADD	R16, R16	1	1	1*p0156	1	0.33	I86
ADD	R64, R64	1	1	1*p0156	1	0.33	I86
ADD	R8h, R8l	1	1	1*p0156	1	0.40	I86
ADD	R8l, R8l	1	1	1*p0156	1	0.33	I86
ADD	R32, R32	1	1	1*p0156	1	0.33	I86
ADD	M16, 0	8	7	3*p0156+2*p06+2*p23+1*p4		19.00	lock I86
ADD	M16, I8	8	7	4*p0156+2*p06+2*p23+1*p4		19.00	lock I86
ADD	M32, 0	8	7	3*p0156+2*p06+2*p23+1*p4		19.00	lock I86
ADD	M32, I8	8	7	3*p0156+2*p06+2*p23+1*p4		19.00	lock I86
ADD	M64, 0	8	7	3*p0156+2*p06+2*p23+1*p4		19.00	lock I86
ADD	M64, I8	8	7	3*p0156+2*p06+2*p23+1*p4		19.00	lock I86
ADD	M8, 0	8	7	3*p0156+2*p06+2*p23+1*p4		19.00	lock I86
ADD	M8, R8h	8	7	4*p0156+2*p06+2*p23+1*p4	29	19.00	lock I86
ADD	R8l, 0	1	1	1*p0156	1	0.33	I86
AND	AL, 0	1	1	1*p0156	1	0.62	I86
AND	AX, I16	1	1	1*p0156	1	3.20	I86
AND	M16, 0	2	4	1*p0156+1*p23+1*p237+1*p4		1.00	I86
AND	M16, I8	2	4	1*p0156+1*p23+1*p237+1*p4		1.00	I86
AND	M32, 0	2	4	1*p0156+1*p23+1*p237+1*p4		1.00	I86
AND	M32, I8	2	4	1*p0156+1*p23+1*p237+1*p4		1.00	I86
AND	M64, 0	2	4	1*p0156+1*p23+1*p237+1*p4		1.00	I86
AND	M64, I8	2	4	1*p0156+1*p23+1*p237+1*p4		1.00	I86
AND	M8, 0	2	4	1*p0156+1*p23+1*p237+1*p4		1.00	I86
AND	M8, R8h	2	4	1*p0156+1*p23+1*p237+1*p4	5	1.08	I86
AND	R16, 0	1	1	1*p0156	1	0.33	I86
AND	R16, I8	1	1	1*p0156	1	0.33	I86
AND	R32, 0	1	1	1*p0156	1	0.33	I86
AND	R32, I8	1	1	1*p0156	1	0.33	I86
AND	R64, 0	1	1	1*p0156	1	0.33	I86
AND	R64, I8	1	1	1*p0156	1	0.33	I86
AND	R8h, 0	1	1	1*p0156	1	0.38	I86
AND	R8h, M8	1	2	1*p0156+1*p23	1	0.50	I86
AND	RAX, I32	1	1	1*p0156	1	0.56	I86
AND	R8h, R8l	1	1	1*p0156	1	0.40	I86
AND	R8l, R8l	1	1	1*p0156	1	0.33	I86
AND	R32, R32	1	1	1*p0156	1	0.33	I86
AND	R8h, R8h	1	1	1*p0156	1	0.42	I86
AND	R8l, R8h	1	1	1*p0156	1	0.42	I86
AND	R16, R16	1	1	1*p0156	1	0.33	I86
AND	R64, R64	1	1	1*p0156	1	0.33	I86
AND	M16, I16	8	7	4*p0156+2*p06+2*p23+1*p4		19.00	lock I86
AND	M16, R16	8	7	3*p0156+2*p06+2*p23+1*p4	30	19.00	lock I86
AND	M32, I32	8	7	4*p0156+2*p06+2*p23+1*p4		19.00	lock I86
AND	M32, R32	8	7	4*p0156+2*p06+2*p23+1*p4	29	19.00	lock I86
AND	M64, I32	8	7	3*p0156+2*p06+2*p23+1*p4		19.00	lock I86
AND	M64, R64	8	7	3*p0156+2*p06+2*p23+1*p4	29	19.00	lock I86
AND	M8, I8	8	7	3*p0156+2*p06+2*p23+1*p4		19.00	lock I86
AND	M8, R8l	8	7	3*p0156+2*p06+2*p23+1*p4	30	19.00	lock I86
AND	R8l, I8	1	1	1*p0156	1	0.33	I86
BSF	R16, R16	1	1	1*p1	3	1.00	I386
BSF	R32, R32	1	1	1*p1	3	1.00	I386
BSF	R64, R64	1	1	1*p1	3	1.00	I386
BSR	R16, R16	1	1	1*p1	3	1.00	I386
BSR	R32, R32	1	1	1*p1	3	1.00	I386
BSR	R64, R64	1	1	1*p1	3	1.00	I386
BSWAP	R64	2	2	1*p06+1*p15	2	1.00	I486REAL
BT	M16, I8	2	2	1*p06+1*p23		1.00	I386
BT	M32, 0	2	2	1*p06+1*p23		1.00	I386
BT	M32, R32	10	10	1*p015+4*p0156+3*p06+1*p1+1*p23	11	5.00	I386
BT	M64, I8	2	2	1*p06+1*p23		1.00	I386
BT	R16, 0	1	1	1*p06	1	1.00	I386
BT	R16, R16	1	1	1*p06	1	1.00	I386
BT	R32, I8	1	1	1*p06	1	1.00	I386
BT	R64, 0	1	1	1*p06	1	1.00	I386
BT	R64, R64	1	1	1*p06	1	1.00	I386
BTC	M16, I8	3	4	1*p06+1*p23+1*p237+1*p4		1.00	I386
BTC	M32, 0	3	4	1*p06+1*p23+1*p237+1*p4		1.00	I386
BTC	M32, R32	10	11	4*p0156+3*p06+1*p1+2*p23+1*p4	14	5.00	I386
BTC	M64, I8	3	4	1*p06+1*p23+1*p237+1*p4		1.00	I386
BTC	R16, 0	1	1	1*p06	1	1.00	I386
BTC	R16, R16	1	1	1*p06	1	1.00	I386
BTC	R32, I8	1	1	1*p06	1	1.00	I386
BTC	R64, 0	1	1	1*p06	1	1.00	I386
BTC	R64, R64	1	1	1*p06	1	1.00	I386
BTC	M16, I8	8	7	3*p0156+3*p06+2*p23+1*p4		19.00	lock I386
BTC	M32, 0	8	7	3*p0156+3*p06+2*p23+1*p4		19.00	lock I386
BTC	M32, R32	14	13	6*p0156+5*p06+1*p1+2*p23+1*p4	34	19.02	lock I386
BTC	M64, I8	8	7	3*p0156+3*p06+2*p23+1*p4		19.00	lock I386
BTR	M16, 0	3	4	1*p06+1*p23+1*p237+1*p4		1.00	I386
BTR	M16, R16	10	11	1*p015+3*p0156+3*p06+1*p1+2*p23+1*p4	15	5.00	I386
BTR	M32, I8	3	4	1*p06+1*p23+1*p237+1*p4		1.00	I386
BTR	M64, 0	3	4	1*p06+1*p23+1*p237+1*p4		1.00	I386
BTR	M64, R64	9	10	3*p0156+3*p06+1*p1+2*p23+1*p4	13	5.00	I386
BTR	R16, I8	1	1	1*p06	1	1.00	I386
BTR	R32, 0	1	1	1*p06	1	1.00	I386
BTR	R32, R32	1	1	1*p06	1	1.00	I386
BTR	R64, I8	1	1	1*p06	1	1.00	I386
BTR	M16, 0	8	7	3*p0156+3*p06+2*p23+1*p4		19.00	lock I386
BTR	M16, R16	14	13	1*p015+5*p0156+5*p06+1*p1+2*p23+1*p4	35	19.00	lock I386
BTR	M32, I8	8	7	3*p0156+3*p06+2*p23+1*p4		19.00	lock I386
BTR	M64, 0	8	7	3*p0156+3*p06+2*p23+1*p4		19.00	lock I386
BTR	M64, R64	14	13	1*p015+3*p0156+6*p06+1*p1+2*p23+1*p4	33	19.00	lock I386
BTS	M16, I8	3	4	1*p06+1*p23+1*p237+1*p4		1.00	I386
BTS	M32, 0	3	4	1*p06+1*p23+1*p237+1*p4		1.00	I386
BTS	M32, R32	10	11	4*p0156+3*p06+1*p1+2*p23+1*p4	14	5.00	I386
BTS	M64, I8	3	4	1*p06+1*p23+1*p237+1*p4		1.00	I386
BTS	R16, 0	1	1	1*p06	1	1.00	I386
BTS	R16, R16	1	1	1*p06	1	1.00	I386
BTS	R32, I8	1	1	1*p06	1	1.00	I386
BTS	R64, 0	1	1	1*p06	1	1.00	I386
BTS	R64, R64	1	1	1*p06	1	1.00	I386
BTS	M16, I8	8	7	3*p0156+3*p06+2*p23+1*p4		19.00	lock I386
BTS	M32, 0	8	7	3*p0156+3*p06+2*p23+1*p4		19.00	lock I386
BTS	M32, R32	14	13	6*p0156+5*p06+1*p1+2*p23+1*p4	34	19.02	lock I386
BTS	M64, I8	8	7	3*p0156+3*p06+2*p23+1*p4		19.00	lock I386
CALL	R64	2	3	1*p06+1*p237+1*p4		2.72	I86
CBW		1	1	1*p0156	1	1.00	I86
CLC		1	0			0.25	I86
CLI		3	3	2*p06+1*p1		2.00	I86
CMC		1	1	1*p0156	1	0.53	I86
CMOVB	R16, R16	2	2	1*p0156+1*p06	2	1.00	CMOV
CMOVB	R32, R32	2	2	1*p0156+1*p06	2	1.00	CMOV
CMOVB	R64, R64	2	2	1*p0156+1*p06	2	1.00	CMOV
CMOVBE	R16, R16	3	3	1*p0156+2*p06	3	1.00	CMOV
CMOVBE	R32, R32	3	3	1*p0156+2*p06	3	1.00	CMOV
CMOVBE	R64, R64	3	3	1*p0156+2*p06	3	1.00	CMOV
CMOVL	R16, R16	2	2	1*p0156+1*p06	2	1.00	CMOV
CMOVL	R32, R32	2	2	1*p0156+1*p06	2	1.00	CMOV
CMOVL	R64, R64	2	2	1*p0156+1*p06	2	1.00	CMOV
CMOVLE	R16, R16	2	2	1*p0156+1*p06	2	1.00	CMOV
CMOVLE	R32, R32	2	2	1*p0156+1*p06	2	1.00	CMOV
CMOVLE	R64, R64	2	2	1*p0156+1*p06	2	1.00	CMOV
CMOVNB	R16, R16	2	2	1*p0156+1*p06	2	1.00	CMOV
CMOVNB	R32, R32	2	2	1*p0156+1*p06	2	1.00	CMOV
CMOVNB	R64, R64	2	2	1*p0156+1*p06	2	1.00	CMOV
CMOVNBE	R16, R16	3	3	1*p0156+2*p06	3	1.00	CMOV
CMOVNBE	R32, R32	3	3	1*p0156+2*p06	3	1.00	CMOV
CMOVNBE	R64, R64	3	3	1*p0156+2*p06	3	1.00	CMOV
CMOVNL	R16, R16	2	2	1*p0156+1*p06	2	1.00	CMOV
CMOVNL	R32, R32	2	2	1*p0156+1*p06	2	1.00	CMOV
CMOVNL	R64, R64	2	2	1*p0156+1*p06	2	1.00	CMOV
CMOVNLE	R16, R16	2	2	1*p0156+1*p06	2	1.00	CMOV
CMOVNLE	R32, R32	2	2	1*p0156+1*p06	2	1.00	CMOV
CMOVNLE	R64, R64	2	2	1*p0156+1*p06	2	1.00	CMOV
CMOVNO	R16, R16	2	2	1*p0156+1*p06	2	1.00	CMOV
CMOVNO	R32, R32	2	2	1*p0156+1*p06	2	1.00	CMOV
CMOVNO	R64, R64	2	2	1*p0156+1*p06	2	1.00	CMOV
CMOVNP	R16, R16	2	2	1*p0156+1*p06	2	1.00	CMOV
CMOVNP	R32, R32	2	2	1*p0156+1*p06	2	1.00	CMOV
CMOVNP	R64, R64	2	2	1*p0156+1*p06	2	1.00	CMOV
CMOVNS	R16, R16	2	2	1*p0156+1*p06	2	1.00	CMOV
CMOVNS	R32, R32	2	2	1*p0156+1*p06	2	1.00	CMOV
CMOVNS	R64, R64	2	2	1*p0156+1*p06	2	1.00	CMOV
CMOVNZ	R16, R16	2	2	1*p0156+1*p06	2	1.00	CMOV
CMOVNZ	R32, R32	2	2	1*p0156+1*p06	2	1.00	CMOV
CMOVNZ	R64, R64	2	2	1*p0156+1*p06	2	1.00	CMOV
CMOVO	R16, R16	2	2	1*p0156+1*p06	2	1.00	CMOV
CMOVO	R32, R32	2	2	1*p0156+1*p06	2	1.00	CMOV
CMOVO	R64, R64	2	2	1*p0156+1*p06	2	1.00	CMOV
CMOVP	R16, R16	2	2	1*p0156+1*p06	2	1.00	CMOV
CMOVP	R32, R32	2	2	1*p0156+1*p06	2	1.00	CMOV
CMOVP	R64, R64	2	2	1*p0156+1*p06	2	1.00	CMOV
CMOVS	R16, R16	2	2	1*p0156+1*p06	2	1.00	CMOV
CMOVS	R32, R32	2	2	1*p0156+1*p06	2	1.00	CMOV
CMOVS	R64, R64	2	2	1*p0156+1*p06	2	1.00	CMOV
CMOVZ	R16, R16	2	2	1*p0156+1*p06	2	1.00	CMOV
CMOVZ	R32, R32	2	2	1*p0156+1*p06	2	1.00	CMOV
CMOVZ	R64, R64	2	2	1*p0156+1*p06	2	1.00	CMOV
CMP	AL, I8	1	1	1*p0156	1	0.33	I86
CMP	EAX, I32	1	1	1*p0156	1	0.33	I86
CMP	M16, I16	1	2	1*p0156+1*p23		3.38	I86
CMP	M16, R16	1	2	1*p0156+1*p23	1	0.50	I86
CMP	M32, I32	1	2	1*p0156+1*p23		0.50	I86
CMP	M32, R32	1	2	1*p0156+1*p23	1	0.50	I86
CMP	M64, I32	1	2	1*p0156+1*p23		0.50	I86
CMP	M64, R64	1	2	1*p0156+1*p23	1	0.50	I86
CMP	M8, I8	1	2	1*p0156+1*p23		0.50	I86
CMP	M8, R8l	1	2	1*p0156+1*p23	1	0.50	I86
CMP	R16, I16	1	1	1*p0156	1	3.38	I86
CMP	R16, M16	1	2	1*p0156+1*p23	1	0.50	I86
CMP	R32, I32	1	1	1*p0156	1	0.44	I86
CMP	R32, M32	1	2	1*p0156+1*p23	1	0.50	I86
CMP	R64, I32	1	1	1*p0156	1	0.44	I86
CMP	R64, M64	1	2	1*p0156+1*p23	1	0.50	I86
CMP	R8h, I8	1	1	1*p0156	1	0.38	I86
CMP	R8l, M8	1	2	1*p0156+1*p23	1	0.50	I86
CMPSB		5	5	3*p0156+2*p23	4	4.00	I86
REPNE_CMPSB		11	23	11*p015+14*p06+1*p1+4*p23+1*p5		41.23	I86
REPE_CMPSD		11	23	11*p015+14*p06+1*p1+4*p23+1*p5		41.25	I386
CMPSW		5	5	3*p0156+2*p23	4	4.00	I86
REPNE_CMPSW		11	23	11*p015+14*p06+1*p1+4*p23+1*p5		41.23	I86
CMPXCHG	M32, R32	5	6	1*p0156+2*p06+1*p23+1*p237+1*p4	6	4.00	I486REAL
CMPXCHG	M8, R8h	5	6	1*p0156+2*p06+1*p23+1*p237+1*p4	8	4.00	I486REAL
CMPXCHG	R16, R16	5	5	3*p0156+2*p06	3	5.00	I486REAL
CMPXCHG	R64, R64	5	5	3*p0156+2*p06	3	5.00	I486REAL
CMPXCHG	R8h, R8l	5	5	3*p0156+2*p06	3	5.00	I486REAL
CMPXCHG	R8l, R8l	5	5	3*p0156+2*p06	3	5.00	I486REAL
CMPXCHG8B	M64	19	18	5*p015+7*p0156+7*p06+2*p15+2*p23+1*p4	29	19.03	lock PENTIUMREAL
CMPXCHG	M32, R32	10	9	5*p0156+4*p06+2*p23+1*p4	29	19.00	lock I486REAL
CMPXCHG	M8, R8h	10	9	5*p0156+4*p06+2*p23+1*p4	30	19.00	lock I486REAL
CMP	R8h, R8h	1	1	1*p0156	1	0.33	I86
CMP	R8l, R8h	1	1	1*p0156	1	0.33	I86
CMP	R16, R16	1	1	1*p0156	1	0.33	I86
CMP	R64, R64	1	1	1*p0156	1	0.33	I86
CMP	R8h, R8l	1	1	1*p0156	1	0.33	I86
CMP	R8l, R8l	1	1	1*p0156	1	0.33	I86
CMP	R32, R32	1	1	1*p0156	1	0.33	I86
CMP	R8l, 0	1	1	1*p0156	1	0.33	I86
CPUID		33	37	7*p0+15*p06+5*p1+1*p4+10*p5		99.46	I486REAL
CWDE		1	1	1*p0156	1	1.00	I386
DEC	M32	3	4	1*p0156+1*p23+1*p237+1*p4		1.00	I86
DEC	M8	3	4	1*p0156+1*p23+1*p237+1*p4		1.00	I86
DEC	R32	1	1	1*p0156	1	0.33	I86
DEC	R8h	1	1	1*p0156	1	0.33	I86
DEC	M16	8	7	3*p0156+2*p06+2*p23+1*p4		19.00	lock I86
DEC	M64	8	7	4*p0156+2*p06+2*p23+1*p4		19.00	lock I86
DIV	M16	12	12	2*p0+2*p0156+2*p06+2*p1+1*p15+1*p23+2*p5		9.02	I86
DIV	M64	36	32	2*p0+7*p015+4*p0156+12*p06+3*p1+1*p23+3*p5		21.00	I86
DIV	R16	11	11	2*p0+2*p0156+2*p06+2*p1+1*p15+2*p5		9.00	I86
DIV	R64	36	32	2*p0+8*p015+4*p0156+12*p06+3*p1+3*p5		21.00	I86
DIV	R8l	9	9	2*p0+2*p0156+1*p06+2*p1+2*p5		9.00	I86
ENTER	I16, I8	28	50	3*p0+20*p06+4*p1+19*p23+4*p4+7*p5		91.52	I186
IDIV	M16	11	11	2*p0+2*p0156+1*p06+2*p1+1*p15+1*p23+2*p5		8.16	I86
IDIV	M64	59	57	2*p0+7*p01+12*p015+26*p06+3*p1+1*p15+1*p23+5*p5		24.23	I86
IDIV	R16	10	10	2*p0+2*p0156+1*p06+2*p1+1*p15+2*p5		8.05	I86
IDIV	R64	59	57	2*p0+7*p01+12*p015+1*p0156+26*p06+3*p1+1*p15+5*p5		24.28	I86
IDIV	R8l	9	9	2*p0+3*p0156+2*p1+2*p5		8.06	I86
IMUL	M32	3	4	1*p0156+1*p06+1*p1+1*p23	4	2.00	I86
IMUL	M8	1	2	1*p1+1*p23	3	1.00	I86
IMUL	R16, M16	1	2	1*p1+1*p23	3	1.00	I86
IMUL	R16, M16, I16	2	3	1*p0156+1*p1+1*p23	1	3.38	I186
IMUL	R16, R16	1	1	1*p1	3	1.00	I86
IMUL	R16, R16, I16	2	2	1*p0156+1*p1	4	3.38	I186
IMUL	R32	3	3	1*p0156+1*p06+1*p1	4	2.00	I86
IMUL	R32, M32, 0	1	2	1*p1+1*p23		1.00	I186
IMUL	R32, M32, I8	1	2	1*p1+1*p23		1.00	I186
IMUL	R32, R32, 0	1	1	1*p1	3	1.00	I186
IMUL	R32, R32, I8	1	1	1*p1	3	1.00	I186
IMUL	R64, M64	1	2	1*p1+1*p23	3	1.00	I86
IMUL	R64, M64, I32	1	2	1*p1+1*p23		1.00	I186
IMUL	R64, R64	1	1	1*p1	3	1.00	I86
IMUL	R64, R64, I32	1	1	1*p1	3	1.00	I186
IMUL	R8h	1	1	1*p1	3	1.00	I86
IN	AL, 0	71	87	15*p0+5*p0156+36*p06+16*p1+1*p15+2*p23+12*p5		4427.23	I86
IN	AL, I8	71	87	15*p0+5*p0156+36*p06+16*p1+2*p15+2*p23+11*p5		3599.40	I86
IN	AX, DX	59	59	9*p0+5*p0156+23*p06+13*p1+1*p23+8*p5		3599.40	I86
IN	EAX, 0	60	60	11*p0+5*p0156+22*p06+12*p1+1*p15+1*p23+8*p5		4434.43	I86
IN	EAX, I8	60	60	11*p0+5*p0156+22*p06+12*p1+1*p15+1*p23+8*p5		3578.80	I86
INC	M32	3	4	1*p0156+1*p23+1*p237+1*p4		1.00	I86
INC	M8	3	4	1*p0156+1*p23+1*p237+1*p4		1.00	I86
INC	R32	1	1	1*p0156	1	0.33	I86
INC	R8h	1	1	1*p0156	1	0.33	I86
INC	M16	8	7	4*p0156+2*p06+2*p23+1*p4		19.00	lock I86
INC	M64	8	7	4*p0156+2*p06+2*p23+1*p4		19.00	lock I86
INSB		58	58	8*p0+5*p0156+21*p06+12*p1+1*p15+2*p23+1*p237+1*p4+7*p5		3567.20	I186
REP_INSB		41	41	4*p0+1*p015+4*p0156+16*p06+10*p1+1*p15+5*p5		89.62	I186
REP_INSD		41	41	4*p0+1*p015+4*p0156+16*p06+10*p1+1*p15+5*p5		89.60	I386
INSW		58	58	8*p0+5*p0156+21*p06+12*p1+1*p15+2*p23+1*p237+1*p4+7*p5		3567.73	I186
REP_INSW		41	41	5*p0+5*p0156+15*p06+10*p1+1*p15+5*p5		89.70	I186
JB	Rel32	1	1	1*p06		1.00	I86
JBE	Rel32	1	1	1*p06		1.00	I86
JL	Rel32	1	1	1*p06		1.00	I86
JLE	Rel32	1	1	1*p06		1.00	I86
JMP	M64	1	2	1*p0156+1*p06+1*p23		2.37	I86
JMP	Rel32	1	1	1*p06		2.12	I86
JNB	Rel8	1	1	1*p06		1.94	I86
JNBE	Rel8	1	1	1*p06		1.94	I86
JNL	Rel8	1	1	1*p06		0.93	I86
JNLE	Rel8	1	1	1*p06		1.98	I86
JNO	Rel8	1	1	1*p06		1.93	I86
JNP	Rel8	1	1	1*p06		1.93	I86
JNS	Rel8	1	1	1*p06		1.93	I86
JNZ	Rel8	1	1	1*p06		2.29	I86
JO	Rel8	1	1	1*p06		1.82	I86
JP	Rel8	1	1	1*p06		2.20	I86
JS	Rel32	1	1	1*p06		1.00	I86
JZ	Rel32	1	1	1*p06		1.00	I86
LAHF		1	1	1*p06	1	1.00	LAHF
LAR	R16, R16	23	24	4*p015+3*p0156+11*p06+3*p1+2*p23+1*p5	58	62.25	I286PROTECTED
LAR	R32, R32	23	24	4*p015+3*p0156+11*p06+3*p1+2*p23+1*p5	58	62.00	I286PROTECTED
LAR	R64, R64	23	24	4*p015+3*p0156+11*p06+3*p1+2*p23+1*p5	58	62.00	I286PROTECTED
LEAVE		3	4	3*p0156+1*p23	6	2.02	I186
LEA	R32	1	1	1*p15		0.50	I86
LEA	R16	2	2	1*p0156+1*p15	1	1.00	I86
LEA	R64	1	1	1*p15		0.50	I86
LEA	R16	2	2	1*p0156+1*p1	1	1.00	I86
LEA	R64	1	1	1*p1		1.00	I86
LEA	R32	1	1	1*p1		1.00	I86
LLDT	M16	15	16	9*p06+3*p1+2*p23+1*p237+1*p4		131.54	I286PROTECTED
LMSW	M16	28	33	1*p0+1*p01+16*p06+4*p1+2*p15+2*p23+2*p4+5*p5		144.50	I286REAL
LODSB		3	3	2*p0156+1*p23		1.22	I86
REP_LODSB		9	19	6*p015+12*p06+1*p1+3*p23		41.23	I86
REP_LODSD		9	19	6*p015+12*p06+1*p1+3*p23		41.23	I386
LODSW		3	3	2*p0156+1*p23		1.22	I86
REP_LODSW		9	19	6*p015+12*p06+1*p1+3*p23		41.23	I86
LOOPE	Rel8	11	11	2*p015+2*p0156+6*p06+1*p1	2	5.97	I86
LSL	R16, M16	14	14	7*p06+3*p1+3*p23+1*p5	38	30.50	I286PROTECTED
LSL	R32, M16	14	14	7*p06+3*p1+3*p23+1*p5	38	30.50	I286PROTECTED
LSL	R64, M16	14	14	7*p06+3*p1+3*p23+1*p5	38	30.50	I286PROTECTED
MOV	AX, Moffs16	1	2	1*p0156+1*p23	5	1.00	I86
MOV	M16, I16	1	2	1*p237+1*p4		3.38	I86
MOV	M16, SEG	2	3	1*p1+1*p237+1*p4		1.00	I86
MOV	M32, R32	1	2	1*p237+1*p4	4	1.00	I86
MOV	M64, R64	1	2	1*p237+1*p4	4	1.00	I86
MOV	M8, I8	1	2	1*p237+1*p4		1.00	I86
MOV	M8, R8l	1	2	1*p237+1*p4	5	1.00	I86
MOV	Moffs32, EAX	1	2	1*p237+1*p4	4	1.02	I86
MOV	Moffs8, AL	1	2	1*p237+1*p4	5	1.02	I86
MOV	R16, M16	1	2	1*p0156+1*p23	1	0.50	I86
MOV	R32, I32	1	1	1*p0156		0.35	I86
MOV	R32, SEG	2	2	1*p0156+1*p1		1.00	I86
MOV	R64, I64	1	1	1*p0156		0.62	I86
MOV	R64, SEG	2	2	1*p0156+1*p1		1.00	I86
MOV	R8h, I8	1	1	1*p0156	1	0.25	I86
MOV	R8l, 0	1	1	1*p0156	1	0.31	I86
MOV	R8l, M8	1	2	1*p0156+1*p23	1	0.50	I86
MOVSB		5	5	2*p0156+2*p23+1*p4		4.00	I86
REP_MOVSB		82	88	12*p01+7*p015+31*p06+2*p1+18*p15+17*p23+7*p4		30.29	I86
REP_MOVSD		65	77	3*p01+12*p015+7*p0156+6*p06+1*p15+32*p23+16*p4		22.00	I386
MOVSW		5	5	2*p0156+2*p23+1*p4		4.00	I86
REP_MOVSW		65	77	2*p01+13*p015+7*p0156+6*p06+1*p15+32*p23+16*p4		22.00	I86
MOVSX	R16, R8h	1	1	1*p0156	1	0.25	I386
MOVSX	R32, M16	1	1	1*p23		0.50	I386
MOVSX	R32, R16	1	1	1*p0156	1	0.25	I386
MOVSX	R32, R8l	1	1	1*p0156	1	0.25	I386
MOVSX	R64, M8	1	1	1*p23		0.50	I386
MOVSX	R64, R8l	1	1	1*p0156	1	0.25	I386
MOVZX	R16, R8h	1	1	1*p0156	1	0.25	I386
MOVZX	R32, M16	1	1	1*p23		0.50	I386
MOVZX	R32, R16	1	1	1*p0156	1	0.25	I386
MOVZX	R32, R8l	1	0		0	0.25	I386
MOVZX	R64, M8	1	1	1*p23		0.50	I386
MOVZX	R64, R8l	1	0		0	0.25	I386
MOV	R8h, R8l	1	1	1*p0156	1	0.25	I86
MOV	R8l, R8l	1	1	1*p0156	1	0.31	I86
MOV	R32, R32	1	0		0	0.30	I86
MOV	R8h, R8h	1	1	1*p0156	1	0.25	I86
MOV	R8l, R8h	1	1	1*p0156	1	0.40	I86
MOV	R16, R16	1	1	1*p0156	1	0.25	I86
MOV	R64, R64	1	0		0	0.30	I86
MOV_CR	R64, CR	5	5	1*p0156+3*p06+1*p5		9.00	I86
MOV_DR	R64, DR	30	30	2*p01+11*p015+17*p06+3*p5	165	27.00	I86
MUL	M32	3	4	1*p0156+1*p06+1*p1+1*p23	4	2.00	I86
MUL	M8	1	2	1*p1+1*p23	3	1.00	I86
MUL	R32	3	3	1*p0156+1*p06+1*p1	4	2.00	I86
MUL	R8h	1	1	1*p1	3	1.00	I86
NEG	M16	2	4	1*p0156+1*p23+1*p237+1*p4		1.00	I86
NEG	M64	2	4	1*p0156+1*p23+1*p237+1*p4		1.00	I86
NEG	R16	1	1	1*p0156	1	0.25	I86
NEG	R64	1	1	1*p0156	1	0.31	I86
NEG	R8l	1	1	1*p0156	1	0.31	I86
NEG	M32	8	7	3*p0156+2*p06+2*p23+1*p4		19.00	lock I86
NEG	M8	8	7	4*p0156+2*p06+2*p23+1*p4		19.00	lock I86
NOP	M16	1	0			0.31	FAT_NOP
NOP	M64	1	0			0.25	FAT_NOP
NOP	R32	1	0			0.25	FAT_NOP
NOT	M16	3	4	1*p0156+1*p23+1*p237+1*p4		1.00	I86
NOT	M64	3	4	1*p0156+1*p23+1*p237+1*p4		1.00	I86
NOT	R16	1	1	1*p0156	1	0.25	I86
NOT	R64	1	1	1*p0156	1	0.31	I86
NOT	R8l	1	1	1*p0156	1	0.31	I86
NOT	M32	8	7	4*p0156+2*p06+2*p23+1*p4		19.00	lock I86
NOT	M8	8	7	4*p0156+2*p06+2*p23+1*p4		19.00	lock I86
OR	AL, I8	1	1	1*p0156	1	0.63	I86
OR	EAX, I32	1	1	1*p0156	1	0.50	I86
OR	M16, I16	2	4	1*p0156+1*p23+1*p237+1*p4		3.29	I86
OR	M16, R16	2	4	1*p0156+1*p23+1*p237+1*p4	6	1.10	I86
OR	M32, I32	2	4	1*p0156+1*p23+1*p237+1*p4		1.00	I86
OR	M32, R32	2	4	1*p0156+1*p23+1*p237+1*p4	5	1.09	I86
OR	M64, I32	2	4	1*p0156+1*p23+1*p237+1*p4		1.00	I86
OR	M64, R64	2	4	1*p0156+1*p23+1*p237+1*p4	5	1.09	I86
OR	M8, I8	2	4	1*p0156+1*p23+1*p237+1*p4		1.00	I86
OR	M8, R8l	2	4	1*p0156+1*p23+1*p237+1*p4	6	1.10	I86
OR	R16, I16	1	1	1*p0156	1	3.35	I86
OR	R16, M16	1	2	1*p0156+1*p23	1	0.50	I86
OR	R32, I32	1	1	1*p0156	1	0.40	I86
OR	R32, M32	1	2	1*p0156+1*p23	1	0.50	I86
OR	R64, I32	1	1	1*p0156	1	0.44	I86
OR	R64, M64	1	2	1*p0156+1*p23	1	0.50	I86
OR	R8h, I8	1	1	1*p0156	1	0.38	I86
OR	R8l, M8	1	2	1*p0156+1*p23	1	0.50	I86
OR	R8h, R8h	1	1	1*p0156	1	0.40	I86
OR	R8l, R8h	1	1	1*p0156	1	0.42	I86
OR	R16, R16	1	1	1*p0156	1	0.25	I86
OR	R64, R64	1	1	1*p0156	1	0.31	I86
OR	R8h, R8l	1	1	1*p0156	1	0.40	I86
OR	R8l, R8l	1	1	1*p0156	1	0.31	I86
OR	R32, R32	1	1	1*p0156	1	0.31	I86
OR	M16, 0	8	7	3*p0156+2*p06+2*p23+1*p4		19.00	lock I86
OR	M16, I8	8	7	3*p0156+2*p06+2*p23+1*p4		19.00	lock I86
OR	M32, 0	8	7	3*p0156+2*p06+2*p23+1*p4		19.00	lock I86
OR	M32, I8	8	7	3*p0156+2*p06+2*p23+1*p4		19.00	lock I86
OR	M64, 0	8	7	4*p0156+2*p06+2*p23+1*p4		19.00	lock I86
OR	M64, I8	8	7	3*p0156+2*p06+2*p23+1*p4		19.00	lock I86
OR	M8, 0	8	7	3*p0156+2*p06+2*p23+1*p4		19.00	lock I86
OR	M8, R8h	8	7	4*p0156+2*p06+2*p23+1*p4	29	19.00	lock I86
OR	R8l, 0	1	1	1*p0156	1	0.25	I86
OUT	0, AL	53	54	9*p0+4*p0156+18*p06+11*p1+2*p15+1*p237+1*p4+8*p5		4809.00	I86
OUT	0, EAX	53	54	9*p0+4*p0156+18*p06+11*p1+2*p15+1*p237+1*p4+8*p5		4844.87	I86
OUT	DX, AX	52	53	7*p0+4*p0156+19*p06+12*p1+1*p15+1*p237+1*p4+8*p5		9701.37	I86
OUT	I8, AL	53	54	9*p0+4*p0156+18*p06+11*p1+2*p15+1*p237+1*p4+8*p5		7534.10	I86
OUT	I8, EAX	53	54	9*p0+4*p0156+18*p06+11*p1+2*p15+1*p237+1*p4+8*p5		14023.17	I86
REP_OUTSB		40	40	4*p0+1*p015+4*p0156+15*p06+10*p1+1*p15+5*p5		88.78	I186
OUTSD		56	57	7*p0+1*p01+5*p0156+21*p06+12*p1+2*p15+1*p23+1*p237+1*p4+6*p5		14019.30	I386
REP_OUTSD		40	40	5*p0+5*p0156+14*p06+10*p1+1*p15+5*p5		88.90	I386
REP_OUTSD		40	40	5*p0+5*p0156+14*p06+10*p1+1*p15+5*p5		88.88	I386
REP_OUTSW		40	40	5*p0+5*p0156+14*p06+10*p1+1*p15+5*p5		88.63	I186
POP	M16	2	3	1*p23+1*p237+1*p4		1.00	I86
POP	R16	1	2	1*p0156+1*p23	1	0.50	I86
POPF		10	7	3*p0156+2*p06+1*p1+1*p23		20.00	I86
PUSH	FS	2	3	1*p1+1*p237+1*p4		1.00	I86
PUSH	I32	1	2	1*p237+1*p4		1.00	I186
PUSH	M16	2	3	1*p23+1*p237+1*p4		1.00	I86
PUSH	R16	1	2	1*p237+1*p4	5	1.00	I86
PUSHF		3	4	1*p06+1*p1+1*p237+1*p4	9	1.00	I86
PUSH	I16	1	2	1*p237+1*p4		3.25	I186
RCL	M16, 0	11	11	2*p0156+4*p06+2*p1+2*p23+1*p4		7.08	I186
RCL	M16, CL	11	11	2*p0156+4*p06+2*p1+2*p23+1*p4	12	7.00	I86
RCL	M32, 0	11	11	2*p0156+4*p06+2*p1+2*p23+1*p4		7.08	I186
RCL	M32, CL	11	11	2*p0156+4*p06+2*p1+2*p23+1*p4	12	7.00	I86
RCL	M64, 0	11	11	2*p0156+4*p06+2*p1+2*p23+1*p4		7.08	I186
RCL	M64, CL	11	11	2*p0156+4*p06+2*p1+2*p23+1*p4	12	7.00	I86
RCL	M8, 0	12	12	1*p0156+6*p06+1*p1+1*p15+2*p23+1*p4		6.00	I186
RCL	M8, CL	12	12	1*p0156+6*p06+1*p1+1*p15+2*p23+1*p4	10	6.00	I86
RCL	R16, 0	8	8	2*p0156+4*p06+2*p1	6	7.07	I186
RCL	R16, CL	8	8	2*p0156+4*p06+2*p1	8	6.00	I86
RCL	R32, 0	8	8	2*p0156+4*p06+2*p1	6	7.07	I186
RCL	R32, CL	8	8	2*p0156+4*p06+2*p1	8	6.00	I86
RCL	R64, 0	8	8	2*p0156+4*p06+2*p1	6	7.07	I186
RCL	R64, CL	8	8	2*p0156+4*p06+2*p1	8	6.00	I86
RCL	R8h, 0	10	10	1*p015+1*p0156+6*p06+1*p1+1*p15	6	5.33	I186
RCL	R8h, CL	10	10	1*p015+1*p0156+6*p06+1*p1+1*p15	6	5.33	I86
RCL	R8l, CL	10	10	1*p015+1*p0156+6*p06+1*p1+1*p15	6	5.29	I86
RCL	R8l, 1	3	3	1*p0156+2*p06	2	2.00	I86
RCL	R8l, 0	10	10	1*p015+1*p0156+6*p06+1*p1+1*p15	6	5.31	I186
RCL	R8l, I8	10	10	1*p015+1*p0156+6*p06+1*p1+1*p15	6	5.31	I186
RCR	M16, 1	4	6	1*p0156+2*p06+1*p23+1*p237+1*p4	7	2.00	I86
RCR	M16, I8	11	11	2*p0156+4*p06+2*p1+2*p23+1*p4	10	6.00	I186
RCR	M32, 1	4	6	1*p0156+2*p06+1*p23+1*p237+1*p4	7	2.00	I86
RCR	M32, I8	11	11	2*p0156+4*p06+2*p1+2*p23+1*p4	10	6.00	I186
RCR	M64, 1	4	6	1*p0156+2*p06+1*p23+1*p237+1*p4	7	2.00	I86
RCR	M64, I8	11	11	2*p0156+4*p06+2*p1+2*p23+1*p4	10	6.00	I186
RCR	M8, 1	4	6	1*p0156+2*p06+1*p23+1*p237+1*p4	7	2.00	I86
RCR	M8, I8	13	13	2*p0156+5*p06+2*p1+1*p15+2*p23+1*p4	11	6.65	I186
RCR	R16, 1	3	3	1*p0156+2*p06	2	2.00	I86
RCR	R16, I8	8	8	2*p0156+4*p06+2*p1	6	6.00	I186
RCR	R32, 1	3	3	1*p0156+2*p06	2	2.00	I86
RCR	R32, I8	8	8	2*p0156+4*p06+2*p1	6	6.00	I186
RCR	R64, 1	3	3	1*p0156+2*p06	2	2.00	I86
RCR	R64, I8	8	8	2*p0156+4*p06+2*p1	6	6.00	I186
RCR	R8h, 1	3	3	1*p0156+2*p06	2	2.00	I86
RCR	R8h, I8	11	11	1*p015+2*p0156+5*p06+2*p1+1*p15	7	6.37	I186
RCR	R8l, 0	11	11	1*p015+2*p0156+5*p06+2*p1+1*p15	7	6.38	I186
RCR	R8l, I8	11	11	1*p015+2*p0156+5*p06+2*p1+1*p15	7	6.38	I186
RCR	R8l, 1	3	3	1*p0156+2*p06	2	2.00	I86
RDMSR		65	70	1*p0+6*p01+14*p015+37*p06+5*p1+6*p15+3*p5		92.29	PENTIUMREAL
RDTSC		13	13	1*p015+3*p0156+6*p06+2*p1+1*p5		24.00	PENTIUMREAL
RET	I16	4	22	2*p0156+7*p06+6*p15+2*p23+2*p237+1*p4		34.33	I86
ROL	M16, 1	4	5	2*p06+1*p23+1*p237+1*p4		1.11	I86
ROL	M16, I8	4	5	2*p06+1*p23+1*p237+1*p4		1.07	I186
ROL	M32, 1	4	5	2*p06+1*p23+1*p237+1*p4		1.04	I86
ROL	M32, I8	4	5	2*p06+1*p23+1*p237+1*p4		1.04	I186
ROL	M64, 1	4	5	2*p06+1*p23+1*p237+1*p4		1.05	I86
ROL	M64, I8	4	5	2*p06+1*p23+1*p237+1*p4		1.05	I186
ROL	M8, 1	4	5	2*p06+1*p23+1*p237+1*p4		1.11	I86
ROL	M8, I8	4	5	2*p06+1*p23+1*p237+1*p4		1.11	I186
ROL	R16, 1	2	2	2*p06	1	1.00	I86
ROL	R16, I8	1	1	1*p06	1	0.50	I186
ROL	R32, 1	2	2	2*p06	1	1.00	I86
ROL	R32, I8	1	1	1*p06	1	0.50	I186
ROL	R64, 1	2	2	2*p06	1	1.00	I86
ROL	R64, I8	1	1	1*p06	1	0.50	I186
ROL	R8h, 1	2	2	2*p06	1	1.00	I86
ROL	R8h, I8	1	1	1*p06	1	0.50	I186
ROL	R8l, 0	1	1	1*p06	1	0.50	I186
ROL	R8l, I8	1	1	1*p06	1	0.50	I186
ROL	R8l, 1	2	2	2*p06	1	1.00	I86
ROR	M16, 0	4	5	2*p06+1*p23+1*p237+1*p4		1.07	I186
ROR	M16, CL	5	6	3*p06+1*p23+1*p237+1*p4	6	4.00	I86
ROR	M32, 0	4	5	2*p06+1*p23+1*p237+1*p4		1.02	I186
ROR	M32, CL	5	6	3*p06+1*p23+1*p237+1*p4	6	3.98	I86
ROR	M64, 0	4	5	2*p06+1*p23+1*p237+1*p4		1.00	I186
ROR	M64, CL	5	6	3*p06+1*p23+1*p237+1*p4	6	3.98	I86
ROR	M8, 0	4	5	2*p06+1*p23+1*p237+1*p4		1.05	I186
ROR	M8, CL	5	6	3*p06+1*p23+1*p237+1*p4	6	3.96	I86
ROR	R16, 0	1	1	1*p06	1	0.50	I186
ROR	R16, CL	3	3	3*p06	2	2.00	I86
ROR	R32, 0	1	1	1*p06	1	0.50	I186
ROR	R32, CL	3	3	3*p06	2	2.00	I86
ROR	R64, 0	1	1	1*p06	1	0.50	I186
ROR	R64, CL	3	3	3*p06	2	2.00	I86
ROR	R8h, 0	1	1	1*p06	1	0.50	I186
ROR	R8h, CL	3	3	3*p06	2	2.00	I86
ROR	R8l, CL	3	3	3*p06	2	2.00	I86
ROR	R8l, 1	2	2	2*p06	1	1.00	I86
ROR	R8l, 0	1	1	1*p06	1	0.50	I186
ROR	R8l, I8	1	1	1*p06	1	0.50	I186
SAHF		1	1	1*p06	1	1.00	LAHF
SAR	M16, 1	3	4	1*p06+1*p23+1*p237+1*p4		1.00	I86
SAR	M16, I8	3	4	1*p06+1*p23+1*p237+1*p4		1.00	I186
SAR	M32, 1	3	4	1*p06+1*p23+1*p237+1*p4		1.00	I86
SAR	M32, I8	3	4	1*p06+1*p23+1*p237+1*p4		1.00	I186
SAR	M64, 1	3	4	1*p06+1*p23+1*p237+1*p4		1.00	I86
SAR	M64, I8	3	4	1*p06+1*p23+1*p237+1*p4		1.00	I186
SAR	M8, 1	3	4	1*p06+1*p23+1*p237+1*p4		1.00	I86
SAR	M8, I8	3	4	1*p06+1*p23+1*p237+1*p4		1.00	I186
SAR	R16, 1	1	1	1*p06	1	0.50	I86
SAR	R16, I8	1	1	1*p06	1	0.50	I186
SAR	R32, 1	1	1	1*p06	1	0.50	I86
SAR	R32, I8	1	1	1*p06	1	0.50	I186
SAR	R64, 1	1	1	1*p06	1	0.50	I86
SAR	R64, I8	1	1	1*p06	1	0.50	I186
SAR	R8h, 1	1	1	1*p06	1	0.50	I86
SAR	R8h, I8	1	1	1*p06	1	0.50	I186
SAR	R8l, 0	1	1	1*p06	1	0.50	I186
SAR	R8l, I8	1	1	1*p06	1	0.50	I186
SAR	R8l, 1	1	1	1*p06	1	0.50	I86
SBB	AL, 0	2	2	1*p0156+1*p06	2	1.00	I86
SBB	AX, I16	2	2	1*p0156+1*p06	2	3.25	I86
SBB	M16, 0	4	6	3*p0156+1*p23+1*p237+1*p4	7	2.00	I86
SBB	M16, I8	4	6	3*p0156+1*p23+1*p237+1*p4	7	2.00	I86
SBB	M32, 0	4	6	3*p0156+1*p23+1*p237+1*p4	7	2.00	I86
SBB	M32, I8	4	6	3*p0156+1*p23+1*p237+1*p4	7	2.00	I86
SBB	M64, 0	4	6	3*p0156+1*p23+1*p237+1*p4	7	2.00	I86
SBB	M64, I8	4	6	3*p0156+1*p23+1*p237+1*p4	7	2.00	I86
SBB	M8, 0	4	6	3*p0156+1*p23+1*p237+1*p4	7	2.00	I86
SBB	M8, R8h	4	6	1*p0156+2*p06+1*p23+1*p237+1*p4	6	1.87	I86
SBB	R16, 0	1	1	1*p06	1	1.00	I86
SBB	R16, I8	2	2	1*p0156+1*p06	2	1.00	I86
SBB	R32, 0	1	1	1*p06	1	1.00	I86
SBB	R32, I8	2	2	1*p0156+1*p06	2	1.00	I86
SBB	R64, 0	1	1	1*p06	1	1.00	I86
SBB	R64, I8	2	2	1*p0156+1*p06	2	1.00	I86
SBB	R8h, 0	2	2	1*p0156+1*p06	2	1.00	I86
SBB	R8h, M8	2	3	1*p0156+1*p06+1*p23	2	1.00	I86
SBB	RAX, I32	2	2	1*p0156+1*p06	2	1.00	I86
SBB	R8h, R8l	2	2	1*p0156+1*p06	2	1.00	I86
SBB	R8l, R8l	2	2	1*p0156+1*p06	2	1.00	I86
SBB	R32, R32	2	2	1*p0156+1*p06	2	1.00	I86
SBB	R8h, R8h	2	2	1*p0156+1*p06	2	1.00	I86
SBB	R8l, R8h	2	2	1*p0156+1*p06	2	1.00	I86
SBB	R16, R16	2	2	1*p0156+1*p06	2	1.00	I86
SBB	R64, R64	2	2	1*p0156+1*p06	2	1.00	I86
SBB	M16, I16	9	8	5*p0156+2*p06+2*p23+1*p4	30	19.00	lock I86
SBB	M16, R16	9	8	5*p0156+3*p06+2*p23+1*p4	30	19.00	lock I86
SBB	M32, I32	9	8	5*p0156+2*p06+2*p23+1*p4	30	19.00	lock I86
SBB	M32, R32	9	8	5*p0156+3*p06+2*p23+1*p4	30	19.00	lock I86
SBB	M64, I32	9	8	5*p0156+2*p06+2*p23+1*p4	30	19.00	lock I86
SBB	M64, R64	9	8	5*p0156+3*p06+2*p23+1*p4	30	19.00	lock I86
SBB	M8, I8	9	8	5*p0156+2*p06+2*p23+1*p4	30	19.00	lock I86
SBB	M8, R8l	9	8	5*p0156+3*p06+2*p23+1*p4	30	19.00	lock I86
SBB	R8l, I8	2	2	1*p0156+1*p06	2	1.00	I86
REPE_SCASB		11	21	8*p015+12*p06+1*p1+3*p23+1*p5		41.23	I86
SCASD		3	3	2*p0156+1*p23	1	1.20	I386
REPNE_SCASD		11	21	8*p015+12*p06+1*p1+3*p23+1*p5		41.23	I386
REPE_SCASW		11	21	8*p015+12*p06+1*p1+3*p23+1*p5		41.25	I86
SETB	M8	2	3	1*p06+1*p237+1*p4	7	1.00	I386
SETB	R8l	1	1	1*p06	1	1.00	I386
SETBE	R8h	2	2	2*p06	2	1.00	I386
SETL	M8	2	3	1*p06+1*p237+1*p4	7	1.00	I386
SETL	R8l	1	1	1*p06	1	1.00	I386
SETLE	R8h	1	1	1*p06	1	1.00	I386
SETNB	M8	2	3	1*p06+1*p237+1*p4	7	1.00	I386
SETNB	R8l	1	1	1*p06	1	1.00	I386
SETNBE	R8h	2	2	2*p06	2	1.00	I386
SETNL	M8	2	3	1*p06+1*p237+1*p4	7	1.00	I386
SETNL	R8l	1	1	1*p06	1	1.00	I386
SETNLE	R8h	1	1	1*p06	1	1.00	I386
SETNO	M8	2	3	1*p06+1*p237+1*p4	7	1.00	I386
SETNO	R8l	1	1	1*p06	1	1.00	I386
SETNP	R8h	1	1	1*p06	1	1.00	I386
SETNS	M8	2	3	1*p06+1*p237+1*p4	7	1.00	I386
SETNS	R8l	1	1	1*p06	1	1.00	I386
SETNZ	R8h	1	1	1*p06	1	1.00	I386
SETO	M8	2	3	1*p06+1*p237+1*p4	7	1.00	I386
SETO	R8l	1	1	1*p06	1	1.00	I386
SETP	R8h	1	1	1*p06	1	1.00	I386
SETS	M8	2	3	1*p06+1*p237+1*p4	7	1.00	I386
SETS	R8l	1	1	1*p06	1	1.00	I386
SETZ	R8h	1	1	1*p06	1	1.00	I386
SGDT	M80	9	10	3*p06+3*p1+1*p23+1*p237+2*p4		7.00	I286REAL
SHL	M16, 1	3	4	1*p06+1*p23+1*p237+1*p4		1.00	I86
SHL	M16, I8	3	4	1*p06+1*p23+1*p237+1*p4		1.00	I186
SHL	M32, 1	3	4	1*p06+1*p23+1*p237+1*p4		1.00	I86
SHL	M32, I8	3	4	1*p06+1*p23+1*p237+1*p4		1.00	I186
SHL	M64, 1	3	4	1*p06+1*p23+1*p237+1*p4		1.00	I86
SHL	M64, I8	3	4	1*p06+1*p23+1*p237+1*p4		1.00	I186
SHL	M8, 1	3	4	1*p06+1*p23+1*p237+1*p4		1.00	I86
SHL	M8, I8	3	4	1*p06+1*p23+1*p237+1*p4		1.00	I186
SHL	R16, 1	1	1	1*p06	1	0.50	I86
SHL	R16, I8	1	1	1*p06	1	0.50	I186
SHL	R32, 1	1	1	1*p06	1	0.50	I86
SHL	R32, I8	1	1	1*p06	1	0.50	I186
SHL	R64, 1	1	1	1*p06	1	0.50	I86
SHL	R64, I8	1	1	1*p06	1	0.50	I186
SHL	R8h, 1	1	1	1*p06	1	0.50	I86
SHL	R8h, I8	1	1	1*p06	1	0.50	I186
SHLD	M16, R16, 0	3	5	1*p0156+1*p1+1*p23+1*p237+1*p4	9	1.00	I386
SHLD	M16, R16, I8	3	5	1*p0156+1*p1+1*p23+1*p4	9	1.00	I386
SHLD	M32, R32, CL	5	7	1*p0156+2*p06+1*p1+1*p23+1*p237+1*p4	9	4.00	I386
SHLD	M64, R64, 0	3	5	1*p0156+1*p1+1*p23+1*p237+1*p4	8	1.00	I386
SHLD	M64, R64, I8	3	5	1*p0156+1*p1+1*p23+1*p237+1*p4	8	1.00	I386
SHLD	R16, R16, CL	4	4	1*p0156+2*p06+1*p1	5	2.00	I386
SHLD	R32, R32, 0	1	1	1*p1	3	1.00	I386
SHLD	R32, R32, I8	1	1	1*p1	3	1.00	I386
SHLD	R64, R64, CL	4	4	1*p0156+2*p06+1*p1	5	2.00	I386
SHL	R8l, 0	1	1	1*p06	1	0.50	I186
SHL	R8l, I8	1	1	1*p06	1	0.50	I186
SHL	R8l, 1	1	1	1*p06	1	0.50	I86
SHR	M16, 0	3	4	1*p06+1*p23+1*p237+1*p4		1.00	I186
SHR	M16, CL	5	6	3*p06+1*p23+1*p237+1*p4	6	4.00	I86
SHR	M32, 0	3	4	1*p06+1*p23+1*p237+1*p4		1.00	I186
SHR	M32, CL	5	6	3*p06+1*p23+1*p237+1*p4	6	3.96	I86
SHR	M64, 0	3	4	1*p06+1*p23+1*p237+1*p4		1.00	I186
SHR	M64, CL	5	6	3*p06+1*p23+1*p237+1*p4	6	3.98	I86
SHR	M8, 0	3	4	1*p06+1*p23+1*p237+1*p4		1.00	I186
SHR	M8, CL	5	6	3*p06+1*p23+1*p237+1*p4	6	3.98	I86
SHR	R16, 0	1	1	1*p06	1	0.50	I186
SHR	R16, CL	3	3	3*p06	2	2.00	I86
SHR	R32, 0	1	1	1*p06	1	0.50	I186
SHR	R32, CL	3	3	3*p06	2	2.00	I86
SHR	R64, 0	1	1	1*p06	1	0.50	I186
SHR	R64, CL	3	3	3*p06	2	2.00	I86
SHR	R8h, 0	1	1	1*p06	1	0.50	I186
SHR	R8h, CL	3	3	3*p06	2	2.00	I86
SHR	R8l, CL	3	3	3*p06	2	2.00	I86
SHRD	M16, R16, CL	5	7	1*p0156+2*p06+1*p1+1*p23+1*p237+1*p4	9	4.00	I386
SHRD	M32, R32, 0	3	5	1*p0156+1*p1+1*p23+1*p237+1*p4	7	1.00	I386
SHRD	M32, R32, I8	3	5	1*p0156+1*p1+1*p23+1*p237+1*p4	7	1.02	I386
SHRD	M64, R64, CL	5	7	1*p0156+2*p06+1*p1+1*p23+1*p237+1*p4	9	4.00	I386
SHRD	R16, R16, 0	1	1	1*p1	3	1.00	I386
SHRD	R16, R16, I8	1	1	1*p1	3	1.00	I386
SHRD	R32, R32, CL	4	4	1*p0156+2*p06+1*p1	5	2.00	I386
SHRD	R64, R64, 0	1	1	1*p1	3	1.00	I386
SHRD	R64, R64, I8	1	1	1*p1	3	1.00	I386
SHR	R8l, 1	1	1	1*p06	1	0.50	I86
SHR	R8l, 0	1	1	1*p06	1	0.50	I186
SHR	R8l, I8	1	1	1*p06	1	0.50	I186
SLDT	M16	7	7	4*p06+1*p1+1*p23+1*p4		7.00	I286PROTECTED
SLDT	R32	5	5	1*p0156+3*p06+1*p1		6.00	I286PROTECTED
SMSW	M16	5	5	2*p06+1*p23+1*p4+1*p5		8.00	I286REAL
SMSW	R32	4	4	1*p0156+2*p06+1*p5		9.00	I286REAL
STC		1	1	1*p0156		0.25	I86
STI		6	6	1*p0156+4*p06+1*p1		4.00	I86
REP_STOSB		66	73	8*p01+10*p015+21*p06+12*p15+11*p23+9*p4+2*p5		27.00	I86
STOSD		3	3	1*p0156+1*p23+1*p4	0	1.00	I386
REP_STOSD		48	60	1*p01+14*p015+8*p0156+5*p06+16*p23+16*p4		24.00	I386
REP_STOSW		48	60	15*p015+8*p0156+5*p06+16*p23+16*p4		24.00	I86
STR	M16	7	7	4*p06+1*p1+1*p23+1*p4		7.00	I286PROTECTED
STR	R32	5	5	1*p0156+3*p06+1*p1		6.00	I286PROTECTED
SUB	AL, 0	1	1	1*p0156	1	0.62	I86
SUB	AX, I16	1	1	1*p0156	1	3.20	I86
SUB	M16, 0	2	4	1*p0156+1*p23+1*p237+1*p4		1.00	I86
SUB	M16, I8	2	4	1*p0156+1*p23+1*p237+1*p4		1.00	I86
SUB	M32, 0	2	4	1*p0156+1*p23+1*p237+1*p4		1.00	I86
SUB	M32, I8	2	4	1*p0156+1*p23+1*p237+1*p4		1.00	I86
SUB	M64, 0	2	4	1*p0156+1*p23+1*p237+1*p4		1.00	I86
SUB	M64, I8	2	4	1*p0156+1*p23+1*p237+1*p4		1.00	I86
SUB	M8, 0	2	4	1*p0156+1*p23+1*p237+1*p4		1.00	I86
SUB	M8, R8h	2	4	1*p0156+1*p23+1*p237+1*p4	5	1.09	I86
SUB	R16, 0	1	1	1*p0156	1	0.33	I86
SUB	R16, I8	1	1	1*p0156	1	0.33	I86
SUB	R32, 0	1	1	1*p0156	1	0.33	I86
SUB	R32, I8	1	1	1*p0156	1	0.33	I86
SUB	R64, 0	1	1	1*p0156	1	0.33	I86
SUB	R64, I8	1	1	1*p0156	1	0.33	I86
SUB	R8h, 0	1	1	1*p0156	1	0.38	I86
SUB	R8h, M8	1	2	1*p0156+1*p23	1	0.50	I86
SUB	RAX, I32	1	1	1*p0156	1	0.56	I86
SUB	R8h, R8l	1	1	1*p0156	1	0.40	I86
SUB	R8l, R8l	1	1	1*p0156	1	0.33	I86
SUB	R32, R32	1	1	1*p0156	1	0.33	I86
SUB	R8h, R8h	1	1	1*p0156	1	0.40	I86
SUB	R8l, R8h	1	1	1*p0156	1	0.40	I86
SUB	R16, R16	1	1	1*p0156	1	0.33	I86
SUB	R64, R64	1	1	1*p0156	1	0.33	I86
SUB	M16, I16	8	7	3*p0156+2*p06+2*p23+1*p4		19.00	lock I86
SUB	M16, R16	8	7	3*p0156+2*p06+2*p23+1*p4	30	19.00	lock I86
SUB	M32, I32	8	7	4*p0156+2*p06+2*p23+1*p4		19.00	lock I86
SUB	M32, R32	8	7	4*p0156+2*p06+2*p23+1*p4	29	19.00	lock I86
SUB	M64, I32	8	7	3*p0156+2*p06+2*p23+1*p4		19.00	lock I86
SUB	M64, R64	8	7	4*p0156+2*p06+2*p23+1*p4	29	19.00	lock I86
SUB	M8, I8	8	7	4*p0156+2*p06+2*p23+1*p4		19.00	lock I86
SUB	M8, R8l	8	7	4*p0156+2*p06+2*p23+1*p4	30	19.00	lock I86
SUB	R8l, I8	1	1	1*p0156	1	0.33	I86
TEST	AL, I8	1	1	1*p0156	1	0.33	I86
TEST	EAX, I32	1	1	1*p0156	1	0.33	I86
TEST	M16, R16	1	2	1*p0156+1*p23	1	0.50	I86
TEST	M32, R32	1	2	1*p0156+1*p23	1	0.50	I86
TEST	M64, R64	1	2	1*p0156+1*p23	1	0.50	I86
TEST	M8, I8	1	2	1*p0156+1*p23		0.50	I86
TEST	M8, R8l	1	2	1*p0156+1*p23	1	0.50	I86
TEST	R16, R16	1	1	1*p0156	1	0.33	I86
TEST	R32, R32	1	1	1*p0156	1	0.33	I86
TEST	R64, R64	1	1	1*p0156	1	0.33	I86
TEST	R8h, I8	1	1	1*p0156	1	0.38	I86
TEST	R8h, R8l	1	1	1*p0156	1	0.33	I86
TEST	R8l, R8l	1	1	1*p0156	1	0.33	I86
TEST	R8l, 0	1	1	1*p0156	1	0.33	I86
VERR	R16	13	20	5*p0+9*p06+7*p1+6*p5	60	63.28	I286PROTECTED
VERW	R16	13	20	1*p01+3*p0156+9*p06+4*p1+2*p23+1*p5	60	62.86	I286PROTECTED
WRMSR		107	117	12*p0+12*p01+62*p06+14*p1+15*p15+1*p4+12*p5		137.28	PENTIUMREAL
XADD	M32, R32	4	5	2*p0156+1*p23+1*p237+1*p4	5	1.46	I486REAL
XADD	M8, R8h	4	5	2*p0156+1*p23+1*p237+1*p4	5	2.00	I486REAL
XADD	R16, R16	3	3	3*p0156	2	1.00	I486REAL
XADD	R64, R64	3	3	3*p0156	2	1.00	I486REAL
XADD	R8h, R8l	3	3	3*p0156	2	1.16	I486REAL
XADD	R8l, R8l	3	3	3*p0156	2	1.00	I486REAL
XADD	M32, R32	9	8	5*p0156+2*p06+2*p23+1*p4	29	19.00	lock I486REAL
XADD	M8, R8h	9	8	6*p0156+2*p06+2*p23+1*p4	29	19.00	lock I486REAL
XCHG	M16, R16	8	7	3*p0156+2*p06+2*p23+1*p4	30	19.00	I86
XCHG	M64, R64	8	7	3*p0156+2*p06+2*p23+1*p4	29	19.00	I86
XCHG	M8, R8l	8	7	3*p0156+2*p06+2*p23+1*p4	30	19.00	I86
XCHG	R16, R16	3	3	3*p0156	2	1.00	I86
XCHG	R32, R32	3	3	3*p0156	2	1.00	I86
XCHG	R64, RAX	3	3	3*p0156	2	1.00	I86
XCHG	R8h, R8l	3	3	3*p0156	2	1.00	I86
XCHG	R8l, R8l	3	3	3*p0156	2	1.00	I86
XOR	AL, 0	1	1	1*p0156	1	0.63	I86
XOR	AX, I16	1	1	1*p0156	1	3.25	I86
XOR	M16, 0	2	4	1*p0156+1*p23+1*p237+1*p4		1.00	I86
XOR	M16, I8	2	4	1*p0156+1*p23+1*p237+1*p4		1.00	I86
XOR	M32, 0	2	4	1*p0156+1*p23+1*p237+1*p4		1.00	I86
XOR	M32, I8	2	4	1*p0156+1*p23+1*p237+1*p4		1.00	I86
XOR	M64, 0	2	4	1*p0156+1*p23+1*p237+1*p4		1.00	I86
XOR	M64, I8	2	4	1*p0156+1*p23+1*p237+1*p4		1.00	I86
XOR	M8, 0	2	4	1*p0156+1*p23+1*p237+1*p4		1.00	I86
XOR	M8, R8h	2	4	1*p0156+1*p23+1*p237+1*p4	5	1.09	I86
XOR	R16, 0	1	1	1*p0156	1	0.28	I86
XOR	R16, I8	1	1	1*p0156	1	0.28	I86
XOR	R32, 0	1	1	1*p0156	1	0.25	I86
XOR	R32, I8	1	1	1*p0156	1	0.25	I86
XOR	R64, 0	1	1	1*p0156	1	0.25	I86
XOR	R64, I8	1	1	1*p0156	1	0.25	I86
XOR	R8h, 0	1	1	1*p0156	1	0.38	I86
XOR	R8h, M8	1	2	1*p0156+1*p23	1	0.50	I86
XOR	RAX, I32	1	1	1*p0156	1	0.56	I86
XOR	R8h, R8l	1	1	1*p0156	1	0.40	I86
XOR	R8l, R8l	1	1	1*p0156	1	0.31	I86
XOR	R32, R32	1	1	1*p0156	1	0.31	I86
XOR	R8h, R8h	1	1	1*p0156	1	0.42	I86
XOR	R8l, R8h	1	1	1*p0156	1	0.40	I86
XOR	R16, R16	1	1	1*p0156	1	0.25	I86
XOR	R64, R64	1	1	1*p0156	1	0.31	I86
XOR	M16, I16	8	7	3*p0156+2*p06+2*p23+1*p4		19.00	lock I86
XOR	M16, R16	8	7	3*p0156+2*p06+2*p23+1*p4	30	19.00	lock I86
XOR	M32, I32	8	7	4*p0156+2*p06+2*p23+1*p4		19.00	lock I86
XOR	M32, R32	8	7	4*p0156+2*p06+2*p23+1*p4	29	19.00	lock I86
XOR	M64, I32	8	7	4*p0156+2*p06+2*p23+1*p4		19.00	lock I86
XOR	M64, R64	8	7	3*p0156+2*p06+2*p23+1*p4	29	19.00	lock I86
XOR	M8, I8	8	7	3*p0156+2*p06+2*p23+1*p4		19.00	lock I86
XOR	M8, R8l	8	7	3*p0156+2*p06+2*p23+1*p4	30	19.00	lock I86
XOR	R8l, I8	1	1	1*p0156	1	0.25	I86
ANDN	R32, R32, M32	1	2	1*p15+1*p23	1	0.50	BMI1
ANDN	R64, R64, M64	1	2	1*p15+1*p23	1	0.50	BMI1
BEXTR	R32, M32, R32	3	3	1*p06+1*p15+1*p23	2	1.00	BMI1
BEXTR	R64, M64, R64	3	3	1*p06+1*p15+1*p23	2	1.00	BMI1
BLSI	R32, M32	1	2	1*p15+1*p23		0.50	BMI1
BLSI	R64, M64	1	2	1*p15+1*p23		0.50	BMI1
BLSMSK	R32, M32	1	2	1*p15+1*p23		0.50	BMI1
BLSMSK	R64, M64	1	2	1*p15+1*p23		0.50	BMI1
BLSR	R32, M32	1	2	1*p15+1*p23		0.50	BMI1
BLSR	R64, M64	1	2	1*p15+1*p23		0.50	BMI1
TZCNT	R16, M16	1	2	1*p1+1*p23	3	1.00	BMI1
TZCNT	R32, M32	1	2	1*p1+1*p23	3	1.00	BMI1
TZCNT	R64, M64	1	2	1*p1+1*p23	3	1.00	BMI1
BZHI	R32, M32, R32	1	2	1*p15+1*p23	1	0.50	BMI2
BZHI	R64, M64, R64	1	2	1*p15+1*p23	1	0.50	BMI2
MULX	R32, R32, M32	3	4	1*p0156+1*p06+1*p1+1*p23	4	1.00	BMI2
MULX	R64, R64, M64	2	3	1*p06+1*p1+1*p23	4	1.00	BMI2
PDEP	R32, R32, M32	1	2	1*p1+1*p23	3	1.00	BMI2
PDEP	R64, R64, M64	1	2	1*p1+1*p23	3	1.00	BMI2
PEXT	R32, R32, M32	1	2	1*p1+1*p23	3	1.00	BMI2
PEXT	R64, R64, M64	1	2	1*p1+1*p23	3	1.00	BMI2
RORX	R32, M32, I8	2	2	1*p06+1*p23		1.00	BMI2
RORX	R64, M64, I8	2	2	1*p06+1*p23		1.00	BMI2
SARX	R32, M32, R32	2	2	1*p06+1*p23	1	1.00	BMI2
SARX	R64, M64, R64	2	2	1*p06+1*p23	1	1.00	BMI2
SHLX	R32, M32, R32	2	2	1*p06+1*p23	1	1.00	BMI2
SHLX	R64, M64, R64	2	2	1*p06+1*p23	1	1.00	BMI2
SHRX	R32, M32, R32	2	2	1*p06+1*p23	1	1.00	BMI2
SHRX	R64, M64, R64	2	2	1*p06+1*p23	1	1.00	BMI2
CLFLUSH	M512	4	4	1*p06+1*p1+1*p23+1*p4		51.03	CLFSH
VCVTPH2PS	XMM, M64	2	2	1*p1+1*p23		1.00	F16C
VCVTPH2PS	YMM, M128	2	2	1*p1+1*p23		1.00	F16C
VCVTPS2PH	M128, YMM, I8	4	4	1*p1+1*p23+1*p4+1*p5	11	1.00	F16C
VCVTPS2PH	XMM, XMM, I8	2	2	1*p1+1*p5	4	1.00	F16C
VFMADD132PD	XMM, XMM, M128	1	2	1*p01+1*p23	5	0.50	FMA
VFMADD132PD	YMM, YMM, M256	1	2	1*p01+1*p23	5	0.50	FMA
VFMADD132PS	XMM, XMM, M128	1	2	1*p01+1*p23	5	0.50	FMA
VFMADD132PS	YMM, YMM, M256	1	2	1*p01+1*p23	5	0.50	FMA
VFMADD132SD	XMM, XMM, M64	1	2	1*p01+1*p23	5	0.50	FMA
VFMADD132SS	XMM, XMM, M32	1	2	1*p01+1*p23	5	0.50	FMA
VFMADD213PD	XMM, XMM, M128	1	2	1*p01+1*p23	5	0.50	FMA
VFMADD213PD	YMM, YMM, M256	1	2	1*p01+1*p23	5	0.50	FMA
VFMADD213PS	XMM, XMM, M128	1	2	1*p01+1*p23	5	0.50	FMA
VFMADD213PS	YMM, YMM, M256	1	2	1*p01+1*p23	5	0.50	FMA
VFMADD213SD	XMM, XMM, M64	1	2	1*p01+1*p23	5	0.50	FMA
VFMADD213SS	XMM, XMM, M32	1	2	1*p01+1*p23	5	0.50	FMA
VFMADD231PD	XMM, XMM, M128	1	2	1*p01+1*p23	5	0.50	FMA
VFMADD231PD	YMM, YMM, M256	1	2	1*p01+1*p23	5	0.50	FMA
VFMADD231PS	XMM, XMM, M128	1	2	1*p01+1*p23	5	0.50	FMA
VFMADD231PS	YMM, YMM, M256	1	2	1*p01+1*p23	5	0.50	FMA
VFMADD231SD	XMM, XMM, M64	1	2	1*p01+1*p23	5	0.50	FMA
VFMADD231SS	XMM, XMM, M32	1	2	1*p01+1*p23	5	0.50	FMA
VFMADDSUB132PD	XMM, XMM, M128	1	2	1*p01+1*p23	5	0.50	FMA
VFMADDSUB132PD	YMM, YMM, M256	1	2	1*p01+1*p23	5	0.50	FMA
VFMADDSUB132PS	XMM, XMM, M128	1	2	1*p01+1*p23	5	0.50	FMA
VFMADDSUB132PS	YMM, YMM, M256	1	2	1*p01+1*p23	5	0.50	FMA
VFMADDSUB213PD	XMM, XMM, M128	1	2	1*p01+1*p23	5	0.50	FMA
VFMADDSUB213PD	YMM, YMM, M256	1	2	1*p01+1*p23	5	0.50	FMA
VFMADDSUB213PS	XMM, XMM, M128	1	2	1*p01+1*p23	5	0.50	FMA
VFMADDSUB213PS	YMM, YMM, M256	1	2	1*p01+1*p23	5	0.50	FMA
VFMADDSUB231PD	XMM, XMM, M128	1	2	1*p01+1*p23	5	0.50	FMA
VFMADDSUB231PD	YMM, YMM, M256	1	2	1*p01+1*p23	5	0.50	FMA
VFMADDSUB231PS	XMM, XMM, M128	1	2	1*p01+1*p23	5	0.50	FMA
VFMADDSUB231PS	YMM, YMM, M256	1	2	1*p01+1*p23	5	0.50	FMA
VFMSUB132PD	XMM, XMM, M128	1	2	1*p01+1*p23	5	0.50	FMA
VFMSUB132PD	YMM, YMM, M256	1	2	1*p01+1*p23	5	0.50	FMA
VFMSUB132PS	XMM, XMM, M128	1	2	1*p01+1*p23	5	0.50	FMA
VFMSUB132PS	YMM, YMM, M256	1	2	1*p01+1*p23	5	0.50	FMA
VFMSUB132SD	XMM, XMM, M64	1	2	1*p01+1*p23	5	0.50	FMA
VFMSUB132SS	XMM, XMM, M32	1	2	1*p01+1*p23	5	0.50	FMA
VFMSUB213PD	XMM, XMM, M128	1	2	1*p01+1*p23	5	0.50	FMA
VFMSUB213PD	YMM, YMM, M256	1	2	1*p01+1*p23	5	0.50	FMA
VFMSUB213PS	XMM, XMM, M128	1	2	1*p01+1*p23	5	0.50	FMA
VFMSUB213PS	YMM, YMM, M256	1	2	1*p01+1*p23	5	0.50	FMA
VFMSUB213SD	XMM, XMM, M64	1	2	1*p01+1*p23	5	0.50	FMA
VFMSUB213SS	XMM, XMM, M32	1	2	1*p01+1*p23	5	0.50	FMA
VFMSUB231PD	XMM, XMM, M128	1	2	1*p01+1*p23	5	0.50	FMA
VFMSUB231PD	YMM, YMM, M256	1	2	1*p01+1*p23	5	0.50	FMA
VFMSUB231PS	XMM, XMM, M128	1	2	1*p01+1*p23	5	0.50	FMA
VFMSUB231PS	YMM, YMM, M256	1	2	1*p01+1*p23	5	0.50	FMA
VFMSUB231SD	XMM, XMM, M64	1	2	1*p01+1*p23	5	0.50	FMA
VFMSUB231SS	XMM, XMM, M32	1	2	1*p01+1*p23	5	0.50	FMA
VFMSUBADD132PD	XMM, XMM, M128	1	2	1*p01+1*p23	5	0.50	FMA
VFMSUBADD132PD	YMM, YMM, M256	1	2	1*p01+1*p23	5	0.50	FMA
VFMSUBADD132PS	XMM, XMM, M128	1	2	1*p01+1*p23	5	0.50	FMA
VFMSUBADD132PS	YMM, YMM, M256	1	2	1*p01+1*p23	5	0.50	FMA
VFMSUBADD213PD	XMM, XMM, M128	1	2	1*p01+1*p23	5	0.50	FMA
VFMSUBADD213PD	YMM, YMM, M256	1	2	1*p01+1*p23	5	0.50	FMA
VFMSUBADD213PS	XMM, XMM, M128	1	2	1*p01+1*p23	5	0.50	FMA
VFMSUBADD213PS	YMM, YMM, M256	1	2	1*p01+1*p23	5	0.50	FMA
VFMSUBADD231PD	XMM, XMM, M128	1	2	1*p01+1*p23	5	0.50	FMA
VFMSUBADD231PD	YMM, YMM, M256	1	2	1*p01+1*p23	5	0.50	FMA
VFMSUBADD231PS	XMM, XMM, M128	1	2	1*p01+1*p23	5	0.50	FMA
VFMSUBADD231PS	YMM, YMM, M256	1	2	1*p01+1*p23	5	0.50	FMA
VFNMADD132PD	XMM, XMM, M128	1	2	1*p01+1*p23	5	0.50	FMA
VFNMADD132PD	YMM, YMM, M256	1	2	1*p01+1*p23	5	0.50	FMA
VFNMADD132PS	XMM, XMM, M128	1	2	1*p01+1*p23	5	0.50	FMA
VFNMADD132PS	YMM, YMM, M256	1	2	1*p01+1*p23	5	0.50	FMA
VFNMADD132SD	XMM, XMM, M64	1	2	1*p01+1*p23	5	0.50	FMA
VFNMADD132SS	XMM, XMM, M32	1	2	1*p01+1*p23	5	0.50	FMA
VFNMADD213PD	XMM, XMM, M128	1	2	1*p01+1*p23	5	0.50	FMA
VFNMADD213PD	YMM, YMM, M256	1	2	1*p01+1*p23	5	0.50	FMA
VFNMADD213PS	XMM, XMM, M128	1	2	1*p01+1*p23	5	0.50	FMA
VFNMADD213PS	YMM, YMM, M256	1	2	1*p01+1*p23	5	0.50	FMA
VFNMADD213SD	XMM, XMM, M64	1	2	1*p01+1*p23	5	0.50	FMA
VFNMADD213SS	XMM, XMM, M32	1	2	1*p01+1*p23	5	0.50	FMA
VFNMADD231PD	XMM, XMM, M128	1	2	1*p01+1*p23	5	0.50	FMA
VFNMADD231PD	YMM, YMM, M256	1	2	1*p01+1*p23	5	0.50	FMA
VFNMADD231PS	XMM, XMM, M128	1	2	1*p01+1*p23	5	0.50	FMA
VFNMADD231PS	YMM, YMM, M256	1	2	1*p01+1*p23	5	0.50	FMA
VFNMADD231SD	XMM, XMM, M64	1	2	1*p01+1*p23	5	0.50	FMA
VFNMADD231SS	XMM, XMM, M32	1	2	1*p01+1*p23	5	0.50	FMA
VFNMSUB132PD	XMM, XMM, M128	1	2	1*p01+1*p23	5	0.50	FMA
VFNMSUB132PD	YMM, YMM, M256	1	2	1*p01+1*p23	5	0.50	FMA
VFNMSUB132PS	XMM, XMM, M128	1	2	1*p01+1*p23	5	0.50	FMA
VFNMSUB132PS	YMM, YMM, M256	1	2	1*p01+1*p23	5	0.50	FMA
VFNMSUB132SD	XMM, XMM, M64	1	2	1*p01+1*p23	5	0.50	FMA
VFNMSUB132SS	XMM, XMM, M32	1	2	1*p01+1*p23	5	0.50	FMA
VFNMSUB213PD	XMM, XMM, M128	1	2	1*p01+1*p23	5	0.50	FMA
VFNMSUB213PD	YMM, YMM, M256	1	2	1*p01+1*p23	5	0.50	FMA
VFNMSUB213PS	XMM, XMM, M128	1	2	1*p01+1*p23	5	0.50	FMA
VFNMSUB213PS	YMM, YMM, M256	1	2	1*p01+1*p23	5	0.50	FMA
VFNMSUB213SD	XMM, XMM, M64	1	2	1*p01+1*p23	5	0.50	FMA
VFNMSUB213SS	XMM, XMM, M32	1	2	1*p01+1*p23	5	0.50	FMA
VFNMSUB231PD	XMM, XMM, M128	1	2	1*p01+1*p23	5	0.50	FMA
VFNMSUB231PD	YMM, YMM, M256	1	2	1*p01+1*p23	5	0.50	FMA
VFNMSUB231PS	XMM, XMM, M128	1	2	1*p01+1*p23	5	0.50	FMA
VFNMSUB231PS	YMM, YMM, M256	1	2	1*p01+1*p23	5	0.50	FMA
VFNMSUB231SD	XMM, XMM, M64	1	2	1*p01+1*p23	5	0.50	FMA
VFNMSUB231SS	XMM, XMM, M32	1	2	1*p01+1*p23	5	0.50	FMA
CDQE		1	1	1*p0156	1	1.00	LONGMODE
REPE_CMPSQ		11	23	11*p015+14*p06+1*p1+4*p23+1*p5		41.23	LONGMODE
CMPXCHG16B	M128	22	22	2*p0+1*p015+6*p0156+6*p06+2*p23+1*p4+4*p5	11	9.00	CMPXCHG16B
CQO		1	1	1*p06	1	1.00	LONGMODE
LODSQ		2	2	1*p0156+1*p23		1.02	LONGMODE
REP_LODSQ		9	19	6*p015+12*p06+1*p1+3*p23		41.23	LONGMODE
REP_MOVSQ		65	77	2*p01+13*p015+7*p0156+6*p06+1*p15+32*p23+16*p4		22.00	LONGMODE
MOVSXD	R64, M32	1	1	1*p23		0.50	LONGMODE
POPFQ		10	7	3*p0156+2*p06+1*p1+1*p23		20.00	LONGMODE
SCASQ		3	3	2*p0156+1*p23	1	1.20	LONGMODE
REPNE_SCASQ		11	21	8*p015+12*p06+1*p1+3*p23+1*p5		41.23	LONGMODE
REP_STOSQ		48	60	15*p015+8*p0156+5*p06+16*p23+16*p4		24.00	LONGMODE
LZCNT	R16, M16	1	2	1*p1+1*p23	3	1.00	LZCNT
LZCNT	R32, M32	1	2	1*p1+1*p23	3	1.00	LZCNT
LZCNT	R64, M64	1	2	1*p1+1*p23	3	1.00	LZCNT
EMMS		31	19	1*p0+8*p01+2*p06+8*p5		13.00	PENTIUMMMX
MOVD	M32, MM	1	2	1*p237+1*p4	15	1.00	PENTIUMMMX
MOVD	MM, R32	1	1	1*p5	1	1.00	PENTIUMMMX
MOVNTQ	M64, MM	1	2	1*p237+1*p4	405	1.00	PENTIUMMMX
MOVQ	MM, M64	1	1	1*p23		0.50	PENTIUMMMX
MOVQ	R64, MM	1	1	1*p0	1	1.00	PENTIUMMMX
MOVQ	MM, MM	1	1	1*p015	1	0.33	PENTIUMMMX
PACKSSDW	MM, MM	3	2	2*p5	2	2.00	PENTIUMMMX
PACKSSWB	MM, MM	3	2	2*p5	2	2.00	PENTIUMMMX
PACKUSWB	MM, MM	3	2	2*p5	2	2.00	PENTIUMMMX
PADDB	MM, MM	1	1	1*p15	1	0.50	PENTIUMMMX
PADDD	MM, MM	1	1	1*p15	1	0.50	PENTIUMMMX
PADDQ	MM, MM	1	1	1*p15	1	0.50	SSE2MMX
PADDSB	MM, MM	1	1	1*p15	1	0.50	PENTIUMMMX
PADDSW	MM, MM	1	1	1*p15	1	0.50	PENTIUMMMX
PADDUSB	MM, MM	1	1	1*p15	1	0.50	PENTIUMMMX
PADDUSW	MM, MM	1	1	1*p15	1	0.50	PENTIUMMMX
PADDW	MM, MM	1	1	1*p15	1	0.50	PENTIUMMMX
PAND	MM, MM	1	1	1*p015	1	0.33	PENTIUMMMX
PANDN	MM, MM	1	1	1*p015	1	0.33	PENTIUMMMX
PAVGB	MM, MM	1	1	1*p15	1	0.50	PENTIUMMMX
PAVGW	MM, MM	1	1	1*p15	1	0.50	PENTIUMMMX
PCMPEQB	MM, MM	1	1	1*p15	1	0.50	PENTIUMMMX
PCMPEQD	MM, MM	1	1	1*p15	1	0.50	PENTIUMMMX
PCMPEQW	MM, MM	1	1	1*p15	1	0.50	PENTIUMMMX
PCMPGTB	MM, MM	1	1	1*p15	1	0.50	PENTIUMMMX
PCMPGTD	MM, MM	1	1	1*p15	1	0.50	PENTIUMMMX
PCMPGTW	MM, MM	1	1	1*p15	1	0.50	PENTIUMMMX
PINSRW	MM, M16, I8	2	2	1*p23+1*p5	1	1.00	PENTIUMMMX
PMADDWD	MM, M64	1	2	1*p0+1*p23	5	1.00	PENTIUMMMX
PMAXSW	MM, M64	1	2	1*p15+1*p23	1	0.50	PENTIUMMMX
PMAXUB	MM, M64	1	2	1*p15+1*p23	1	0.50	PENTIUMMMX
PMINSW	MM, M64	1	2	1*p15+1*p23	1	0.50	PENTIUMMMX
PMINUB	MM, M64	1	2	1*p15+1*p23	1	0.50	PENTIUMMMX
PMULHW	MM, M64	1	2	1*p0+1*p23	5	1.00	PENTIUMMMX
PMULLW	MM, M64	1	2	1*p0+1*p23	5	1.00	PENTIUMMMX
POR	MM, M64	1	2	1*p015+1*p23	1	0.50	PENTIUMMMX
PSADBW	MM, M64	1	2	1*p0+1*p23	5	1.00	PENTIUMMMX
PSHUFW	MM, M64, I8	2	2	1*p23+1*p5		1.00	PENTIUMMMX
PSLLD	MM, I8	1	1	1*p0	1	1.00	PENTIUMMMX
PSLLD	MM, MM	1	1	1*p0	1	1.00	PENTIUMMMX
PSLLQ	MM, M64	1	2	1*p0+1*p23	1	1.00	PENTIUMMMX
PSLLW	MM, I8	1	1	1*p0	1	1.00	PENTIUMMMX
PSLLW	MM, MM	1	1	1*p0	1	1.00	PENTIUMMMX
PSRAD	MM, M64	1	2	1*p0+1*p23	1	1.00	PENTIUMMMX
PSRAW	MM, I8	1	1	1*p0	1	1.00	PENTIUMMMX
PSRAW	MM, MM	1	1	1*p0	1	1.00	PENTIUMMMX
PSRLD	MM, M64	1	2	1*p0+1*p23	1	1.00	PENTIUMMMX
PSRLQ	MM, I8	1	1	1*p0	1	1.00	PENTIUMMMX
PSRLQ	MM, MM	1	1	1*p0	1	1.00	PENTIUMMMX
PSRLW	MM, M64	1	2	1*p0+1*p23	1	1.00	PENTIUMMMX
PSUBB	MM, M64	1	2	1*p15+1*p23	1	0.50	PENTIUMMMX
PSUBD	MM, M64	1	2	1*p15+1*p23	1	0.50	PENTIUMMMX
PSUBSB	MM, M64	1	2	1*p15+1*p23	1	0.50	PENTIUMMMX
PSUBSW	MM, M64	1	2	1*p15+1*p23	1	0.50	PENTIUMMMX
PSUBUSB	MM, M64	1	2	1*p15+1*p23	1	0.50	PENTIUMMMX
PSUBUSW	MM, M64	1	2	1*p15+1*p23	1	0.50	PENTIUMMMX
PSUBW	MM, M64	1	2	1*p15+1*p23	1	0.50	PENTIUMMMX
PUNPCKHBW	MM, M64	1	2	1*p23+1*p5	1	1.00	PENTIUMMMX
PUNPCKHDQ	MM, M64	1	2	1*p23+1*p5	1	1.00	PENTIUMMMX
PUNPCKHWD	MM, M64	1	2	1*p23+1*p5	1	1.00	PENTIUMMMX
PUNPCKLBW	MM, M32	1	2	1*p23+1*p5	1	1.00	PENTIUMMMX
PUNPCKLDQ	MM, M32	1	2	1*p23+1*p5	1	1.00	PENTIUMMMX
PUNPCKLWD	MM, M32	1	2	1*p23+1*p5	1	1.00	PENTIUMMMX
PXOR	MM, M64	1	2	1*p015+1*p23	1	0.50	PENTIUMMMX
MOVBE	M16, R16	2	3	1*p06+1*p237+1*p4	6	1.00	MOVBE
MOVBE	M64, R64	3	4	1*p06+1*p15+1*p237+1*p4	6	1.00	MOVBE
MOVBE	R32, M32	2	2	1*p15+1*p23		1.00	MOVBE
PAUSE		6	5	1*p0156+4*p06		9.00	PAUSE
PCLMULQDQ	XMM, M128, I8	4	4	2*p0+1*p23+1*p5	7	2.00	PCLMULQDQ
RDRAND	R16	58	72	4*p0+36*p06+18*p1+7*p4+15*p5	2330	2423.42	RDRAND
RDRAND	R64	58	73	4*p0+36*p06+18*p1+7*p4+15*p5		2381.62	RDRAND
RDTSCP		21	21	4*p0+7*p06+5*p1+1*p15+4*p5		30.00	RDTSCP
ADDPS	XMM, M128	1	2	1*p1+1*p23	3	1.00	SSE
ADDSS	XMM, M32	1	2	1*p1+1*p23	3	1.00	SSE
ANDNPS	XMM, M128	1	2	1*p23+1*p5	1	1.00	SSE
ANDPS	XMM, M128	1	2	1*p23+1*p5	1	1.00	SSE
CMPPS	XMM, M128, I8	2	2	1*p1+1*p23	3	1.00	SSE
CMPSS	XMM, M32, I8	2	2	1*p1+1*p23	3	1.00	SSE
COMISS	XMM, M32	2	2	1*p1+1*p23	3	1.00	SSE
CVTPI2PS	XMM, M64	1	2	1*p1+1*p23	3	1.00	SSE
CVTPS2PI	MM, M64	2	2	1*p1+1*p23		1.00	SSE
CVTSI2SS	XMM, M32	1	2	1*p1+1*p23	3	1.00	SSE
CVTSI2SS	XMM, R32	2	2	1*p1+1*p5	4	1.00	SSE
CVTSS2SI	R32, M32	2	3	1*p0+1*p1+1*p23		1.00	SSE
CVTSS2SI	R64, M32	2	3	1*p0+1*p1+1*p23		1.00	SSE
CVTTPS2PI	MM, M64	2	2	1*p1+1*p23		1.00	SSE
CVTTSS2SI	R32, M32	2	3	1*p0+1*p1+1*p23		1.00	SSE
CVTTSS2SI	R64, M32	2	3	1*p0+1*p1+1*p23		1.00	SSE
DIVPS	XMM, M128	1	2	1*p0+1*p23		7.03	SSE
DIVSS	XMM, M32	1	2	1*p0+1*p23		7.03	SSE
FXSAVE	M4096	119	140	10*p0+3*p0156+16*p06+13*p1+37*p23+3*p237+38*p4+20*p5		66.25	FXSAVE
LDMXCSR	M32	3	3	1*p0+1*p06+1*p23		2.30	SSEMXCSR
MAXPS	XMM, XMM	1	1	1*p1	3	1.00	SSE
MAXSS	XMM, XMM	1	1	1*p1	3	1.00	SSE
MINPS	XMM, XMM	1	1	1*p1	3	1.00	SSE
MINSS	XMM, XMM	1	1	1*p1	3	1.00	SSE
MOVAPS	XMM, M128	1	1	1*p23		0.50	SSE
MOVAPS	XMM, XMM	1	0		0	0.62	SSE
MOVHPS	M64, XMM	1	2	1*p237+1*p4	5	1.00	SSE
MOVLHPS	XMM, XMM	1	1	1*p5	1	1.00	SSE
MOVLPS	XMM, M64	1	2	1*p23+1*p5	1	1.00	SSE
MOVNTPS	M128, XMM	1	2	1*p237+1*p4	400	1.02	SSE
MOVSS	XMM, M32	1	1	1*p23		0.50	SSE
MOVSS	XMM, XMM	1	1	1*p5	1	1.00	SSE
MOVUPS	XMM, M128	1	1	1*p23		0.50	SSE
MOVUPS	XMM, XMM	1	0		0	0.62	SSE
MULPS	XMM, XMM	1	1	1*p01	5	0.50	SSE
MULSS	XMM, XMM	1	1	1*p01	5	0.50	SSE
ORPS	XMM, XMM	1	1	1*p5	1	1.00	SSE
PMULHUW	MM, M64	1	2	1*p0+1*p23	5	1.00	PENTIUMMMX
PREFETCHNTA	M512	1	1	1*p23		1.00	SSE_PREFETCH
PREFETCHT1	M512	1	1	1*p23		1.00	SSE_PREFETCH
RCPPS	XMM, M128	1	2	1*p0+1*p23		1.00	SSE
RCPSS	XMM, M32	1	2	1*p0+1*p23	5	1.00	SSE
RSQRTPS	XMM, M128	1	2	1*p0+1*p23		1.00	SSE
RSQRTSS	XMM, M32	1	2	1*p0+1*p23	5	1.00	SSE
SFENCE		2	2	1*p23+1*p4		6.00	SSE
SHUFPS	XMM, XMM, I8	1	1	1*p5	1	1.00	SSE
SQRTPS	XMM, XMM	1	1	1*p0		7.02	SSE
SQRTSS	XMM, XMM	1	1	1*p0	10	7.03	SSE
SUBPS	XMM, M128	1	2	1*p1+1*p23	3	1.00	SSE
SUBSS	XMM, M32	1	2	1*p1+1*p23	3	1.00	SSE
UCOMISS	XMM, M32	2	2	1*p1+1*p23	3	1.00	SSE
UNPCKHPS	XMM, M128	1	2	1*p23+1*p5	1	1.00	SSE
UNPCKLPS	XMM, M128	1	2	1*p23+1*p5	1	1.00	SSE
XORPS	XMM, M128	1	2	1*p23+1*p5	1	1.00	SSE
ADDPD	XMM, M128	1	2	1*p1+1*p23	3	1.00	SSE2
ADDSD	XMM, M64	1	2	1*p1+1*p23	3	1.00	SSE2
ANDNPD	XMM, M128	1	2	1*p23+1*p5	1	1.00	SSE2
ANDPD	XMM, M128	1	2	1*p23+1*p5	1	1.00	SSE2
CMPPD	XMM, M128, I8	2	2	1*p1+1*p23	3	1.00	SSE2
CMPSD	XMM, M64, I8	2	2	1*p1+1*p23	3	1.00	SSE2
COMISD	XMM, M64	2	2	1*p1+1*p23	3	1.00	SSE2
CVTDQ2PD	XMM, M64	2	2	1*p1+1*p23		1.00	SSE2
CVTDQ2PS	XMM, M128	1	2	1*p1+1*p23		1.00	SSE2
CVTPD2DQ	XMM, M128	2	3	1*p1+1*p23+1*p5		1.00	SSE2
CVTPD2PI	MM, M128	2	3	1*p1+1*p23+1*p5		1.00	SSE2
CVTPD2PS	XMM, M128	2	3	1*p1+1*p23+1*p5		1.00	SSE2
CVTPI2PD	XMM, M64	2	2	1*p1+1*p23		1.00	SSE2
CVTPS2DQ	XMM, M128	1	2	1*p1+1*p23		1.00	SSE2
CVTPS2PD	XMM, M64	2	2	1*p0+1*p23		1.00	SSE2
CVTSD2SI	R32, M64	2	3	1*p0+1*p1+1*p23		1.00	SSE2
CVTSD2SI	R64, M64	2	3	1*p0+1*p1+1*p23		1.00	SSE2
CVTSD2SS	XMM, M64	2	3	1*p1+1*p23+1*p5	1	1.00	SSE2
CVTSI2SD	XMM, M32	2	2	1*p1+1*p23	3	1.00	SSE2
CVTSI2SD	XMM, R32	2	2	1*p1+1*p5	4	1.00	SSE2
CVTSS2SD	XMM, M32	2	2	1*p0+1*p23	1	1.00	SSE2
CVTTPD2DQ	XMM, M128	2	3	1*p1+1*p23+1*p5		1.00	SSE2
CVTTPD2PI	MM, M128	2	3	1*p1+1*p23+1*p5		1.00	SSE2
CVTTPS2DQ	XMM, M128	1	2	1*p1+1*p23		1.00	SSE2
CVTTSD2SI	R32, M64	2	3	1*p0+1*p1+1*p23		1.00	SSE2
CVTTSD2SI	R64, M64	2	3	1*p0+1*p1+1*p23		1.00	SSE2
DIVPD	XMM, M128	1	2	1*p0+1*p23		8.02	SSE2
DIVSD	XMM, M64	1	2	1*p0+1*p23		8.02	SSE2
LFENCE		2	0			4.00	SSE2
MAXPD	XMM, M128	1	2	1*p1+1*p23	3	1.00	SSE2
MAXSD	XMM, M64	1	2	1*p1+1*p23	3	1.00	SSE2
MFENCE		3	2	1*p23+1*p4		33.25	SSE2
MINPD	XMM, XMM	1	1	1*p1	3	1.00	SSE2
MINSD	XMM, XMM	1	1	1*p1	3	1.00	SSE2
MOVAPD	XMM, M128	1	1	1*p23		0.50	SSE2
MOVAPD	XMM, XMM	1	0		0	0.62	SSE2
MOVD	R32, XMM	1	1	1*p0	1	1.00	SSE2
MOVD	XMM, R32	1	1	1*p5	1	1.00	SSE2
MOVDQA	M128, XMM	1	2	1*p237+1*p4	5	1.00	SSE2
MOVDQA	XMM, XMM	1	0		0	0.25	SSE2
MOVDQU	M128, XMM	1	2	1*p237+1*p4	5	1.00	SSE2
MOVDQU	XMM, XMM	1	0		0	0.25	SSE2
MOVHPD	M64, XMM	1	2	1*p237+1*p4	5	1.00	SSE2
MOVLPD	M64, XMM	1	2	1*p237+1*p4	5	1.00	SSE2
MOVMSKPD	R32, XMM	1	1	1*p0	3	1.00	SSE2
MOVNTI	M32, R32	2	2	1*p23+1*p4	403	1.00	SSE2
MOVNTPD	M128, XMM	1	2	1*p237+1*p4	401	1.02	SSE2
MOVQ	R64, XMM	1	1	1*p0	1	1.00	SSE2
MOVQ	XMM, R64	1	1	1*p5	1	1.00	SSE2
MOVQ	XMM, XMM	1	1	1*p015	1	0.33	SSE2
MOVSD	M64, XMM	1	2	1*p237+1*p4	5	1.00	SSE2
MOVSD	XMM, XMM	1	1	1*p5	1	1.00	SSE2
MOVUPD	M128, XMM	1	2	1*p237+1*p4	5	1.00	SSE2
MOVUPD	XMM, XMM	1	0		0	0.62	SSE2
MULPD	XMM, M128	1	2	1*p01+1*p23	5	0.50	SSE2
MULSD	XMM, M64	1	2	1*p01+1*p23	5	0.50	SSE2
ORPD	XMM, M128	1	2	1*p23+1*p5	1	1.00	SSE2
PACKSSDW	XMM, M128	1	2	1*p23+1*p5	1	1.00	SSE2
PACKSSWB	XMM, M128	1	2	1*p23+1*p5	1	1.00	SSE2
PACKUSWB	XMM, M128	1	2	1*p23+1*p5	1	1.00	SSE2
PADDB	XMM, M128	1	2	1*p15+1*p23	1	0.50	SSE2
PADDD	XMM, M128	1	2	1*p15+1*p23	1	0.50	SSE2
PADDQ	XMM, M128	1	2	1*p15+1*p23	1	1.00	SSE2
PADDSB	XMM, M128	1	2	1*p15+1*p23	1	0.50	SSE2
PADDSW	XMM, M128	1	2	1*p15+1*p23	1	0.50	SSE2
PADDUSB	XMM, M128	1	2	1*p15+1*p23	1	0.50	SSE2
PADDUSW	XMM, M128	1	2	1*p15+1*p23	1	0.50	SSE2
PADDW	XMM, M128	1	2	1*p15+1*p23	1	0.50	SSE2
PAND	XMM, M128	1	2	1*p015+1*p23	1	0.50	SSE2
PANDN	XMM, M128	1	2	1*p015+1*p23	1	0.50	SSE2
PAVGB	XMM, M128	1	2	1*p15+1*p23	1	0.50	SSE2
PAVGW	XMM, M128	1	2	1*p15+1*p23	1	0.50	SSE2
PCMPEQB	XMM, M128	1	2	1*p15+1*p23	1	0.50	SSE2
PCMPEQD	XMM, M128	1	2	1*p15+1*p23	1	0.50	SSE2
PCMPEQW	XMM, M128	1	2	1*p15+1*p23	1	0.50	SSE2
PCMPGTB	XMM, M128	1	2	1*p15+1*p23	1	0.50	SSE2
PCMPGTD	XMM, M128	1	2	1*p15+1*p23	1	0.50	SSE2
PCMPGTW	XMM, M128	1	2	1*p15+1*p23	1	0.50	SSE2
PEXTRW	R32, XMM, I8	2	2	1*p0+1*p5	2	1.00	SSE2
PINSRW	XMM, R32, I8	2	2	2*p5	2	2.00	SSE2
PMADDWD	XMM, XMM	1	1	1*p0	5	1.00	SSE2
PMAXSW	XMM, XMM	1	1	1*p15	1	0.50	SSE2
PMAXUB	XMM, XMM	1	1	1*p15	1	0.50	SSE2
PMINSW	XMM, XMM	1	1	1*p15	1	0.50	SSE2
PMINUB	XMM, XMM	1	1	1*p15	1	0.50	SSE2
PMULHUW	XMM, M128	1	2	1*p0+1*p23	5	1.00	SSE2
PMULHW	XMM, M128	1	2	1*p0+1*p23	5	1.00	SSE2
PMULLW	XMM, M128	1	2	1*p0+1*p23	5	1.00	SSE2
PMULUDQ	MM, M64	1	2	1*p0+1*p23	5	1.00	SSE2MMX
PMULUDQ	XMM, M128	1	2	1*p0+1*p23	5	1.00	SSE2
POR	XMM, M128	1	2	1*p015+1*p23	1	0.50	SSE2
PSADBW	XMM, M128	1	2	1*p0+1*p23	5	1.00	SSE2
PSHUFD	XMM, M128, I8	2	2	1*p23+1*p5		1.00	SSE2
PSHUFHW	XMM, M128, I8	2	2	1*p23+1*p5		1.00	SSE2
PSHUFLW	XMM, M128, I8	2	2	1*p23+1*p5		1.00	SSE2
PSLLD	XMM, I8	1	1	1*p0	1	1.00	SSE2
PSLLD	XMM, XMM	2	2	1*p0+1*p5	2	1.00	SSE2
PSLLQ	XMM, I8	1	1	1*p0	1	1.00	SSE2
PSLLQ	XMM, XMM	2	2	1*p0+1*p5	2	1.00	SSE2
PSLLW	XMM, M128	2	2	1*p0+1*p23	1	1.00	SSE2
PSRAD	XMM, I8	1	1	1*p0	1	1.00	SSE2
PSRAD	XMM, XMM	2	2	1*p0+1*p5	2	1.00	SSE2
PSRAW	XMM, M128	2	2	1*p0+1*p23	1	1.00	SSE2
PSRLD	XMM, I8	1	1	1*p0	1	1.00	SSE2
PSRLD	XMM, XMM	2	2	1*p0+1*p5	2	1.00	SSE2
PSRLQ	XMM, I8	1	1	1*p0	1	1.00	SSE2
PSRLQ	XMM, XMM	2	2	1*p0+1*p5	2	1.00	SSE2
PSRLW	XMM, M128	2	2	1*p0+1*p23	1	1.00	SSE2
PSUBB	XMM, M128	1	2	1*p15+1*p23	1	0.50	SSE2
PSUBD	XMM, M128	1	2	1*p15+1*p23	1	0.50	SSE2
PSUBQ	MM, M64	1	2	1*p15+1*p23	1	0.50	SSE2MMX
PSUBQ	XMM, M128	1	2	1*p15+1*p23	1	1.00	SSE2
PSUBSB	XMM, M128	1	2	1*p15+1*p23	1	0.50	SSE2
PSUBSW	XMM, M128	1	2	1*p15+1*p23	1	0.50	SSE2
PSUBUSB	XMM, M128	1	2	1*p15+1*p23	1	0.50	SSE2
PSUBUSW	XMM, M128	1	2	1*p15+1*p23	1	0.50	SSE2
PSUBW	XMM, M128	1	2	1*p15+1*p23	1	0.50	SSE2
PUNPCKHBW	XMM, M128	1	2	1*p23+1*p5	1	1.00	SSE2
PUNPCKHDQ	XMM, M128	1	2	1*p23+1*p5	1	1.00	SSE2
PUNPCKHQDQ	XMM, M128	2	2	1*p23+1*p5	1	1.00	SSE2
PUNPCKHWD	XMM, M128	1	2	1*p23+1*p5	1	1.00	SSE2
PUNPCKLBW	XMM, M128	1	2	1*p23+1*p5	1	1.00	SSE2
PUNPCKLDQ	XMM, M128	1	2	1*p23+1*p5	1	1.00	SSE2
PUNPCKLQDQ	XMM, M128	2	2	1*p23+1*p5	1	1.00	SSE2
PUNPCKLWD	XMM, M128	1	2	1*p23+1*p5	1	1.00	SSE2
PXOR	XMM, M128	1	2	1*p015+1*p23	1	0.50	SSE2
SHUFPD	XMM, M128, I8	2	2	1*p23+1*p5	1	1.00	SSE2
SQRTPD	XMM, M128	1	2	1*p0+1*p23		8.00	SSE2
SQRTSD	XMM, M64	1	2	1*p0+1*p23		8.00	SSE2
SUBPD	XMM, M128	1	2	1*p1+1*p23	3	1.00	SSE2
SUBSD	XMM, M64	1	2	1*p1+1*p23	3	1.00	SSE2
UCOMISD	XMM, M64	2	2	1*p1+1*p23	3	1.00	SSE2
UNPCKHPD	XMM, M128	1	2	1*p23+1*p5	1	1.00	SSE2
UNPCKLPD	XMM, M128	1	2	1*p23+1*p5	1	1.00	SSE2
XORPD	XMM, M128	1	2	1*p23+1*p5	1	1.00	SSE2
ADDSUBPD	XMM, M128	1	2	1*p1+1*p23	3	1.00	SSE3
ADDSUBPS	XMM, M128	1	2	1*p1+1*p23	3	1.00	SSE3
HADDPD	XMM, XMM	3	3	1*p1+2*p5	5	2.00	SSE3
HADDPS	XMM, XMM	3	3	1*p1+2*p5	5	2.00	SSE3
HSUBPD	XMM, XMM	3	3	1*p1+2*p5	5	2.00	SSE3
HSUBPS	XMM, XMM	3	3	1*p1+2*p5	5	2.00	SSE3
MOVDDUP	XMM, M64	1	1	1*p23		0.50	SSE3
MOVSHDUP	XMM, M128	1	1	1*p23		0.50	SSE3
MOVSLDUP	XMM, M128	1	1	1*p23		0.50	SSE3
BLENDPD	XMM, M128, I8	2	2	1*p015+1*p23	1	1.00	SSE4
BLENDPS	XMM, M128, I8	2	2	1*p015+1*p23	1	1.00	SSE4
BLENDVPD	XMM, M128	3	3	1*p23+2*p5	2	2.00	SSE4
BLENDVPS	XMM, M128	3	3	1*p23+2*p5	2	2.00	SSE4
CRC32	R32, M16	1	2	1*p1+1*p23	3	1.00	SSE42
CRC32	R32, M8	1	2	1*p1+1*p23	3	1.00	SSE42
CRC32	R32, R32	1	1	1*p1	3	1.00	SSE42
CRC32	R32, R8l	1	1	1*p1	3	1.00	SSE42
CRC32	R64, M8	1	2	1*p1+1*p23	3	1.00	SSE42
CRC32	R64, R8l	1	1	1*p1	3	1.00	SSE42
DPPD	XMM, XMM, I8	3	3	1*p0+1*p1+1*p5	9	1.00	SSE4
DPPS	XMM, XMM, I8	4	4	2*p0+1*p1+1*p5	14	2.00	SSE4
EXTRACTPS	R32, XMM, I8	2	2	1*p0+1*p5	2	1.00	SSE4
INSERTPS	XMM, XMM, I8	1	1	1*p5	1	1.00	SSE4
MPSADBW	XMM, M128, I8	4	4	1*p0+1*p23+2*p5	6	2.00	SSE4
PACKUSDW	XMM, M128	1	2	1*p23+1*p5	1	1.00	SSE4
PBLENDVB	XMM, M128	3	3	1*p23+2*p5	2	2.00	SSE4
PBLENDW	XMM, M128, I8	2	2	1*p23+1*p5	1	1.00	SSE4
PCMPEQQ	XMM, M128	1	2	1*p15+1*p23	1	0.50	SSE4
PCMPESTRI	XMM, M128, I8	8	8	3*p0+1*p06+1*p1+1*p23+2*p5	15	4.00	SSE42
PCMPESTRI64	XMM, M128, I8	8	8	3*p0+1*p06+1*p1+1*p23+2*p5	15	4.00	SSE42
PCMPESTRM	XMM, M128, I8	9	9	3*p0+1*p06+1*p1+1*p23+3*p5	15	5.00	SSE42
PCMPESTRM64	XMM, M128, I8	9	9	3*p0+1*p06+1*p1+1*p23+3*p5	15	5.00	SSE42
PCMPGTQ	XMM, M128	1	2	1*p0+1*p23	5	1.00	SSE42
PCMPISTRI	XMM, M128, I8	4	4	3*p0+1*p23	11	3.00	SSE42
PCMPISTRM	XMM, M128, I8	4	4	3*p0+1*p23	11	3.00	SSE42
PEXTRB	M8, XMM, I8	2	3	1*p237+1*p4+1*p5	16	1.00	SSE4
PEXTRD	M32, XMM, I8	2	3	1*p237+1*p4+1*p5	6	1.00	SSE4
PEXTRQ	M64, XMM, I8	2	3	1*p237+1*p4+1*p5	6	1.00	SSE4
PEXTRW_SSE4	M16, XMM, I8	2	3	1*p237+1*p4+1*p5	16	1.00	SSE4
PHMINPOSUW	XMM, XMM	1	1	1*p0	5	1.00	SSE4
PINSRB	XMM, R32, I8	2	2	2*p5	2	2.00	SSE4
PINSRD	XMM, R32, I8	2	2	2*p5	2	2.00	SSE4
PINSRQ	XMM, R64, I8	2	2	2*p5	2	2.00	SSE4
PMAXSB	XMM, XMM	1	1	1*p15	1	1.00	SSE4
PMAXSD	XMM, XMM	1	1	1*p15	1	1.00	SSE4
PMAXUD	XMM, XMM	1	1	1*p15	1	1.00	SSE4
PMAXUW	XMM, XMM	1	1	1*p15	1	1.00	SSE4
PMINSB	XMM, XMM	1	1	1*p15	1	1.00	SSE4
PMINSD	XMM, XMM	1	1	1*p15	1	1.00	SSE4
PMINUD	XMM, XMM	1	1	1*p15	1	1.00	SSE4
PMINUW	XMM, XMM	1	1	1*p15	1	1.00	SSE4
PMOVSXBD	XMM, XMM	1	1	1*p5	1	1.00	SSE4
PMOVSXBQ	XMM, XMM	1	1	1*p5	1	1.00	SSE4
PMOVSXBW	XMM, XMM	1	1	1*p5	1	1.00	SSE4
PMOVSXDQ	XMM, XMM	1	1	1*p5	1	1.00	SSE4
PMOVSXWD	XMM, XMM	1	1	1*p5	1	1.00	SSE4
PMOVSXWQ	XMM, XMM	1	1	1*p5	1	1.00	SSE4
PMOVZXBD	XMM, XMM	1	1	1*p5	1	1.00	SSE4
PMOVZXBQ	XMM, XMM	1	1	1*p5	1	1.00	SSE4
PMOVZXBW	XMM, XMM	1	1	1*p5	1	1.00	SSE4
PMOVZXDQ	XMM, XMM	1	1	1*p5	1	1.00	SSE4
PMOVZXWD	XMM, XMM	1	1	1*p5	1	1.00	SSE4
PMOVZXWQ	XMM, XMM	1	1	1*p5	1	1.00	SSE4
PMULDQ	XMM, XMM	1	1	1*p0	5	1.00	SSE4
PMULLD	XMM, XMM	2	2	2*p0	10	2.00	SSE4
POPCNT	R16, R16	1	1	1*p1	3	1.00	POPCNT
POPCNT	R32, R32	1	1	1*p1	3	1.00	POPCNT
POPCNT	R64, R64	1	1	1*p1	3	1.00	POPCNT
PTEST	XMM, XMM	2	2	1*p0+1*p5	2	1.00	SSE4
ROUNDPD	XMM, XMM, I8	2	2	2*p1	6	2.00	SSE4
ROUNDPS	XMM, XMM, I8	2	2	2*p1	6	2.00	SSE4
ROUNDSD	XMM, XMM, I8	2	2	2*p1	6	2.00	SSE4
ROUNDSS	XMM, XMM, I8	2	2	2*p1	6	2.00	SSE4
PABSB	MM, M64	1	2	1*p15+1*p23		0.50	SSSE3MMX
PABSB	XMM, M128	1	2	1*p15+1*p23		0.50	SSSE3
PABSD	MM, M64	1	2	1*p15+1*p23		0.50	SSSE3MMX
PABSD	XMM, M128	1	2	1*p15+1*p23		0.50	SSSE3
PABSW	MM, M64	1	2	1*p15+1*p23		0.50	SSSE3MMX
PABSW	XMM, M128	1	2	1*p15+1*p23		0.50	SSSE3
PALIGNR	MM, M64, I8	2	2	1*p23+1*p5	1	1.00	SSSE3MMX
PALIGNR	XMM, M128, I8	2	2	1*p23+1*p5	1	1.00	SSSE3
PHADDD	MM, M64	4	4	1*p15+1*p23+2*p5	3	2.00	SSSE3MMX
PHADDD	XMM, M128	4	4	1*p15+1*p23+2*p5	3	2.00	SSSE3
PHADDSW	MM, M64	4	4	1*p15+1*p23+2*p5	3	2.00	SSSE3MMX
PHADDSW	XMM, M128	4	4	1*p15+1*p23+2*p5	3	2.00	SSSE3
PHADDW	MM, M64	4	4	1*p15+1*p23+2*p5	3	2.00	SSSE3MMX
PHADDW	XMM, M128	4	4	1*p15+1*p23+2*p5	3	2.00	SSSE3
PHSUBD	MM, M64	4	4	1*p15+1*p23+2*p5	3	2.00	SSSE3MMX
PHSUBD	XMM, M128	4	4	1*p15+1*p23+2*p5	3	2.00	SSSE3
PHSUBSW	MM, M64	4	4	1*p15+1*p23+2*p5	3	2.00	SSSE3MMX
PHSUBSW	XMM, M128	4	4	1*p15+1*p23+2*p5	3	2.00	SSSE3
PHSUBW	MM, M64	4	4	1*p15+1*p23+2*p5	3	2.00	SSSE3MMX
PHSUBW	XMM, M128	4	4	1*p15+1*p23+2*p5	3	2.00	SSSE3
PMADDUBSW	MM, M64	1	2	1*p0+1*p23	5	1.00	SSSE3MMX
PMADDUBSW	XMM, M128	1	2	1*p0+1*p23	5	1.00	SSSE3
PMULHRSW	MM, M64	1	2	1*p0+1*p23	5	1.00	SSSE3MMX
PMULHRSW	XMM, M128	1	2	1*p0+1*p23	5	1.00	SSSE3
PSHUFB	MM, M64	2	2	1*p23+1*p5	1	1.00	SSSE3MMX
PSHUFB	XMM, M128	2	2	1*p23+1*p5	1	1.00	SSSE3
PSIGNB	MM, M64	1	2	1*p15+1*p23	1	0.50	SSSE3MMX
PSIGNB	XMM, M128	1	2	1*p15+1*p23	1	0.50	SSSE3
PSIGND	MM, M64	1	2	1*p15+1*p23	1	0.50	SSSE3MMX
PSIGND	XMM, M128	1	2	1*p15+1*p23	1	0.50	SSSE3
PSIGNW	MM, M64	1	2	1*p15+1*p23	1	0.50	SSSE3MMX
PSIGNW	XMM, M128	1	2	1*p15+1*p23	1	0.50	SSSE3
XGETBV		8	8	1*p015+2*p0156+3*p06+1*p1+1*p5	0	5.00	XSAVE
XSAVE64	M4608	84	87	6*p0+7*p01+11*p015+26*p06+11*p1+6*p15+8*p23+4*p4+9*p5		40.00	XSAVE
XSAVEOPT	M4608	105	108	6*p0+16*p01+33*p06+16*p1+15*p15+8*p23+4*p4+10*p5		48.33	XSAVEOPT
