;AMD Zen 3
;Instruction timings and µop breakdown, generated from uops.info instructions.xml (2026-03-29).
;Columns: Instruction<TAB>operands<TAB>µOps-fused<TAB>µOps-unfused<TAB>ports<TAB>latency<TAB>throughput<TAB>remark
PREFETCHW	M512	1	1			0.33	PREFETCH_NOP
ADCX	R32, M32	1	1		1	0.45	ADOX_ADCX
ADCX	R64, M64	1	1		1	0.44	ADOX_ADCX
ADOX	R32, M32	1	1		1	0.45	ADOX_ADCX
ADOX	R64, M64	1	1		1	0.45	ADOX_ADCX
AESDEC	XMM, M128	1	1	1*FP01	4	0.50	AES
AESDECLAST	XMM, M128	1	1	1*FP01	4	0.50	AES
AESENC	XMM, M128	1	1	1*FP01	4	0.50	AES
AESENCLAST	XMM, M128	1	1	1*FP01	4	0.50	AES
AESIMC	XMM, M128	1	1	1*FP01		0.50	AES
AESKEYGENASSIST	XMM, M128, I8	1	1	1*FP01		0.50	AES
VADDPD	XMM, XMM, M128	1	1	1*FP23	3	0.50	AVX
VADDPD	YMM, YMM, M256	1	1	1*FP23	3	0.50	AVX
VADDPS	XMM, XMM, M128	1	1	1*FP23	3	0.50	AVX
VADDPS	YMM, YMM, M256	1	1	1*FP23	3	0.50	AVX
VADDSD	XMM, XMM, M64	1	1	1*FP23	3	0.50	AVX
VADDSS	XMM, XMM, M32	1	1	1*FP23	3	0.50	AVX
VADDSUBPD	XMM, XMM, M128	1	1	1*FP23	3	0.50	AVX
VADDSUBPD	YMM, YMM, M256	1	1	1*FP23	3	0.50	AVX
VADDSUBPS	XMM, XMM, M128	1	1	1*FP23	3	0.50	AVX
VADDSUBPS	YMM, YMM, M256	1	1	1*FP23	3	0.50	AVX
VANDNPD	XMM, XMM, M128	1	1	1*FP0123	1	0.50	AVX
VANDNPD	YMM, YMM, M256	1	1	1*FP0123	1	0.50	AVX
VANDNPS	XMM, XMM, M128	1	1	1*FP0123	1	0.50	AVX
VANDNPS	YMM, YMM, M256	1	1	1*FP0123	1	0.50	AVX
VANDPD	XMM, XMM, M128	1	1	1*FP0123	1	0.50	AVX
VANDPD	YMM, YMM, M256	1	1	1*FP0123	1	0.50	AVX
VANDPS	XMM, XMM, M128	1	1	1*FP0123	1	0.50	AVX
VANDPS	YMM, YMM, M256	1	1	1*FP0123	1	0.50	AVX
VBLENDPD	XMM, XMM, M128, I8	1	1	1*FP0123	1	0.50	AVX
VBLENDPD	YMM, YMM, M256, I8	1	1	1*FP0123	1	0.50	AVX
VBLENDPS	XMM, XMM, M128, I8	1	1	1*FP0123	1	0.50	AVX
VBLENDPS	YMM, YMM, M256, I8	1	1	1*FP0123	1	0.50	AVX
VBLENDVPD	XMM, XMM, M128, XMM	1	1	1*FP01	1	0.50	AVX
VBLENDVPD	YMM, YMM, M256, YMM	1	1	1*FP01	1	0.50	AVX
VBLENDVPS	XMM, XMM, M128, XMM	1	1	1*FP01	1	0.50	AVX
VBLENDVPS	YMM, YMM, M256, YMM	1	1	1*FP01	1	0.50	AVX
VBROADCASTF128	YMM, M128	1	1			0.50	AVX
VBROADCASTSS	XMM, M32	1	1			0.50	AVX
VCMPPD	XMM, XMM, M128, I8	1	1	1*FP23	1	0.50	AVX
VCMPPD	YMM, YMM, M256, I8	1	1	1*FP23	1	0.50	AVX
VCMPPS	XMM, XMM, M128, I8	1	1	1*FP23	1	0.50	AVX
VCMPPS	YMM, YMM, M256, I8	1	1	1*FP23	1	0.50	AVX
VCMPSD	XMM, XMM, M64, I8	1	1	1*FP23	1	0.50	AVX
VCMPSS	XMM, XMM, M32, I8	1	1	1*FP23	1	0.50	AVX
VCOMISD	XMM, M64	2	2	1*FP23+1*FP45	7	1.00	AVX
VCOMISS	XMM, M32	2	2	1*FP23+1*FP45	7	1.00	AVX
VCVTDQ2PD	XMM, M64	1	1	1*FP23		0.50	AVX
VCVTDQ2PD	YMM, M128	1	1	1*FP23		0.50	AVX
VCVTDQ2PS	XMM, M128	1	1	1*FP23		0.50	AVX
VCVTDQ2PS	YMM, M256	1	1	1*FP23		0.50	AVX
VCVTPD2DQ	XMM, M128	1	1	1*FP23		0.50	AVX
VCVTPD2DQ	XMM, XMM	1	1	1*FP23	3	0.50	AVX
VCVTPD2PS	XMM, M128	1	1	1*FP23		0.50	AVX
VCVTPD2PS	XMM, XMM	1	1	1*FP23	3	0.50	AVX
VCVTPS2DQ	XMM, M128	1	1	1*FP23		0.50	AVX
VCVTPS2DQ	YMM, M256	1	1	1*FP23		0.50	AVX
VCVTPS2PD	XMM, M64	1	1	1*FP23		0.50	AVX
VCVTPS2PD	YMM, M128	1	1	1*FP23		0.50	AVX
VCVTSD2SI	R32, M64	2	2	1*FP23+1*FP45		1.00	AVX
VCVTSD2SI	R64, M64	2	2	1*FP23+1*FP45		1.00	AVX
VCVTSD2SS	XMM, XMM, M64	1	1	1*FP23	0	0.50	AVX
VCVTSI2SD	XMM, XMM, M32	1	1	1*FP23	0	0.50	AVX
VCVTSI2SD	XMM, XMM, R32	2	2	1*FP3	9	1.00	AVX
VCVTSI2SS	XMM, XMM, M32	1	1	1*FP23	0	0.50	AVX
VCVTSI2SS	XMM, XMM, R32	2	2	1*FP3	9	1.00	AVX
VCVTSS2SD	XMM, XMM, M32	1	1	1*FP23	0	0.50	AVX
VCVTSS2SI	R32, M32	2	2	1*FP23+1*FP45		1.00	AVX
VCVTSS2SI	R64, M32	2	2	1*FP23+1*FP45		1.00	AVX
VCVTTPD2DQ	XMM, M128	1	1	1*FP23		0.50	AVX
VCVTTPD2DQ	XMM, XMM	1	1	1*FP23	3	0.50	AVX
VCVTTPS2DQ	XMM, M128	1	1	1*FP23		0.50	AVX
VCVTTPS2DQ	YMM, M256	1	1	1*FP23		0.50	AVX
VCVTTSD2SI	R32, M64	2	2	1*FP23+1*FP45		1.00	AVX
VCVTTSD2SI	R64, M64	2	2	1*FP23+1*FP45		1.00	AVX
VCVTTSS2SI	R32, M32	2	2	1*FP23+1*FP45		1.00	AVX
VCVTTSS2SI	R64, M32	2	2	1*FP23+1*FP45		1.00	AVX
VDIVPD	XMM, XMM, M128	1	1	1*FP01	13	4.50	AVX
VDIVPD	YMM, YMM, M256	1	1	1*FP01	13	4.50	AVX
VDIVPS	XMM, XMM, M128	1	1	1*FP01	10	3.50	AVX
VDIVPS	YMM, YMM, M256	1	1	1*FP01	10	3.50	AVX
VDIVSD	XMM, XMM, M64	1	1	1*FP01	13	4.50	AVX
VDIVSS	XMM, XMM, M32	1	1	1*FP01	10	3.50	AVX
VDPPD	XMM, XMM, M128, I8	5	5	1*FP0123+1*FP1+1*FP23	9	4.00	AVX
VDPPS	XMM, XMM, M128, I8	10	10	1*FP0123+2*FP1+2*FP23	15	5.00	AVX
VDPPS	YMM, YMM, M256, I8	8	8	1*FP0123+1*FP1+1*FP12+1*FP23+1*FP3	15	4.00	AVX
VEXTRACTF128	M128, YMM, I8	2	2	1*FP01+1*FP45	11	1.00	AVX
VEXTRACTPS	M32, XMM, I8	2	2	1*FP12+1*FP45	9	1.00	AVX
VHADDPD	XMM, XMM, M128	4	4	1*FP1+1*FP12+1*FP3	6	2.00	AVX
VHADDPD	YMM, YMM, M256	4	4	1*FP1+1*FP12+1*FP3	6	2.00	AVX
VHADDPS	XMM, XMM, M128	4	4	1*FP1+1*FP12+1*FP3	6	2.00	AVX
VHADDPS	YMM, YMM, M256	4	4	1*FP1+1*FP12+1*FP3	6	2.00	AVX
VHSUBPD	XMM, XMM, M128	4	4	1*FP1+1*FP12+1*FP3	6	2.00	AVX
VHSUBPD	YMM, YMM, M256	4	4	1*FP1+1*FP12+1*FP3	6	2.00	AVX
VHSUBPS	XMM, XMM, M128	4	4	1*FP1+1*FP12+1*FP3	6	2.00	AVX
VHSUBPS	YMM, YMM, M256	4	4	1*FP1+1*FP12+1*FP3	6	2.00	AVX
VINSERTF128	YMM, YMM, M128, I8	1	1	1*FP01	1	1.00	AVX
VINSERTPS	XMM, XMM, M32, I8	1	1	1*FP12	1	0.50	AVX
VLDDQU	XMM, M128	1	1			0.50	AVX
VLDMXCSR	M32	1	1	1*FP01		1.50	AVX
VMASKMOVPD	M128, XMM, XMM	10	10	1*FP1+3*FP45	0	4.00	AVX
VMASKMOVPD	XMM, XMM, M128	1	1	1*FP0123	1	0.50	AVX
VMASKMOVPS	M128, XMM, XMM	18	18	3*FP1+5*FP45	0	6.00	AVX
VMASKMOVPS	XMM, XMM, M128	1	1	1*FP0123	1	0.50	AVX
VMAXPD	XMM, XMM, M128	1	1	1*FP23	1	0.50	AVX
VMAXPD	YMM, YMM, M256	1	1	1*FP23	1	0.50	AVX
VMAXPS	XMM, XMM, M128	1	1	1*FP23	1	0.50	AVX
VMAXPS	YMM, YMM, M256	1	1	1*FP23	1	0.50	AVX
VMAXSD	XMM, XMM, M64	1	1	1*FP23	1	0.50	AVX
VMAXSS	XMM, XMM, M32	1	1	1*FP23	1	0.50	AVX
VMINPD	XMM, XMM, M128	1	1	1*FP23	1	0.50	AVX
VMINPD	YMM, YMM, M256	1	1	1*FP23	1	0.50	AVX
VMINPS	XMM, XMM, M128	1	1	1*FP23	1	0.50	AVX
VMINPS	YMM, YMM, M256	1	1	1*FP23	1	0.50	AVX
VMINSD	XMM, XMM, M64	1	1	1*FP23	1	0.50	AVX
VMINSS	XMM, XMM, M32	1	1	1*FP23	1	0.50	AVX
VMOVAPD	M128, XMM	1	1	1*FP45	8	1.00	AVX
VMOVAPD	XMM, M128	1	1			0.50	AVX
VMOVAPD	XMM, XMM	1	1		0	0.25	AVX
VMOVAPS	M128, XMM	1	1	1*FP45	8	1.00	AVX
VMOVAPS	XMM, M128	1	1			0.50	AVX
VMOVAPS	XMM, XMM	1	1		0	0.25	AVX
VMOVD	M32, XMM	1	1	1*FP45	8	1.00	AVX
VMOVD	XMM, M32	1	1			0.50	AVX
VMOVDDUP	XMM, M64	1	1			0.50	AVX
VMOVDDUP	YMM, M256	1	1			0.50	AVX
VMOVDQA	M128, XMM	1	1	1*FP45	8	1.00	AVX
VMOVDQA	XMM, M128	1	1			0.50	AVX
VMOVDQA	XMM, XMM	1	1		0	0.25	AVX
VMOVDQU	M128, XMM	1	1	1*FP45	8	1.00	AVX
VMOVDQU	XMM, M128	1	1			0.50	AVX
VMOVDQU	XMM, XMM	1	1		0	0.25	AVX
VMOVHLPS	XMM, XMM, XMM	1	1	1*FP12	1	0.50	AVX
VMOVHPD	XMM, XMM, M64	1	1	1*FP12	1	0.50	AVX
VMOVHPS	XMM, XMM, M64	1	1	1*FP12	1	0.50	AVX
VMOVLPD	M64, XMM	1	1	1*FP45	8	1.00	AVX
VMOVLPS	M64, XMM	1	1	1*FP45	8	1.00	AVX
VMOVMSKPD	R32, XMM	1	1	1*FP45	5	1.00	AVX
VMOVMSKPS	R32, XMM	1	1	1*FP45	5	1.00	AVX
VMOVNTDQ	M128, XMM	1	1	1*FP45	800	1.00	AVX
VMOVNTDQA	XMM, M128	1	1			0.50	AVX
VMOVNTPD	M256, YMM	1	1	1*FP45	808	1.00	AVX
VMOVNTPS	M256, YMM	1	1	1*FP45	803	1.00	AVX
VMOVQ	R64, XMM	1	1	1*FP45	5	1.00	AVX
VMOVQ	XMM, R64	1	1		5	1.00	AVX
VMOVQ	XMM, XMM	1	1	1*FP0123	1	0.25	AVX
VMOVSD	XMM, M64	1	1			0.50	AVX
VMOVSD	XMM, XMM, XMM	1	1	1*FP0123	1	0.25	AVX
VMOVSHDUP	XMM, XMM	1	1	1*FP12	1	0.50	AVX
VMOVSHDUP	YMM, YMM	1	1	1*FP12	1	0.50	AVX
VMOVSLDUP	XMM, XMM	1	1	1*FP12	1	0.50	AVX
VMOVSLDUP	YMM, YMM	1	1	1*FP12	1	0.50	AVX
VMOVSS	XMM, M32	1	1			0.50	AVX
VMOVSS	XMM, XMM, XMM	1	1	1*FP0123	1	0.25	AVX
VMOVUPD	M256, YMM	1	1	1*FP45	9	1.00	AVX
VMOVUPD	YMM, M256	1	1			0.50	AVX
VMOVUPD	YMM, YMM	1	1		0	0.25	AVX
VMOVUPS	M256, YMM	1	1	1*FP45	9	1.00	AVX
VMOVUPS	YMM, M256	1	1			0.50	AVX
VMOVUPS	YMM, YMM	1	1		0	0.25	AVX
VMPSADBW	XMM, XMM, XMM, I8	4	4	1*FP03+1*FP1+1*FP12+1*FP23	4	2.00	AVX
VMULPD	XMM, XMM, XMM	1	1	1*FP01	3	0.50	AVX
VMULPD	YMM, YMM, YMM	1	1	1*FP01	3	0.50	AVX
VMULPS	XMM, XMM, XMM	1	1	1*FP01	3	0.50	AVX
VMULPS	YMM, YMM, YMM	1	1	1*FP01	3	0.50	AVX
VMULSD	XMM, XMM, XMM	1	1	1*FP01	3	0.50	AVX
VMULSS	XMM, XMM, XMM	1	1	1*FP01	3	0.50	AVX
VORPD	XMM, XMM, XMM	1	1	1*FP0123	1	0.25	AVX
VORPD	YMM, YMM, YMM	1	1	1*FP0123	1	0.25	AVX
VORPS	XMM, XMM, XMM	1	1	1*FP0123	1	0.25	AVX
VORPS	YMM, YMM, YMM	1	1	1*FP0123	1	0.25	AVX
VPABSB	XMM, XMM	1	1	1*FP01	1	0.50	AVX
VPABSD	XMM, XMM	1	1	1*FP01	1	0.50	AVX
VPABSW	XMM, XMM	1	1	1*FP01	1	0.50	AVX
VPACKSSDW	XMM, XMM, XMM	1	1	1*FP12	1	0.50	AVX
VPACKSSWB	XMM, XMM, XMM	1	1	1*FP12	1	0.50	AVX
VPACKUSDW	XMM, XMM, XMM	1	1	1*FP12	1	0.50	AVX
VPACKUSWB	XMM, XMM, XMM	1	1	1*FP12	1	0.50	AVX
VPADDB	XMM, XMM, XMM	1	1	1*FP0123	1	0.25	AVX
VPADDD	XMM, XMM, XMM	1	1	1*FP0123	1	0.25	AVX
VPADDQ	XMM, XMM, XMM	1	1	1*FP0123	1	0.25	AVX
VPADDSB	XMM, XMM, XMM	1	1	1*FP01	1	0.50	AVX
VPADDSW	XMM, XMM, XMM	1	1	1*FP01	1	0.50	AVX
VPADDUSB	XMM, XMM, XMM	1	1	1*FP01	1	0.50	AVX
VPADDUSW	XMM, XMM, XMM	1	1	1*FP01	1	0.50	AVX
VPADDW	XMM, XMM, XMM	1	1	1*FP0123	1	0.25	AVX
VPALIGNR	XMM, XMM, XMM, I8	1	1	1*FP12	1	0.50	AVX
VPAND	XMM, XMM, XMM	1	1	1*FP0123	1	0.25	AVX
VPANDN	XMM, XMM, XMM	1	1	1*FP0123	1	0.25	AVX
VPAVGB	XMM, XMM, XMM	1	1	1*FP01	1	0.50	AVX
VPAVGW	XMM, XMM, XMM	1	1	1*FP01	1	0.50	AVX
VPBLENDVB	XMM, XMM, XMM, XMM	1	1	1*FP01	1	0.50	AVX
VPBLENDW	XMM, XMM, XMM, I8	1	1	1*FP0123	1	0.37	AVX
VPCLMULQDQ	XMM, XMM, XMM, I8	4	4	1*FP0123+1*FP1+1*FP12	4	2.00	AVX
VPCMPEQB	XMM, XMM, XMM	1	1	1*FP0123	1	0.25	AVX
VPCMPEQD	XMM, XMM, XMM	1	1	1*FP0123	1	0.25	AVX
VPCMPEQQ	XMM, XMM, XMM	1	1	1*FP01	1	0.50	AVX
VPCMPEQW	XMM, XMM, XMM	1	1	1*FP0123	1	0.25	AVX
VPCMPESTRI	XMM, XMM, I8	8	8	1*FP0123+1*FP1+1*FP3+2*FP45	13	3.00	AVX
VPCMPESTRI64	XMM, XMM, I8	8	8	1*FP0123+1*FP1+1*FP3+2*FP45	14	3.00	AVX
VPCMPESTRM	XMM, XMM, I8	7	7	3*FP0123+1*FP1+1*FP45	13	3.00	AVX
VPCMPESTRM64	XMM, XMM, I8	7	7	3*FP0123+1*FP1+1*FP45	13	3.00	AVX
VPCMPGTB	XMM, XMM, XMM	1	1	1*FP0123	1	0.25	AVX
VPCMPGTD	XMM, XMM, XMM	1	1	1*FP0123	1	0.25	AVX
VPCMPGTQ	XMM, XMM, XMM	1	1	1*FP0123	1	0.31	AVX
VPCMPGTW	XMM, XMM, XMM	1	1	1*FP0123	1	0.25	AVX
VPCMPISTRI	XMM, XMM, I8	4	4	1*FP01+2*FP45	10	2.00	AVX
VPCMPISTRM	XMM, XMM, I8	3	3	1*FP01+1*FP12+1*FP45	10	2.00	AVX
VPERM2F128	YMM, YMM, YMM, I8	1	1	1*FP01	3	1.00	AVX
VPERMILPD	XMM, XMM, I8	1	1	1*FP12	1	0.50	AVX
VPERMILPD	XMM, XMM, XMM	1	1	1*FP01	3	0.50	AVX
VPERMILPD	YMM, YMM, I8	1	1	1*FP12	1	0.50	AVX
VPERMILPD	YMM, YMM, YMM	1	1	1*FP01	3	0.50	AVX
VPERMILPS	XMM, XMM, I8	1	1	1*FP12	1	0.50	AVX
VPERMILPS	XMM, XMM, XMM	1	1	1*FP01	3	0.50	AVX
VPERMILPS	YMM, YMM, I8	1	1	1*FP12	1	0.50	AVX
VPERMILPS	YMM, YMM, YMM	1	1	1*FP01	3	0.50	AVX
VPEXTRB	R32, XMM, I8	2	2	1*FP12+1*FP45	6	1.00	AVX
VPEXTRD	R32, XMM, I8	2	2	1*FP12+1*FP45	6	1.00	AVX
VPEXTRQ	R64, XMM, I8	2	2	1*FP12+1*FP45	6	1.00	AVX
VPEXTRW	R32, XMM, I8	2	2	1*FP12+1*FP45	6	1.00	AVX
VPHADDD	XMM, XMM, XMM	4	4	1*FP0123+1*FP1+1*FP12	2	2.00	AVX
VPHADDSW	XMM, XMM, XMM	4	4	1*FP0123+1*FP1+1*FP12	2	2.00	AVX
VPHADDW	XMM, XMM, XMM	4	4	1*FP0123+1*FP1+1*FP12	2	2.00	AVX
VPHMINPOSUW	XMM, XMM	1	1	1*FP01	3	0.50	AVX
VPHSUBD	XMM, XMM, XMM	4	4	1*FP0123+1*FP1+1*FP12	2	2.00	AVX
VPHSUBSW	XMM, XMM, XMM	4	4	1*FP0123+1*FP1+1*FP12	2	2.00	AVX
VPHSUBW	XMM, XMM, XMM	4	4	1*FP0123+1*FP1+1*FP12	2	2.00	AVX
VPINSRB	XMM, XMM, R32, I8	2	2	1*FP1	6	1.00	AVX
VPINSRD	XMM, XMM, R32, I8	2	2	1*FP1	6	1.00	AVX
VPINSRQ	XMM, XMM, R64, I8	2	2	1*FP1	6	1.00	AVX
VPINSRW	XMM, XMM, R32, I8	2	2	1*FP1	6	1.00	AVX
VPMADDUBSW	XMM, XMM, XMM	1	1	1*FP03	3	0.50	AVX
VPMADDWD	XMM, XMM, XMM	1	1	1*FP03	3	0.50	AVX
VPMAXSB	XMM, XMM, XMM	1	1	1*FP0123	1	0.31	AVX
VPMAXSD	XMM, XMM, XMM	1	1	1*FP0123	1	0.31	AVX
VPMAXSW	XMM, XMM, XMM	1	1	1*FP0123	1	0.25	AVX
VPMAXUB	XMM, XMM, XMM	1	1	1*FP0123	1	0.25	AVX
VPMAXUD	XMM, XMM, XMM	1	1	1*FP0123	1	0.31	AVX
VPMAXUW	XMM, XMM, XMM	1	1	1*FP0123	1	0.31	AVX
VPMINSB	XMM, XMM, XMM	1	1	1*FP0123	1	0.31	AVX
VPMINSD	XMM, XMM, XMM	1	1	1*FP0123	1	0.31	AVX
VPMINSW	XMM, XMM, XMM	1	1	1*FP0123	1	0.25	AVX
VPMINUB	XMM, XMM, XMM	1	1	1*FP0123	1	0.25	AVX
VPMINUD	XMM, XMM, XMM	1	1	1*FP0123	1	0.31	AVX
VPMINUW	XMM, XMM, XMM	1	1	1*FP0123	1	0.31	AVX
VPMOVSXBD	XMM, M32	1	1	1*FP12		0.50	AVX
VPMOVSXBQ	XMM, M16	1	1	1*FP12		0.50	AVX
VPMOVSXBW	XMM, M64	1	1	1*FP12		0.50	AVX
VPMOVSXDQ	XMM, M64	1	1	1*FP12		0.50	AVX
VPMOVSXWD	XMM, M64	1	1	1*FP12		0.50	AVX
VPMOVSXWQ	XMM, M32	1	1	1*FP12		0.50	AVX
VPMOVZXBD	XMM, M32	1	1	1*FP12		0.50	AVX
VPMOVZXBQ	XMM, M16	1	1	1*FP12		0.50	AVX
VPMOVZXBW	XMM, M64	1	1	1*FP12		0.50	AVX
VPMOVZXDQ	XMM, M64	1	1	1*FP12		0.50	AVX
VPMOVZXWD	XMM, M64	1	1	1*FP12		0.50	AVX
VPMOVZXWQ	XMM, M32	1	1	1*FP12		0.50	AVX
VPMULDQ	XMM, XMM, M128	1	1	1*FP03	3	0.50	AVX
VPMULHRSW	XMM, XMM, M128	1	1	1*FP03	3	0.50	AVX
VPMULHUW	XMM, XMM, M128	1	1	1*FP03	3	0.50	AVX
VPMULHW	XMM, XMM, M128	1	1	1*FP03	3	0.50	AVX
VPMULLD	XMM, XMM, M128	1	1	1*FP03	3	0.50	AVX
VPMULLW	XMM, XMM, M128	1	1	1*FP03	3	0.50	AVX
VPMULUDQ	XMM, XMM, M128	1	1	1*FP03	3	0.50	AVX
VPOR	XMM, XMM, M128	1	1	1*FP0123	1	0.50	AVX
VPSADBW	XMM, XMM, M128	1	1	1*FP03	3	0.50	AVX
VPSHUFB	XMM, XMM, M128	1	1	1*FP12	1	0.50	AVX
VPSHUFD	XMM, M128, I8	1	1	1*FP12		0.50	AVX
VPSHUFHW	XMM, M128, I8	1	1	1*FP12		0.50	AVX
VPSHUFLW	XMM, M128, I8	1	1	1*FP12		0.50	AVX
VPSIGNB	XMM, XMM, M128	1	1	1*FP01	1	0.50	AVX
VPSIGND	XMM, XMM, M128	1	1	1*FP01	1	0.50	AVX
VPSIGNW	XMM, XMM, M128	1	1	1*FP01	1	0.50	AVX
VPSLLD	XMM, XMM, I8	1	1	1*FP12	1	0.50	AVX
VPSLLD	XMM, XMM, XMM	1	1	1*FP12	1	0.50	AVX
VPSLLQ	XMM, XMM, I8	1	1	1*FP12	1	0.50	AVX
VPSLLQ	XMM, XMM, XMM	1	1	1*FP12	1	0.50	AVX
VPSLLW	XMM, XMM, M128	1	1	1*FP12	1	0.50	AVX
VPSRAD	XMM, XMM, I8	1	1	1*FP12	1	0.50	AVX
VPSRAD	XMM, XMM, XMM	1	1	1*FP12	1	0.50	AVX
VPSRAW	XMM, XMM, M128	1	1	1*FP12	1	0.50	AVX
VPSRLD	XMM, XMM, I8	1	1	1*FP12	1	0.50	AVX
VPSRLD	XMM, XMM, XMM	1	1	1*FP12	1	0.50	AVX
VPSRLQ	XMM, XMM, I8	1	1	1*FP12	1	0.50	AVX
VPSRLQ	XMM, XMM, XMM	1	1	1*FP12	1	0.50	AVX
VPSRLW	XMM, XMM, M128	1	1	1*FP12	1	0.50	AVX
VPSUBB	XMM, XMM, M128	1	1	1*FP0123	1	0.50	AVX
VPSUBD	XMM, XMM, M128	1	1	1*FP0123	1	0.50	AVX
VPSUBQ	XMM, XMM, M128	1	1	1*FP0123	1	0.50	AVX
VPSUBSB	XMM, XMM, M128	1	1	1*FP01	1	0.50	AVX
VPSUBSW	XMM, XMM, M128	1	1	1*FP01	1	0.50	AVX
VPSUBUSB	XMM, XMM, M128	1	1	1*FP01	1	0.50	AVX
VPSUBUSW	XMM, XMM, M128	1	1	1*FP01	1	0.50	AVX
VPSUBW	XMM, XMM, M128	1	1	1*FP0123	1	0.50	AVX
VPTEST	XMM, M128	2	2	1*FP12+1*FP45	6	1.00	AVX
VPTEST	YMM, M256	2	2	1*FP12+1*FP45	8	1.00	AVX
VPUNPCKHBW	XMM, XMM, M128	1	1	1*FP12	1	0.50	AVX
VPUNPCKHDQ	XMM, XMM, M128	1	1	1*FP12	1	0.50	AVX
VPUNPCKHQDQ	XMM, XMM, M128	1	1	1*FP12	1	0.50	AVX
VPUNPCKHWD	XMM, XMM, M128	1	1	1*FP12	1	0.50	AVX
VPUNPCKLBW	XMM, XMM, M128	1	1	1*FP12	1	0.50	AVX
VPUNPCKLDQ	XMM, XMM, M128	1	1	1*FP12	1	0.50	AVX
VPUNPCKLQDQ	XMM, XMM, M128	1	1	1*FP12	1	0.50	AVX
VPUNPCKLWD	XMM, XMM, M128	1	1	1*FP12	1	0.50	AVX
VPXOR	XMM, XMM, M128	1	1	1*FP0123	1	0.50	AVX
VRCPPS	XMM, M128	1	1	1*FP01		0.50	AVX
VRCPPS	YMM, M256	1	1	1*FP01		0.50	AVX
VRCPSS	XMM, XMM, M32	1	1	1*FP01	0	0.50	AVX
VROUNDPD	XMM, M128, I8	1	1	1*FP23		0.50	AVX
VROUNDPD	YMM, M256, I8	1	1	1*FP23		0.50	AVX
VROUNDPS	XMM, M128, I8	1	1	1*FP23		0.50	AVX
VROUNDPS	YMM, M256, I8	1	1	1*FP23		0.50	AVX
VROUNDSD	XMM, XMM, M64, I8	1	1	1*FP23	0	0.50	AVX
VROUNDSS	XMM, XMM, M32, I8	1	1	1*FP23	0	0.50	AVX
VRSQRTPS	XMM, M128	1	1	1*FP01		0.50	AVX
VRSQRTPS	YMM, M256	1	1	1*FP01		0.50	AVX
VRSQRTSS	XMM, XMM, M32	1	1	1*FP01	3	0.50	AVX
VSHUFPD	XMM, XMM, M128, I8	1	1	1*FP12	1	0.50	AVX
VSHUFPD	YMM, YMM, M256, I8	1	1	1*FP12	1	0.50	AVX
VSHUFPS	XMM, XMM, M128, I8	1	1	1*FP12	1	0.50	AVX
VSHUFPS	YMM, YMM, M256, I8	1	1	1*FP12	1	0.50	AVX
VSQRTPD	XMM, M128	1	1	1*FP01		8.50	AVX
VSQRTPD	YMM, M256	1	1	1*FP01		8.50	AVX
VSQRTPS	XMM, M128	1	1	1*FP01		5.00	AVX
VSQRTPS	YMM, M256	1	1	1*FP01		5.00	AVX
VSQRTSD	XMM, XMM, M64	1	1	1*FP01	20	8.50	AVX
VSQRTSS	XMM, XMM, M32	1	1	1*FP01	14	5.00	AVX
VSTMXCSR	M32	2	2	1*FP01+1*FP45		15.10	AVX
VSUBPD	XMM, XMM, XMM	1	1	1*FP23	3	0.50	AVX
VSUBPD	YMM, YMM, YMM	1	1	1*FP23	3	0.50	AVX
VSUBPS	XMM, XMM, XMM	1	1	1*FP23	3	0.50	AVX
VSUBPS	YMM, YMM, YMM	1	1	1*FP23	3	0.50	AVX
VSUBSD	XMM, XMM, XMM	1	1	1*FP23	3	0.50	AVX
VSUBSS	XMM, XMM, XMM	1	1	1*FP23	3	0.50	AVX
VTESTPD	XMM, XMM	2	2	1*FP12+1*FP45	6	1.00	AVX
VTESTPD	YMM, YMM	2	2	1*FP12+1*FP45	8	1.00	AVX
VTESTPS	XMM, XMM	2	2	1*FP12+1*FP45	6	1.00	AVX
VTESTPS	YMM, YMM	2	2	1*FP12+1*FP45	8	1.00	AVX
VUCOMISD	XMM, XMM	2	2	1*FP23+1*FP45	7	1.00	AVX
VUCOMISS	XMM, XMM	2	2	1*FP23+1*FP45	7	1.00	AVX
VUNPCKHPD	XMM, XMM, XMM	1	1	1*FP12	1	0.50	AVX
VUNPCKHPD	YMM, YMM, YMM	1	1	1*FP12	1	0.50	AVX
VUNPCKHPS	XMM, XMM, XMM	1	1	1*FP12	1	0.50	AVX
VUNPCKHPS	YMM, YMM, YMM	1	1	1*FP12	1	0.50	AVX
VUNPCKLPD	XMM, XMM, XMM	1	1	1*FP12	1	0.50	AVX
VUNPCKLPD	YMM, YMM, YMM	1	1	1*FP12	1	0.50	AVX
VUNPCKLPS	XMM, XMM, XMM	1	1	1*FP12	1	0.50	AVX
VUNPCKLPS	YMM, YMM, YMM	1	1	1*FP12	1	0.50	AVX
VXORPD	XMM, XMM, XMM	1	1	1*FP0123	1	0.25	AVX
VXORPD	YMM, YMM, YMM	1	1	1*FP0123	1	0.25	AVX
VXORPS	XMM, XMM, XMM	1	1	1*FP0123	1	0.25	AVX
VXORPS	YMM, YMM, YMM	1	1	1*FP0123	1	0.25	AVX
VZEROUPPER		1	1			0.25	AVX
VBROADCASTI128	YMM, M128	1	1			0.50	AVX2
VBROADCASTSS	XMM, XMM	1	1	1*FP12	1	0.50	AVX2
VEXTRACTI128	M128, YMM, I8	2	2	1*FP01+1*FP45	11	1.00	AVX2
VINSERTI128	YMM, YMM, M128, I8	1	1	1*FP01	1	1.00	AVX2
VMOVNTDQA	YMM, M256	1	1			0.50	AVX2
VMPSADBW	YMM, YMM, YMM, I8	3	3	1*FP03+1*FP1+1*FP12	4	2.00	AVX2
VPABSB	YMM, YMM	1	1	1*FP01	1	0.50	AVX2
VPABSD	YMM, YMM	1	1	1*FP01	1	0.50	AVX2
VPABSW	YMM, YMM	1	1	1*FP01	1	0.50	AVX2
VPACKSSDW	YMM, YMM, YMM	1	1	1*FP12	1	0.50	AVX2
VPACKSSWB	YMM, YMM, YMM	1	1	1*FP12	1	0.50	AVX2
VPACKUSDW	YMM, YMM, YMM	1	1	1*FP12	1	0.50	AVX2
VPACKUSWB	YMM, YMM, YMM	1	1	1*FP12	1	0.50	AVX2
VPADDB	YMM, YMM, YMM	1	1	1*FP0123	1	0.25	AVX2
VPADDD	YMM, YMM, YMM	1	1	1*FP0123	1	0.25	AVX2
VPADDQ	YMM, YMM, YMM	1	1	1*FP0123	1	0.25	AVX2
VPADDSB	YMM, YMM, YMM	1	1	1*FP01	1	0.50	AVX2
VPADDSW	YMM, YMM, YMM	1	1	1*FP01	1	0.50	AVX2
VPADDUSB	YMM, YMM, YMM	1	1	1*FP01	1	0.50	AVX2
VPADDUSW	YMM, YMM, YMM	1	1	1*FP01	1	0.50	AVX2
VPADDW	YMM, YMM, YMM	1	1	1*FP0123	1	0.25	AVX2
VPALIGNR	YMM, YMM, YMM, I8	1	1	1*FP12	1	0.50	AVX2
VPAND	YMM, YMM, YMM	1	1	1*FP0123	1	0.25	AVX2
VPANDN	YMM, YMM, YMM	1	1	1*FP0123	1	0.25	AVX2
VPAVGB	YMM, YMM, YMM	1	1	1*FP01	1	0.50	AVX2
VPAVGW	YMM, YMM, YMM	1	1	1*FP01	1	0.50	AVX2
VPBLENDD	XMM, XMM, XMM, I8	1	1	1*FP0123	1	0.37	AVX2
VPBLENDD	YMM, YMM, YMM, I8	1	1	1*FP0123	1	0.37	AVX2
VPBLENDVB	YMM, YMM, YMM, YMM	1	1	1*FP01	1	0.50	AVX2
VPBLENDW	YMM, YMM, YMM, I8	1	1	1*FP0123	1	0.37	AVX2
VPBROADCASTB	XMM, XMM	1	1	1*FP12	1	0.50	AVX2
VPBROADCASTB	YMM, XMM	1	1	1*FP01	1	1.00	AVX2
VPBROADCASTD	XMM, XMM	1	1	1*FP12	1	0.50	AVX2
VPBROADCASTD	YMM, XMM	1	1	1*FP01	1	1.00	AVX2
VPBROADCASTQ	XMM, XMM	1	1	1*FP12	1	0.50	AVX2
VPBROADCASTQ	YMM, XMM	1	1	1*FP01	1	1.00	AVX2
VPBROADCASTW	XMM, XMM	1	1	1*FP12	1	0.50	AVX2
VPBROADCASTW	YMM, XMM	1	1	1*FP01	1	1.00	AVX2
VPCMPEQB	YMM, YMM, YMM	1	1	1*FP0123	1	0.25	AVX2
VPCMPEQD	YMM, YMM, YMM	1	1	1*FP0123	1	0.25	AVX2
VPCMPEQQ	YMM, YMM, YMM	1	1	1*FP01	1	0.50	AVX2
VPCMPEQW	YMM, YMM, YMM	1	1	1*FP0123	1	0.25	AVX2
VPCMPGTB	YMM, YMM, YMM	1	1	1*FP0123	1	0.25	AVX2
VPCMPGTD	YMM, YMM, YMM	1	1	1*FP0123	1	0.25	AVX2
VPCMPGTQ	YMM, YMM, YMM	1	1	1*FP0123	1	0.31	AVX2
VPCMPGTW	YMM, YMM, YMM	1	1	1*FP0123	1	0.25	AVX2
VPERM2I128	YMM, YMM, YMM, I8	1	1	1*FP01	3	1.00	AVX2
VPERMD	YMM, YMM, YMM	2	2	2*FP01	8	1.33	AVX2
VPERMPD	YMM, YMM, I8	2	2	1*FP01+1*FP12	6	1.27	AVX2
VPERMPS	YMM, YMM, YMM	2	2	2*FP01	8	1.33	AVX2
VPERMQ	YMM, YMM, I8	2	2	1*FP01+1*FP12	6	1.27	AVX2
VPHADDD	YMM, YMM, YMM	3	3	1*FP0123+1*FP1+1*FP12	2	2.00	AVX2
VPHADDSW	YMM, YMM, YMM	3	3	1*FP0123+1*FP1+1*FP12	2	2.00	AVX2
VPHADDW	YMM, YMM, YMM	3	3	1*FP0123+1*FP1+1*FP12	2	2.00	AVX2
VPHSUBD	YMM, YMM, YMM	3	3	1*FP0123+1*FP1+1*FP12	2	2.00	AVX2
VPHSUBSW	YMM, YMM, YMM	3	3	1*FP0123+1*FP1+1*FP12	2	2.00	AVX2
VPHSUBW	YMM, YMM, YMM	3	3	1*FP0123+1*FP1+1*FP12	2	2.00	AVX2
VPMADDUBSW	YMM, YMM, YMM	1	1	1*FP03	3	0.50	AVX2
VPMADDWD	YMM, YMM, YMM	1	1	1*FP03	3	0.50	AVX2
VPMASKMOVD	M256, YMM, YMM	42	42	1*FP0123+4*FP1+2*FP12+9*FP45	3	12.00	AVX2
VPMASKMOVD	YMM, YMM, M256	1	1	1*FP0123	1	0.50	AVX2
VPMASKMOVQ	M256, YMM, YMM	18	18	3*FP1+5*FP45	0	6.00	AVX2
VPMASKMOVQ	YMM, YMM, M256	1	1	1*FP0123	1	0.50	AVX2
VPMAXSB	YMM, YMM, YMM	1	1	1*FP0123	1	0.31	AVX2
VPMAXSD	YMM, YMM, YMM	1	1	1*FP0123	1	0.31	AVX2
VPMAXSW	YMM, YMM, YMM	1	1	1*FP0123	1	0.25	AVX2
VPMAXUB	YMM, YMM, YMM	1	1	1*FP0123	1	0.25	AVX2
VPMAXUD	YMM, YMM, YMM	1	1	1*FP0123	1	0.31	AVX2
VPMAXUW	YMM, YMM, YMM	1	1	1*FP0123	1	0.31	AVX2
VPMINSB	YMM, YMM, YMM	1	1	1*FP0123	1	0.31	AVX2
VPMINSD	YMM, YMM, YMM	1	1	1*FP0123	1	0.31	AVX2
VPMINSW	YMM, YMM, YMM	1	1	1*FP0123	1	0.25	AVX2
VPMINUB	YMM, YMM, YMM	1	1	1*FP0123	1	0.25	AVX2
VPMINUD	YMM, YMM, YMM	1	1	1*FP0123	1	0.31	AVX2
VPMINUW	YMM, YMM, YMM	1	1	1*FP0123	1	0.31	AVX2
VPMOVSXBD	YMM, M64	1	1	1*FP12		0.50	AVX2
VPMOVSXBQ	YMM, M32	1	1	1*FP12		0.50	AVX2
VPMOVSXBW	YMM, M128	1	1	1*FP12		0.50	AVX2
VPMOVSXDQ	YMM, M128	1	1	1*FP12		0.50	AVX2
VPMOVSXWD	YMM, M128	1	1	1*FP12		0.50	AVX2
VPMOVSXWQ	YMM, M64	1	1	1*FP12		0.50	AVX2
VPMOVZXBD	YMM, M64	1	1	1*FP12		0.50	AVX2
VPMOVZXBQ	YMM, M32	1	1	1*FP12		0.50	AVX2
VPMOVZXBW	YMM, M128	1	1	1*FP12		0.50	AVX2
VPMOVZXDQ	YMM, M128	1	1	1*FP12		0.50	AVX2
VPMOVZXWD	YMM, M128	1	1	1*FP12		0.50	AVX2
VPMOVZXWQ	YMM, M64	1	1	1*FP12		0.50	AVX2
VPMULDQ	YMM, YMM, M256	1	1	1*FP03	3	0.50	AVX2
VPMULHRSW	YMM, YMM, M256	1	1	1*FP03	3	0.50	AVX2
VPMULHUW	YMM, YMM, M256	1	1	1*FP03	3	0.50	AVX2
VPMULHW	YMM, YMM, M256	1	1	1*FP03	3	0.50	AVX2
VPMULLD	YMM, YMM, M256	1	1	1*FP03	3	0.50	AVX2
VPMULLW	YMM, YMM, M256	1	1	1*FP03	3	0.50	AVX2
VPMULUDQ	YMM, YMM, M256	1	1	1*FP03	3	0.50	AVX2
VPOR	YMM, YMM, M256	1	1	1*FP0123	1	0.50	AVX2
VPSADBW	YMM, YMM, M256	1	1	1*FP03	3	0.50	AVX2
VPSHUFB	YMM, YMM, M256	1	1	1*FP12	1	0.50	AVX2
VPSHUFD	YMM, M256, I8	1	1	1*FP12		0.50	AVX2
VPSHUFHW	YMM, M256, I8	1	1	1*FP12		0.50	AVX2
VPSHUFLW	YMM, M256, I8	1	1	1*FP12		0.50	AVX2
VPSIGNB	YMM, YMM, M256	1	1	1*FP01	1	0.50	AVX2
VPSIGND	YMM, YMM, M256	1	1	1*FP01	1	0.50	AVX2
VPSIGNW	YMM, YMM, M256	1	1	1*FP01	1	0.50	AVX2
VPSLLD	YMM, YMM, I8	1	1	1*FP12	1	0.50	AVX2
VPSLLD	YMM, YMM, XMM	1	1	1*FP12	1	0.50	AVX2
VPSLLQ	YMM, YMM, I8	1	1	1*FP12	1	0.50	AVX2
VPSLLQ	YMM, YMM, XMM	1	1	1*FP12	1	0.50	AVX2
VPSLLVD	XMM, XMM, XMM	1	1	1*FP12	1	0.50	AVX2
VPSLLVD	YMM, YMM, YMM	1	1	1*FP12	1	0.50	AVX2
VPSLLVQ	XMM, XMM, XMM	1	1	1*FP12	1	0.50	AVX2
VPSLLVQ	YMM, YMM, YMM	1	1	1*FP12	1	0.50	AVX2
VPSLLW	YMM, YMM, M128	1	1	1*FP12	1	0.50	AVX2
VPSRAD	YMM, YMM, I8	1	1	1*FP12	1	0.50	AVX2
VPSRAD	YMM, YMM, XMM	1	1	1*FP12	1	0.50	AVX2
VPSRAVD	XMM, XMM, XMM	1	1	1*FP12	1	0.50	AVX2
VPSRAVD	YMM, YMM, YMM	1	1	1*FP12	1	0.50	AVX2
VPSRAW	YMM, YMM, M128	1	1	1*FP12	1	0.50	AVX2
VPSRLD	YMM, YMM, I8	1	1	1*FP12	1	0.50	AVX2
VPSRLD	YMM, YMM, XMM	1	1	1*FP12	1	0.50	AVX2
VPSRLQ	YMM, YMM, I8	1	1	1*FP12	1	0.50	AVX2
VPSRLQ	YMM, YMM, XMM	1	1	1*FP12	1	0.50	AVX2
VPSRLVD	XMM, XMM, XMM	1	1	1*FP12	1	0.50	AVX2
VPSRLVD	YMM, YMM, YMM	1	1	1*FP12	1	0.50	AVX2
VPSRLVQ	XMM, XMM, XMM	1	1	1*FP12	1	0.50	AVX2
VPSRLVQ	YMM, YMM, YMM	1	1	1*FP12	1	0.50	AVX2
VPSRLW	YMM, YMM, M128	1	1	1*FP12	1	0.50	AVX2
VPSUBB	YMM, YMM, M256	1	1	1*FP0123	1	0.50	AVX2
VPSUBD	YMM, YMM, M256	1	1	1*FP0123	1	0.50	AVX2
VPSUBQ	YMM, YMM, M256	1	1	1*FP0123	1	0.50	AVX2
VPSUBSB	YMM, YMM, M256	1	1	1*FP01	1	0.50	AVX2
VPSUBSW	YMM, YMM, M256	1	1	1*FP01	1	0.50	AVX2
VPSUBUSB	YMM, YMM, M256	1	1	1*FP01	1	0.50	AVX2
VPSUBUSW	YMM, YMM, M256	1	1	1*FP01	1	0.50	AVX2
VPSUBW	YMM, YMM, M256	1	1	1*FP0123	1	0.50	AVX2
VPUNPCKHBW	YMM, YMM, M256	1	1	1*FP12	1	0.50	AVX2
VPUNPCKHDQ	YMM, YMM, M256	1	1	1*FP12	1	0.50	AVX2
VPUNPCKHQDQ	YMM, YMM, M256	1	1	1*FP12	1	0.50	AVX2
VPUNPCKHWD	YMM, YMM, M256	1	1	1*FP12	1	0.50	AVX2
VPUNPCKLBW	YMM, YMM, M256	1	1	1*FP12	1	0.50	AVX2
VPUNPCKLDQ	YMM, YMM, M256	1	1	1*FP12	1	0.50	AVX2
VPUNPCKLQDQ	YMM, YMM, M256	1	1	1*FP12	1	0.50	AVX2
VPUNPCKLWD	YMM, YMM, M256	1	1	1*FP12	1	0.50	AVX2
VPXOR	YMM, YMM, M256	1	1	1*FP0123	1	0.50	AVX2
VGATHERDPD	XMM, VSIB_XMM, XMM	15	15	1*FP01+1*FP0123+1*FP1+3*FP45	13	3.00	AVX2GATHER
VGATHERDPS	XMM, VSIB_XMM, XMM	23	23	1*FP01+3*FP0123+3*FP1+5*FP45	15	4.00	AVX2GATHER
VGATHERQPD	XMM, VSIB_XMM, XMM	15	15	1*FP01+1*FP0123+1*FP1+3*FP45	13	3.00	AVX2GATHER
VGATHERQPS	XMM, VSIB_XMM, XMM	15	15	2*FP0123+2*FP1+3*FP45	14	3.00	AVX2GATHER
VPGATHERDD	XMM, VSIB_XMM, XMM	23	23	1*FP01+3*FP0123+3*FP1+5*FP45	15	4.00	AVX2GATHER
VPGATHERDQ	XMM, VSIB_XMM, XMM	15	15	1*FP01+1*FP0123+1*FP1+3*FP45	13	3.00	AVX2GATHER
VPGATHERQD	XMM, VSIB_XMM, XMM	15	15	2*FP0123+2*FP1+3*FP45	14	3.00	AVX2GATHER
VPGATHERQQ	XMM, VSIB_XMM, XMM	15	15	1*FP01+1*FP0123+1*FP1+3*FP45	13	3.00	AVX2GATHER
VAESDEC	XMM, XMM, M128	1	1	1*FP01	4	0.50	AVXAES
VAESDECLAST	XMM, XMM, M128	1	1	1*FP01	4	0.50	AVXAES
VAESENC	XMM, XMM, M128	1	1	1*FP01	4	0.50	AVXAES
VAESENCLAST	XMM, XMM, M128	1	1	1*FP01	4	0.50	AVXAES
VAESIMC	XMM, M128	1	1	1*FP01		0.50	AVXAES
VAESKEYGENASSIST	XMM, M128, I8	1	1	1*FP01		0.50	AVXAES
ADC	AL, 0	1	1		1	0.50	I86
ADC	AX, I16	1	1		1	0.50	I86
ADC	M16, 0	1	1		7	0.60	I86
ADC	M16, I8	1	1		7	0.60	I86
ADC	M32, 0	1	1		7	0.55	I86
ADC	M32, I8	1	1		7	0.62	I86
ADC	M64, 0	1	1		7	0.56	I86
ADC	M64, I8	1	1		7	0.50	I86
ADC	M8, 0	1	1		7	0.57	I86
ADC	M8, R8h	1	1		7	0.53	I86
ADC	R16, 0	1	1		1	0.29	I86
ADC	R16, I8	1	1		1	0.29	I86
ADC	R32, 0	1	1		1	0.29	I86
ADC	R32, I8	1	1		1	0.28	I86
ADC	R64, 0	1	1		1	0.29	I86
ADC	R64, I8	1	1		1	0.29	I86
ADC	R8h, 0	1	1		1	0.50	I86
ADC	R8h, M8	1	1		1	0.50	I86
ADC	RAX, I32	1	1		1	0.56	I86
ADC	R8h, R8l	1	1		1	0.33	I86
ADC	R8l, R8l	1	1		1	0.31	I86
ADC	R32, R32	1	1		1	0.31	I86
ADC	R8h, R8h	1	1		1	0.33	I86
ADC	R8l, R8h	1	1		1	0.33	I86
ADC	R16, R16	1	1		1	0.31	I86
ADC	R64, R64	1	1		1	0.31	I86
ADC	M16, I16	1	1		7	5.91	lock I86
ADC	M16, R16	1	1		7	5.91	lock I86
ADC	M32, I32	1	1		7	5.91	lock I86
ADC	M32, R32	1	1		7	5.91	lock I86
ADC	M64, I32	1	1		7	5.91	lock I86
ADC	M64, R64	1	1		7	5.91	lock I86
ADC	M8, I8	1	1		7	5.91	lock I86
ADC	M8, R8l	1	1		7	5.91	lock I86
ADC	R8l, I8	1	1		1	0.32	I86
ADC	R8l, I8	1	1		1	0.33	I86
ADD	AL, I8	1	1		1	0.50	I86
ADD	EAX, I32	1	1		1	0.50	I86
ADD	M16, I16	1	1			0.67	I86
ADD	M16, R16	1	1		6	0.67	I86
ADD	M32, I32	1	1			0.67	I86
ADD	M32, R32	1	1		5	0.67	I86
ADD	M64, I32	1	1			0.67	I86
ADD	M64, R64	1	1		5	0.67	I86
ADD	M8, I8	1	1			0.67	I86
ADD	M8, R8l	1	1		6	0.67	I86
ADD	R16, I16	1	1		1	0.33	I86
ADD	R16, M16	1	1		1	0.33	I86
ADD	R32, I32	1	1		1	0.40	I86
ADD	R32, M32	1	1		1	0.33	I86
ADD	R64, I32	1	1		1	0.43	I86
ADD	R64, M64	1	1		1	0.33	I86
ADD	R8h, I8	1	1		1	0.25	I86
ADD	R8l, M8	1	1		1	0.33	I86
ADD	R8h, R8h	1	1		1	0.33	I86
ADD	R8l, R8h	1	1		1	0.33	I86
ADD	R16, R16	1	1		1	0.25	I86
ADD	R64, R64	1	1		1	0.25	I86
ADD	R8h, R8l	1	1		1	0.33	I86
ADD	R8l, R8l	1	1		1	0.25	I86
ADD	R32, R32	1	1		1	0.25	I86
ADD	M16, 0	1	1			7.48	lock I86
ADD	M16, I8	1	1			7.48	lock I86
ADD	M32, 0	1	1			7.48	lock I86
ADD	M32, I8	1	1			7.48	lock I86
ADD	M64, 0	1	1			7.48	lock I86
ADD	M64, I8	1	1			7.48	lock I86
ADD	M8, 0	1	1			7.48	lock I86
ADD	M8, R8h	1	1		6	7.48	lock I86
ADD	R8l, 0	1	1		1	0.25	I86
AND	AL, 0	1	1		1	0.50	I86
AND	AX, I16	1	1		1	0.50	I86
AND	M16, 0	1	1			0.67	I86
AND	M16, I8	1	1			0.67	I86
AND	M32, 0	1	1			0.67	I86
AND	M32, I8	1	1			0.67	I86
AND	M64, 0	1	1			0.67	I86
AND	M64, I8	1	1			0.67	I86
AND	M8, 0	1	1			0.67	I86
AND	M8, R8h	1	1		6	0.67	I86
AND	R16, 0	1	1		1	0.28	I86
AND	R16, I8	1	1		1	0.28	I86
AND	R32, 0	1	1		1	0.25	I86
AND	R32, I8	1	1		1	0.25	I86
AND	R64, 0	1	1		1	0.25	I86
AND	R64, I8	1	1		1	0.25	I86
AND	R8h, 0	1	1		1	0.25	I86
AND	R8h, M8	1	1		1	0.33	I86
AND	RAX, I32	1	1		1	0.56	I86
AND	R8h, R8l	1	1		1	0.33	I86
AND	R8l, R8l	1	1		1	0.25	I86
AND	R32, R32	1	1		1	0.25	I86
AND	R8h, R8h	1	1		1	0.33	I86
AND	R8l, R8h	1	1		1	0.33	I86
AND	R16, R16	1	1		1	0.25	I86
AND	R64, R64	1	1		1	0.25	I86
AND	M16, I16	1	1			7.48	lock I86
AND	M16, R16	1	1		6	7.48	lock I86
AND	M32, I32	1	1			7.48	lock I86
AND	M32, R32	1	1		5	7.48	lock I86
AND	M64, I32	1	1			7.48	lock I86
AND	M64, R64	1	1		5	7.48	lock I86
AND	M8, I8	1	1			7.48	lock I86
AND	M8, R8l	1	1		7	7.48	lock I86
AND	R8l, I8	1	1		1	0.25	I86
BSF	R16, R16	6	6		3	3.00	I386
BSF	R32, R32	6	6		3	3.00	I386
BSF	R64, R64	6	6		3	3.00	I386
BSR	R16, R16	6	6		4	4.00	I386
BSR	R32, R32	6	6		4	4.00	I386
BSR	R64, R64	6	6		4	4.00	I386
BSWAP	R64	1	1		1	0.25	I486REAL
BT	M16, I8	2	2			0.50	I386
BT	M32, 0	2	2			0.50	I386
BT	M32, R32	7	7		8	3.00	I386
BT	M64, I8	2	2			0.50	I386
BT	R16, 0	1	1		1	0.50	I386
BT	R16, R16	1	1		1	0.50	I386
BT	R32, I8	1	1		1	0.50	I386
BT	R64, 0	1	1		1	0.50	I386
BT	R64, R64	1	1		1	0.50	I386
BTC	M16, I8	4	4			2.00	I386
BTC	M32, 0	4	4			2.00	I386
BTC	M32, R32	9	9		45	3.00	I386
BTC	M64, I8	4	4			2.00	I386
BTC	R16, 0	2	2		2	1.00	I386
BTC	R16, R16	2	2		2	1.00	I386
BTC	R32, I8	2	2		2	1.00	I386
BTC	R64, 0	2	2		2	1.00	I386
BTC	R64, R64	2	2		2	1.00	I386
BTC	M16, I8	4	4			7.75	lock I386
BTC	M32, 0	4	4			7.64	lock I386
BTC	M32, R32	9	9		47	7.50	lock I386
BTC	M64, I8	4	4			7.63	lock I386
BTR	M16, 0	4	4			2.00	I386
BTR	M16, R16	9	9		46	3.00	I386
BTR	M32, I8	4	4			2.00	I386
BTR	M64, 0	4	4			2.00	I386
BTR	M64, R64	9	9		45	3.00	I386
BTR	R16, I8	2	2		2	1.00	I386
BTR	R32, 0	2	2		2	1.00	I386
BTR	R32, R32	2	2		2	1.00	I386
BTR	R64, I8	2	2		2	1.00	I386
BTR	M16, 0	4	4			7.64	lock I386
BTR	M16, R16	9	9		46	7.55	lock I386
BTR	M32, I8	4	4			7.75	lock I386
BTR	M64, 0	4	4			7.75	lock I386
BTR	M64, R64	9	9		41	7.53	lock I386
BTS	M16, I8	4	4			2.00	I386
BTS	M32, 0	4	4			2.00	I386
BTS	M32, R32	9	9		45	3.00	I386
BTS	M64, I8	4	4			2.00	I386
BTS	R16, 0	2	2		2	1.00	I386
BTS	R16, R16	2	2		2	1.00	I386
BTS	R32, I8	2	2		2	1.00	I386
BTS	R64, 0	2	2		2	1.00	I386
BTS	R64, R64	2	2		2	1.00	I386
BTS	M16, I8	4	4			7.64	lock I386
BTS	M32, 0	4	4			7.75	lock I386
BTS	M32, R32	9	9		42	7.53	lock I386
BTS	M64, I8	4	4			7.80	lock I386
CALL	R64	2	2			9.72	I86
CBW		1	1		1	0.50	I86
CLC		1	1			0.25	I86
CLI		7	7			9.00	I86
CMC		1	1		1	0.50	I86
CMOVB	R16, R16	1	1		1	0.50	CMOV
CMOVB	R32, R32	1	1		1	0.50	CMOV
CMOVB	R64, R64	1	1		1	0.50	CMOV
CMOVBE	R16, R16	1	1		1	0.50	CMOV
CMOVBE	R32, R32	1	1		1	0.50	CMOV
CMOVBE	R64, R64	1	1		1	0.50	CMOV
CMOVL	R16, R16	1	1		1	0.50	CMOV
CMOVL	R32, R32	1	1		1	0.50	CMOV
CMOVL	R64, R64	1	1		1	0.50	CMOV
CMOVLE	R16, R16	1	1		1	0.50	CMOV
CMOVLE	R32, R32	1	1		1	0.50	CMOV
CMOVLE	R64, R64	1	1		1	0.50	CMOV
CMOVNB	R16, R16	1	1		1	0.50	CMOV
CMOVNB	R32, R32	1	1		1	0.50	CMOV
CMOVNB	R64, R64	1	1		1	0.50	CMOV
CMOVNBE	R16, R16	1	1		1	0.50	CMOV
CMOVNBE	R32, R32	1	1		1	0.50	CMOV
CMOVNBE	R64, R64	1	1		1	0.50	CMOV
CMOVNL	R16, R16	1	1		1	0.50	CMOV
CMOVNL	R32, R32	1	1		1	0.50	CMOV
CMOVNL	R64, R64	1	1		1	0.50	CMOV
CMOVNLE	R16, R16	1	1		1	0.50	CMOV
CMOVNLE	R32, R32	1	1		1	0.50	CMOV
CMOVNLE	R64, R64	1	1		1	0.50	CMOV
CMOVNO	R16, R16	1	1		1	0.50	CMOV
CMOVNO	R32, R32	1	1		1	0.50	CMOV
CMOVNO	R64, R64	1	1		1	0.50	CMOV
CMOVNP	R16, R16	1	1		1	0.50	CMOV
CMOVNP	R32, R32	1	1		1	0.50	CMOV
CMOVNP	R64, R64	1	1		1	0.50	CMOV
CMOVNS	R16, R16	1	1		1	0.50	CMOV
CMOVNS	R32, R32	1	1		1	0.50	CMOV
CMOVNS	R64, R64	1	1		1	0.50	CMOV
CMOVNZ	R16, R16	1	1		1	0.50	CMOV
CMOVNZ	R32, R32	1	1		1	0.50	CMOV
CMOVNZ	R64, R64	1	1		1	0.50	CMOV
CMOVO	R16, R16	1	1		1	0.50	CMOV
CMOVO	R32, R32	1	1		1	0.50	CMOV
CMOVO	R64, R64	1	1		1	0.50	CMOV
CMOVP	R16, R16	1	1		1	0.50	CMOV
CMOVP	R32, R32	1	1		1	0.50	CMOV
CMOVP	R64, R64	1	1		1	0.50	CMOV
CMOVS	R16, R16	1	1		1	0.50	CMOV
CMOVS	R32, R32	1	1		1	0.50	CMOV
CMOVS	R64, R64	1	1		1	0.50	CMOV
CMOVZ	R16, R16	1	1		1	0.50	CMOV
CMOVZ	R32, R32	1	1		1	0.50	CMOV
CMOVZ	R64, R64	1	1		1	0.50	CMOV
CMP	AL, I8	1	1		1	0.25	I86
CMP	EAX, I32	1	1		1	0.31	I86
CMP	M16, I16	1	1			0.37	I86
CMP	M16, R16	1	1		1	0.33	I86
CMP	M32, I32	1	1			0.44	I86
CMP	M32, R32	1	1		1	0.33	I86
CMP	M64, I32	1	1			0.44	I86
CMP	M64, R64	1	1		1	0.33	I86
CMP	M8, I8	1	1			0.33	I86
CMP	M8, R8l	1	1		1	0.33	I86
CMP	R16, I16	1	1		1	0.37	I86
CMP	R16, M16	1	1		1	0.33	I86
CMP	R32, I32	1	1		1	0.44	I86
CMP	R32, M32	1	1		1	0.33	I86
CMP	R64, I32	1	1		1	0.43	I86
CMP	R64, M64	1	1		1	0.33	I86
CMP	R8h, I8	1	1		1	0.25	I86
CMP	R8l, M8	1	1		1	0.33	I86
CMPSB		6	6		3	3.00	I86
REPNE_CMPSB		3	3			19.00	I86
REPE_CMPSD		3	3			19.00	I386
CMPSW		6	6		3	3.00	I86
REPNE_CMPSW		3	3			19.00	I86
CMPXCHG	M32, R32	6	6		7	3.00	I486REAL
CMPXCHG	M8, R8h	5	5		9	3.00	I486REAL
CMPXCHG	R16, R16	5	5		2	3.00	I486REAL
CMPXCHG	R64, R64	5	5		2	3.00	I486REAL
CMPXCHG	R8h, R8l	3	3		3	2.00	I486REAL
CMPXCHG	R8l, R8l	3	3		3	2.00	I486REAL
CMPXCHG8B	M64	19	19		9	7.63	lock PENTIUMREAL
CMPXCHG	M32, R32	6	6		7	7.75	lock I486REAL
CMPXCHG	M8, R8h	5	5		9	7.55	lock I486REAL
CMP	R8h, R8h	1	1		1	0.25	I86
CMP	R8l, R8h	1	1		1	0.25	I86
CMP	R16, R16	1	1		1	0.25	I86
CMP	R64, R64	1	1		1	0.25	I86
CMP	R8h, R8l	1	1		1	0.25	I86
CMP	R8l, R8l	1	1		1	0.25	I86
CMP	R32, R32	1	1		1	0.25	I86
CMP	R8l, 0	1	1		1	0.25	I86
CPUID		82	82			128.50	I486REAL
CWDE		1	1		1	0.50	I386
DEC	M32	1	1			0.54	I86
DEC	M8	1	1			0.50	I86
DEC	R32	1	1		1	0.25	I86
DEC	R8h	1	1		1	0.25	I86
DEC	M16	1	1			5.91	lock I86
DEC	M64	1	1			5.91	lock I86
DIV	M16	3	3			4.00	I86
DIV	M64	3	3			7.00	I86
DIV	R16	2	2			4.00	I86
DIV	R64	2	2			7.00	I86
DIV	R8l	2	2		10	4.00	I86
ENTER	I16, I8	17	17			22.00	I186
IDIV	M16	3	3			4.00	I86
IDIV	M64	3	3			7.00	I86
IDIV	R16	2	2			4.00	I86
IDIV	R64	2	2			7.00	I86
IDIV	R8l	2	2		10	4.00	I86
IMUL	M32	2	2		4	1.00	I86
IMUL	M8	1	1		3	1.00	I86
IMUL	R16, M16	1	1		3	1.00	I86
IMUL	R16, M16, I16	2	2		4	1.00	I186
IMUL	R16, R16	1	1		3	1.00	I86
IMUL	R16, R16, I16	2	2		4	1.00	I186
IMUL	R32	2	2		4	1.00	I86
IMUL	R32, M32, 0	1	1			1.00	I186
IMUL	R32, M32, I8	1	1			1.00	I186
IMUL	R32, R32, 0	1	1		3	1.00	I186
IMUL	R32, R32, I8	1	1		3	1.00	I186
IMUL	R64, M64	1	1		3	1.00	I86
IMUL	R64, M64, I32	1	1			1.00	I186
IMUL	R64, R64	1	1		3	1.00	I86
IMUL	R64, R64, I32	1	1		3	1.00	I186
IMUL	R8h	1	1		3	1.00	I86
IN	AL, 0	52	52			5542.12	I86
IN	AL, I8	52	52			7378.05	I86
IN	AX, DX	52	52			10387.73	I86
IN	EAX, 0	52	52			5613.22	I86
IN	EAX, I8	52	52			16279.23	I86
INC	M32	1	1			0.50	I86
INC	M8	1	1			0.48	I86
INC	R32	1	1		1	0.25	I86
INC	R8h	1	1		1	0.25	I86
INC	M16	1	1			5.91	lock I86
INC	M64	1	1			5.91	lock I86
INSB		26	26			9320.38	I186
REP_INSB		16	16			28.00	I186
REP_INSD		16	16			28.00	I386
INSW		26	26			12275.70	I186
REP_INSW		16	16			28.00	I186
JB	Rel32	1	1			0.50	I86
JBE	Rel32	1	1			0.50	I86
JL	Rel32	1	1			0.50	I86
JLE	Rel32	1	1			0.50	I86
JMP	M64	1	1			1.42	I86
JMP	Rel32	1	1			2.94	I86
JNB	Rel8	1	1			0.50	I86
JNBE	Rel8	1	1			0.50	I86
JNL	Rel8	1	1			0.50	I86
JNLE	Rel8	1	1			0.50	I86
JNO	Rel8	1	1			0.50	I86
JNP	Rel8	1	1			0.50	I86
JNS	Rel8	1	1			0.50	I86
JNZ	Rel8	1	1			0.50	I86
JO	Rel8	1	1			0.50	I86
JP	Rel8	1	1			0.50	I86
JS	Rel32	1	1			0.50	I86
JZ	Rel32	1	1			0.50	I86
LAHF		1	1		1	1.00	LAHF
LAR	R16, R16	27	27		106	112.00	I286PROTECTED
LAR	R32, R32	27	27		106	112.00	I286PROTECTED
LAR	R64, R64	27	27		106	112.10	I286PROTECTED
LEAVE		4	4		5	2.00	I186
LEA	R32	1	1			0.25	I86
LEA	R16	2	2		1	0.50	I86
LEA	R64	1	1			0.43	I86
LEA	R64	1	1			0.25	I86
LEA	R16	4	4		1	2.00	I86
LEA	R64	2	2			0.50	I86
LEA	R32	2	2			0.50	I86
LEA	R16	2	2		1	0.71	I86
LEA	R64	1	1			0.50	I86
LEA	R32	1	1			0.50	I86
LEA	R16	2	2		1	1.00	I86
LEA	R32	1	1			0.40	I86
LLDT	M16	57	57			222.27	I286PROTECTED
LMSW	M16	20	20			6.00	I286REAL
LODSB		4	4			3.00	I86
REP_LODSB		3	3			19.00	I86
REP_LODSD		3	3			19.00	I386
LODSW		4	4			3.00	I86
REP_LODSW		3	3			19.00	I86
LOOPE	Rel8	1	1		1	0.56	I86
LSL	R16, M16	12	12		102	59.00	I286PROTECTED
LSL	R32, M16	12	12		102	59.00	I286PROTECTED
LSL	R64, M16	12	12		102	59.00	I286PROTECTED
MOV	AX, Moffs16	4	4		6	2.00	I86
MOV	M16, I16	1	1			0.50	I86
MOV	M16, SEG	2	2			1.00	I86
MOV	M32, R32	1	1		5	0.50	I86
MOV	M64, R64	1	1		5	0.50	I86
MOV	M8, I8	1	1			0.50	I86
MOV	M8, R8l	1	1		7	0.50	I86
MOV	Moffs32, EAX	2	2		5	1.00	I86
MOV	Moffs8, AL	2	2		6	1.00	I86
MOV	R16, M16	1	1		1	0.33	I86
MOV	R32, I32	1	1			0.33	I86
MOV	R32, SEG	1	1			1.00	I86
MOV	R64, I64	1	1			1.00	I86
MOV	R64, SEG	1	1			1.00	I86
MOV	R8h, I8	1	1		1	0.25	I86
MOV	R8l, 0	1	1		1	0.25	I86
MOV	R8l, M8	1	1		1	0.33	I86
MOVSB		5	5			3.00	I86
REP_MOVSB		3	3			19.00	I86
REP_MOVSD		36	36			19.00	I386
MOVSW		5	5			3.00	I86
REP_MOVSW		36	36			19.00	I86
MOVSX	R16, R8h	1	1		1	0.25	I386
MOVSX	R32, M16	1	1			0.33	I386
MOVSX	R32, R16	1	1		1	0.25	I386
MOVSX	R32, R8l	1	1		1	0.25	I386
MOVSX	R64, M8	1	1			0.33	I386
MOVSX	R64, R8l	1	1		1	0.25	I386
MOVZX	R16, R8h	1	1		1	0.25	I386
MOVZX	R32, M16	1	1			0.33	I386
MOVZX	R32, R16	1	1		1	0.25	I386
MOVZX	R32, R8l	1	1		1	0.25	I386
MOVZX	R64, M8	1	1			0.33	I386
MOVZX	R64, R8l	1	1		1	0.25	I386
MOV	R8h, R8l	1	1		1	0.33	I86
MOV	R8l, R8l	1	1		1	0.25	I86
MOV	R32, R32	1	1		0	0.25	I86
MOV	R8h, R8h	1	1		1	0.33	I86
MOV	R8l, R8h	1	1		1	0.33	I86
MOV	R16, R16	1	1		1	0.25	I86
MOV	R64, R64	1	1		0	0.25	I86
MOV_CR	R64, CR	20	20			6.00	I86
MOV_DR	R64, DR	33	33		47	41.00	I86
MUL	M32	2	2		4	1.00	I86
MUL	M8	1	1		3	1.00	I86
MUL	R32	2	2		4	1.00	I86
MUL	R8h	1	1		3	1.00	I86
NEG	M16	1	1			0.67	I86
NEG	M64	1	1			0.67	I86
NEG	R16	1	1		1	0.25	I86
NEG	R64	1	1		1	0.25	I86
NEG	R8l	1	1		1	0.25	I86
NEG	M32	1	1			7.48	lock I86
NEG	M8	1	1			7.48	lock I86
NOP	M16	1	1			0.31	FAT_NOP
NOP	M64	1	1			0.25	FAT_NOP
NOP	R32	1	1			0.25	FAT_NOP
NOT	M16	1	1			0.67	I86
NOT	M64	1	1			0.67	I86
NOT	R16	1	1		1	0.25	I86
NOT	R64	1	1		1	0.25	I86
NOT	R8l	1	1		1	0.25	I86
NOT	M32	1	1			7.48	lock I86
NOT	M8	1	1			7.48	lock I86
OR	AL, I8	1	1		1	0.50	I86
OR	EAX, I32	1	1		1	0.50	I86
OR	M16, I16	1	1			0.67	I86
OR	M16, R16	1	1		6	0.67	I86
OR	M32, I32	1	1			0.67	I86
OR	M32, R32	1	1		5	0.67	I86
OR	M64, I32	1	1			0.67	I86
OR	M64, R64	1	1		5	0.67	I86
OR	M8, I8	1	1			0.67	I86
OR	M8, R8l	1	1		7	0.67	I86
OR	R16, I16	1	1		1	0.33	I86
OR	R16, M16	1	1		1	0.33	I86
OR	R32, I32	1	1		1	0.40	I86
OR	R32, M32	1	1		1	0.33	I86
OR	R64, I32	1	1		1	0.43	I86
OR	R64, M64	1	1		1	0.33	I86
OR	R8h, I8	1	1		1	0.25	I86
OR	R8l, M8	1	1		1	0.33	I86
OR	R8h, R8h	1	1		1	0.33	I86
OR	R8l, R8h	1	1		1	0.33	I86
OR	R16, R16	1	1		1	0.25	I86
OR	R64, R64	1	1		1	0.25	I86
OR	R8h, R8l	1	1		1	0.33	I86
OR	R8l, R8l	1	1		1	0.25	I86
OR	R32, R32	1	1		1	0.25	I86
OR	M16, 0	1	1			7.48	lock I86
OR	M16, I8	1	1			7.48	lock I86
OR	M32, 0	1	1			7.48	lock I86
OR	M32, I8	1	1			7.48	lock I86
OR	M64, 0	1	1			7.48	lock I86
OR	M64, I8	1	1			7.48	lock I86
OR	M8, 0	1	1			7.48	lock I86
OR	M8, R8h	1	1		6	7.48	lock I86
OR	R8l, 0	1	1		1	0.25	I86
OUT	0, AL	51	51			7591.87	I86
OUT	0, EAX	51	51			7679.43	I86
OUT	DX, AX	51	51			12830.95	I86
OUT	I8, AL	51	51			9502.17	I86
OUT	I8, EAX	51	51			19594.23	I86
REP_OUTSB		17	17			28.52	I186
OUTSD		30	30			17780.50	I386
REP_OUTSD		17	17			28.50	I386
REP_OUTSD		17	17			28.52	I386
REP_OUTSW		17	17			28.48	I186
POP	M16	4	4			2.00	I86
POP	R16	4	4		1	2.00	I86
POPF		36	36			13.33	I86
PUSH	FS	2	2			1.00	I86
PUSH	I32	1	1			0.56	I186
PUSH	M16	3	3			2.00	I86
PUSH	R16	2	2		6	1.00	I86
PUSHF		11	11		9	4.00	I86
PUSH	FS	3	3			2.00	I86
PUSH	I16	2	2			1.00	I186
RCL	M16, 0	11	11			4.00	I186
RCL	M16, CL	11	11		11	4.00	I86
RCL	M32, 0	11	11			4.00	I186
RCL	M32, CL	11	11		11	4.00	I86
RCL	M64, 0	11	11			4.00	I186
RCL	M64, CL	11	11		11	4.00	I86
RCL	M8, 0	11	11			4.00	I186
RCL	M8, CL	11	11		11	4.00	I86
RCL	R16, 0	9	9		2	4.00	I186
RCL	R16, CL	9	9		3	4.00	I86
RCL	R32, 0	9	9		2	4.00	I186
RCL	R32, CL	9	9		3	4.00	I86
RCL	R64, 0	9	9		2	4.00	I186
RCL	R64, CL	9	9		3	4.00	I86
RCL	R8h, 0	9	9		2	4.00	I186
RCL	R8h, CL	9	9		3	4.00	I86
RCL	R8l, CL	9	9		3	4.00	I86
RCL	R8l, 1	1	1		1	0.50	I86
RCL	R8l, 0	9	9		2	4.00	I186
RCL	R8l, I8	9	9		2	4.00	I186
RCR	M16, 1	2	2		6	0.53	I86
RCR	M16, I8	10	10		8	4.00	I186
RCR	M32, 1	2	2		6	0.50	I86
RCR	M32, I8	10	10		8	4.00	I186
RCR	M64, 1	2	2		6	0.58	I86
RCR	M64, I8	10	10		8	4.00	I186
RCR	M8, 1	2	2		7	0.54	I86
RCR	M8, I8	10	10		8	4.00	I186
RCR	R16, 1	1	1		1	0.50	I86
RCR	R16, I8	7	7		2	3.00	I186
RCR	R32, 1	1	1		1	0.50	I86
RCR	R32, I8	7	7		2	3.00	I186
RCR	R64, 1	1	1		1	0.50	I86
RCR	R64, I8	7	7		2	3.00	I186
RCR	R8h, 1	1	1		1	0.50	I86
RCR	R8h, I8	7	7		2	3.00	I186
RCR	R8l, 0	7	7		2	3.00	I186
RCR	R8l, I8	7	7		2	3.00	I186
RCR	R8l, 1	1	1		1	0.50	I86
RDMSR		126	126			176.38	PENTIUMREAL
RDTSC		44	44			36.00	PENTIUMREAL
RET	I16	6	6			32.18	I86
ROL	M16, 1	2	2			0.50	I86
ROL	M16, I8	2	2			0.56	I186
ROL	M32, 1	2	2			0.50	I86
ROL	M32, I8	2	2			0.50	I186
ROL	M64, 1	2	2			0.50	I86
ROL	M64, I8	2	2			0.50	I186
ROL	M8, 1	2	2			0.50	I86
ROL	M8, I8	2	2			0.50	I186
ROL	R16, 1	1	1		1	0.50	I86
ROL	R16, I8	1	1		1	0.50	I186
ROL	R32, 1	1	1		1	0.50	I86
ROL	R32, I8	1	1		1	0.50	I186
ROL	R64, 1	1	1		1	0.50	I86
ROL	R64, I8	1	1		1	0.50	I186
ROL	R8h, 1	1	1		1	0.50	I86
ROL	R8h, I8	1	1		1	0.50	I186
ROL	R8l, 0	1	1		1	0.50	I186
ROL	R8l, I8	1	1		1	0.50	I186
ROL	R8l, 1	1	1		1	0.50	I86
ROR	M16, 0	2	2			0.57	I186
ROR	M16, CL	2	2		31	0.54	I86
ROR	M32, 0	2	2			0.53	I186
ROR	M32, CL	2	2		31	0.50	I86
ROR	M64, 0	2	2			0.53	I186
ROR	M64, CL	2	2		31	0.43	I86
ROR	M8, 0	2	2			0.54	I186
ROR	M8, CL	2	2		31	0.50	I86
ROR	R16, 0	1	1		1	0.50	I186
ROR	R16, CL	1	1		31	0.50	I86
ROR	R32, 0	1	1		1	0.50	I186
ROR	R32, CL	1	1		31	0.50	I86
ROR	R64, 0	1	1		1	0.50	I186
ROR	R64, CL	1	1		31	0.50	I86
ROR	R8h, 0	1	1		1	0.50	I186
ROR	R8h, CL	1	1		31	0.50	I86
ROR	R8l, CL	1	1		31	0.50	I86
ROR	R8l, 1	1	1		1	0.50	I86
ROR	R8l, 0	1	1		1	0.50	I186
ROR	R8l, I8	1	1		1	0.50	I186
SAHF		1	1		1	0.25	LAHF
SAR	M16, 1	2	2			0.50	I86
SAR	M16, I8	2	2			0.57	I186
SAR	M32, 1	2	2			0.50	I86
SAR	M32, I8	2	2			0.52	I186
SAR	M64, 1	2	2			0.50	I86
SAR	M64, I8	2	2			0.60	I186
SAR	M8, 1	2	2			0.50	I86
SAR	M8, I8	2	2			0.50	I186
SAR	R16, 1	1	1		1	0.50	I86
SAR	R16, I8	1	1		1	0.50	I186
SAR	R32, 1	1	1		1	0.50	I86
SAR	R32, I8	1	1		1	0.50	I186
SAR	R64, 1	1	1		1	0.50	I86
SAR	R64, I8	1	1		1	0.50	I186
SAR	R8h, 1	1	1		1	0.50	I86
SAR	R8h, I8	1	1		1	0.50	I186
SAR	R8l, 0	1	1		1	0.50	I186
SAR	R8l, I8	1	1		1	0.50	I186
SAR	R8l, 1	1	1		1	0.50	I86
SBB	AL, 0	1	1		1	0.50	I86
SBB	AX, I16	1	1		1	0.50	I86
SBB	M16, 0	1	1		7	0.58	I86
SBB	M16, I8	1	1		7	0.62	I86
SBB	M32, 0	1	1		7	0.56	I86
SBB	M32, I8	1	1		7	0.57	I86
SBB	M64, 0	1	1		7	0.53	I86
SBB	M64, I8	1	1		7	0.50	I86
SBB	M8, 0	1	1		7	0.56	I86
SBB	M8, R8h	1	1		7	0.50	I86
SBB	R16, 0	1	1		1	0.29	I86
SBB	R16, I8	1	1		1	0.29	I86
SBB	R32, 0	1	1		1	0.29	I86
SBB	R32, I8	1	1		1	0.29	I86
SBB	R64, 0	1	1		1	0.29	I86
SBB	R64, I8	1	1		1	0.29	I86
SBB	R8h, 0	1	1		1	0.50	I86
SBB	R8h, M8	1	1		1	0.50	I86
SBB	RAX, I32	1	1		1	0.56	I86
SBB	R8h, R8l	1	1		1	0.33	I86
SBB	R8l, R8l	1	1		1	0.31	I86
SBB	R32, R32	1	1		1	0.31	I86
SBB	R8h, R8h	1	1		1	0.33	I86
SBB	R8l, R8h	1	1		1	0.33	I86
SBB	R16, R16	1	1		1	0.31	I86
SBB	R64, R64	1	1		1	0.31	I86
SBB	M16, I16	1	1		7	5.91	lock I86
SBB	M16, R16	1	1		7	5.88	lock I86
SBB	M32, I32	1	1		7	5.91	lock I86
SBB	M32, R32	1	1		7	5.91	lock I86
SBB	M64, I32	1	1		7	5.91	lock I86
SBB	M64, R64	1	1		7	5.91	lock I86
SBB	M8, I8	1	1		7	5.91	lock I86
SBB	M8, R8l	1	1		7	5.91	lock I86
SBB	R8l, I8	1	1		1	0.32	I86
SBB	R8l, I8	1	1		1	0.33	I86
REPE_SCASB		3	3			19.00	I86
SCASD		4	4		3	3.00	I386
REPNE_SCASD		3	3			19.00	I386
REPE_SCASW		3	3			19.00	I86
SETB	M8	2	2		7	1.00	I386
SETB	R8l	1	1		1	0.50	I386
SETBE	R8h	1	1		1	0.50	I386
SETL	M8	2	2		7	1.00	I386
SETL	R8l	1	1		1	0.50	I386
SETLE	R8h	1	1		1	0.50	I386
SETNB	M8	2	2		7	1.00	I386
SETNB	R8l	1	1		1	0.50	I386
SETNBE	R8h	1	1		1	0.50	I386
SETNL	M8	2	2		7	1.00	I386
SETNL	R8l	1	1		1	0.50	I386
SETNLE	R8h	1	1		1	0.50	I386
SETNO	M8	2	2		7	1.00	I386
SETNO	R8l	1	1		1	0.50	I386
SETNP	R8h	1	1		1	0.50	I386
SETNS	M8	2	2		7	1.00	I386
SETNS	R8l	1	1		1	0.50	I386
SETNZ	R8h	1	1		1	0.50	I386
SETO	M8	2	2		7	1.00	I386
SETO	R8l	1	1		1	0.50	I386
SETP	R8h	1	1		1	0.50	I386
SETS	M8	2	2		7	1.00	I386
SETS	R8l	1	1		1	0.50	I386
SETZ	R8h	1	1		1	0.50	I386
SGDT	M80	17	17			6.00	I286REAL
SHL	M16, 1	2	2			0.60	I86
SHL	M16, I8	2	2			0.60	I186
SHL	M32, 1	2	2			0.50	I86
SHL	M32, I8	2	2			0.50	I186
SHL	M64, 1	2	2			0.50	I86
SHL	M64, I8	2	2			0.50	I186
SHL	M8, 1	2	2			0.50	I86
SHL	M8, I8	2	2			0.60	I186
SHL	R16, 1	1	1		1	0.50	I86
SHL	R16, I8	1	1		1	0.50	I186
SHL	R32, 1	1	1		1	0.50	I86
SHL	R32, I8	1	1		1	0.50	I186
SHL	R64, 1	1	1		1	0.50	I86
SHL	R64, I8	1	1		1	0.50	I186
SHL	R8h, 1	1	1		1	0.50	I86
SHL	R8h, I8	1	1		1	0.50	I186
SHLD	M16, R16, 0	6	6		8	2.00	I386
SHLD	M16, R16, I8	6	6		8	2.00	I386
SHLD	M32, R32, CL	6	6		18	2.00	I386
SHLD	M64, R64, 0	6	6		7	2.00	I386
SHLD	M64, R64, I8	6	6		7	2.00	I386
SHLD	R16, R16, CL	5	5		18	1.50	I386
SHLD	R32, R32, 0	4	4		2	1.50	I386
SHLD	R32, R32, I8	4	4		2	1.50	I386
SHLD	R64, R64, CL	5	5		18	1.50	I386
SHL	R8l, 0	1	1		1	0.50	I186
SHL	R8l, I8	1	1		1	0.50	I186
SHL	R8l, 1	1	1		1	0.50	I86
SHR	M16, 0	2	2			0.60	I186
SHR	M16, CL	2	2		16	0.53	I86
SHR	M32, 0	2	2			0.53	I186
SHR	M32, CL	2	2		16	0.50	I86
SHR	M64, 0	2	2			0.53	I186
SHR	M64, CL	2	2		16	0.53	I86
SHR	M8, 0	2	2			0.53	I186
SHR	M8, CL	2	2		16	0.50	I86
SHR	R16, 0	1	1		1	0.50	I186
SHR	R16, CL	1	1		16	0.50	I86
SHR	R32, 0	1	1		1	0.50	I186
SHR	R32, CL	1	1		16	0.50	I86
SHR	R64, 0	1	1		1	0.50	I186
SHR	R64, CL	1	1		16	0.50	I86
SHR	R8h, 0	1	1		1	0.50	I186
SHR	R8h, CL	1	1		31	0.50	I86
SHR	R8l, CL	1	1		16	0.50	I86
SHRD	M16, R16, CL	6	6		18	2.00	I386
SHRD	M32, R32, 0	6	6		8	2.00	I386
SHRD	M32, R32, I8	6	6		7	2.00	I386
SHRD	M64, R64, CL	6	6		18	2.00	I386
SHRD	R16, R16, 0	4	4		2	1.50	I386
SHRD	R16, R16, I8	4	4		2	1.50	I386
SHRD	R32, R32, CL	5	5		18	1.50	I386
SHRD	R64, R64, 0	4	4		2	1.50	I386
SHRD	R64, R64, I8	4	4		2	1.50	I386
SHR	R8l, 1	1	1		1	0.50	I86
SHR	R8l, 0	1	1		1	0.50	I186
SHR	R8l, I8	1	1		1	0.50	I186
SLDT	M16	13	13			5.00	I286PROTECTED
SLDT	R32	12	12			4.00	I286PROTECTED
SMSW	M16	13	13			5.00	I286REAL
SMSW	R32	12	12			4.00	I286REAL
STC		1	1			0.25	I86
STI		16	16			49.25	I86
REP_STOSB		3	3			19.00	I86
STOSD		3	3		0	3.00	I386
REP_STOSD		3	3			19.00	I386
REP_STOSW		3	3			19.00	I86
STR	M16	13	13			5.00	I286PROTECTED
STR	R32	12	12			4.00	I286PROTECTED
SUB	AL, 0	1	1		1	0.50	I86
SUB	AX, I16	1	1		1	0.50	I86
SUB	M16, 0	1	1			0.67	I86
SUB	M16, I8	1	1			0.67	I86
SUB	M32, 0	1	1			0.67	I86
SUB	M32, I8	1	1			0.67	I86
SUB	M64, 0	1	1			0.67	I86
SUB	M64, I8	1	1			0.67	I86
SUB	M8, 0	1	1			0.67	I86
SUB	M8, R8h	1	1		6	0.67	I86
SUB	R16, 0	1	1		1	0.28	I86
SUB	R16, I8	1	1		1	0.28	I86
SUB	R32, 0	1	1		1	0.25	I86
SUB	R32, I8	1	1		1	0.25	I86
SUB	R64, 0	1	1		1	0.25	I86
SUB	R64, I8	1	1		1	0.25	I86
SUB	R8h, 0	1	1		1	0.25	I86
SUB	R8h, M8	1	1		1	0.33	I86
SUB	RAX, I32	1	1		1	0.56	I86
SUB	R8h, R8l	1	1		1	0.33	I86
SUB	R8l, R8l	1	1		1	0.25	I86
SUB	R32, R32	1	1		1	0.25	I86
SUB	R8h, R8h	1	1		1	0.33	I86
SUB	R8l, R8h	1	1		1	0.33	I86
SUB	R16, R16	1	1		1	0.25	I86
SUB	R64, R64	1	1		1	0.25	I86
SUB	M16, I16	1	1			7.48	lock I86
SUB	M16, R16	1	1		6	7.48	lock I86
SUB	M32, I32	1	1			7.48	lock I86
SUB	M32, R32	1	1		5	7.48	lock I86
SUB	M64, I32	1	1			7.48	lock I86
SUB	M64, R64	1	1		5	7.48	lock I86
SUB	M8, I8	1	1			7.48	lock I86
SUB	M8, R8l	1	1		6	7.48	lock I86
SUB	R8l, I8	1	1		1	0.25	I86
TEST	AL, I8	1	1		1	0.25	I86
TEST	EAX, I32	1	1		1	0.31	I86
TEST	M16, R16	1	1		1	0.33	I86
TEST	M32, R32	1	1		1	0.33	I86
TEST	M64, R64	1	1		1	0.33	I86
TEST	M8, I8	1	1			0.33	I86
TEST	M8, R8l	1	1		1	0.33	I86
TEST	R16, R16	1	1		1	0.25	I86
TEST	R32, R32	1	1		1	0.25	I86
TEST	R64, R64	1	1		1	0.25	I86
TEST	R8h, I8	1	1		1	0.25	I86
TEST	R8h, R8l	1	1		1	0.25	I86
TEST	R8l, R8l	1	1		1	0.25	I86
TEST	R8l, 0	1	1		1	0.25	I86
VERR	R16	27	27		131	112.67	I286PROTECTED
VERW	R16	27	27		131	112.10	I286PROTECTED
WRMSR		126	126			235.20	PENTIUMREAL
XADD	M32, R32	4	4		6	2.00	I486REAL
XADD	M8, R8h	4	4		8	2.40	I486REAL
XADD	R16, R16	2	2		1	0.50	I486REAL
XADD	R64, R64	2	2		1	0.33	I486REAL
XADD	R8h, R8l	2	2		1	0.50	I486REAL
XADD	R8l, R8l	2	2		1	0.50	I486REAL
XADD	M32, R32	4	4		6	7.82	lock I486REAL
XADD	M8, R8h	4	4		8	7.88	lock I486REAL
XCHG	M16, R16	5	5		8	7.85	I86
XCHG	M64, R64	2	2		6	7.50	I86
XCHG	M8, R8l	5	5		7	7.83	I86
XCHG	R16, R16	2	2		1	0.50	I86
XCHG	R32, R32	2	2		0	0.33	I86
XCHG	R64, RAX	2	2		0	0.33	I86
XCHG	R8h, R8l	2	2		1	0.50	I86
XCHG	R8l, R8l	2	2		1	0.50	I86
XOR	AL, 0	1	1		1	0.50	I86
XOR	AX, I16	1	1		1	0.50	I86
XOR	M16, 0	1	1			0.67	I86
XOR	M16, I8	1	1			0.67	I86
XOR	M32, 0	1	1			0.67	I86
XOR	M32, I8	1	1			0.67	I86
XOR	M64, 0	1	1			0.67	I86
XOR	M64, I8	1	1			0.67	I86
XOR	M8, 0	1	1			0.67	I86
XOR	M8, R8h	1	1		6	0.67	I86
XOR	R16, 0	1	1		1	0.28	I86
XOR	R16, I8	1	1		1	0.28	I86
XOR	R32, 0	1	1		1	0.25	I86
XOR	R32, I8	1	1		1	0.25	I86
XOR	R64, 0	1	1		1	0.25	I86
XOR	R64, I8	1	1		1	0.25	I86
XOR	R8h, 0	1	1		1	0.25	I86
XOR	R8h, M8	1	1		1	0.33	I86
XOR	RAX, I32	1	1		1	0.56	I86
XOR	R8h, R8l	1	1		1	0.33	I86
XOR	R8l, R8l	1	1		1	0.25	I86
XOR	R32, R32	1	1		1	0.25	I86
XOR	R8h, R8h	1	1		1	0.33	I86
XOR	R8l, R8h	1	1		1	0.33	I86
XOR	R16, R16	1	1		1	0.25	I86
XOR	R64, R64	1	1		1	0.25	I86
XOR	M16, I16	1	1			7.48	lock I86
XOR	M16, R16	1	1		7	7.48	lock I86
XOR	M32, I32	1	1			7.48	lock I86
XOR	M32, R32	1	1		5	7.48	lock I86
XOR	M64, I32	1	1			7.48	lock I86
XOR	M64, R64	1	1		5	7.48	lock I86
XOR	M8, I8	1	1			7.48	lock I86
XOR	M8, R8l	1	1		6	7.48	lock I86
XOR	R8l, I8	1	1		1	0.25	I86
ANDN	R32, R32, M32	1	1		1	0.33	BMI1
ANDN	R64, R64, M64	1	1		1	0.33	BMI1
BEXTR	R32, M32, R32	2	2		1	0.50	BMI1
BEXTR	R64, M64, R64	2	2		1	0.50	BMI1
BLSI	R32, M32	3	3			2.00	BMI1
BLSI	R64, M64	3	3			2.00	BMI1
BLSMSK	R32, M32	3	3			2.00	BMI1
BLSMSK	R64, M64	3	3			2.00	BMI1
BLSR	R32, M32	3	3			2.00	BMI1
BLSR	R64, M64	3	3			2.00	BMI1
TZCNT	R16, M16	2	2		1	0.50	BMI1
TZCNT	R32, M32	2	2		0	0.50	BMI1
TZCNT	R64, M64	2	2		0	0.50	BMI1
BZHI	R32, M32, R32	2	2		1	0.50	BMI2
BZHI	R64, M64, R64	2	2		1	0.50	BMI2
MULX	R32, R32, M32	2	2		4	1.00	BMI2
MULX	R64, R64, M64	2	2		4	1.00	BMI2
PDEP	R32, R32, M32	1	1		3	1.00	BMI2
PDEP	R64, R64, M64	1	1		3	1.00	BMI2
PEXT	R32, R32, M32	1	1		3	1.00	BMI2
PEXT	R64, R64, M64	1	1		3	1.00	BMI2
RORX	R32, M32, I8	2	2			0.50	BMI2
RORX	R64, M64, I8	2	2			0.50	BMI2
SARX	R32, M32, R32	2	2		1	0.50	BMI2
SARX	R64, M64, R64	2	2		1	0.50	BMI2
SHLX	R32, M32, R32	2	2		1	0.50	BMI2
SHLX	R64, M64, R64	2	2		1	0.50	BMI2
SHRX	R32, M32, R32	2	2		1	0.50	BMI2
SHRX	R64, M64, R64	2	2		1	0.50	BMI2
CLFLUSHOPT	M512	1	1			19.97	CLFLUSHOPT
CLFLUSH	M512	1	1			19.97	CLFSH
CLWB	M512	1	1			19.96	CLWB
CLZERO		1	1			335.43	CLZERO
VCVTPH2PS	XMM, M64	1	1	1*FP23		0.50	F16C
VCVTPH2PS	YMM, M128	1	1	1*FP23		0.50	F16C
VCVTPS2PH	M128, YMM, I8	3	3	1*FP1+1*FP23+1*FP45	14	2.00	F16C
VCVTPS2PH	XMM, XMM, I8	1	1	1*FP23	3	0.50	F16C
VFMADD132PD	XMM, XMM, M128	1	1	1*FP01	4	0.50	FMA
VFMADD132PD	YMM, YMM, M256	1	1	1*FP01	4	0.62	FMA
VFMADD132PS	XMM, XMM, M128	1	1	1*FP01	4	0.50	FMA
VFMADD132PS	YMM, YMM, M256	1	1	1*FP01	4	0.60	FMA
VFMADD132SD	XMM, XMM, M64	1	1	1*FP01	4	0.50	FMA
VFMADD132SS	XMM, XMM, M32	1	1	1*FP01	4	0.50	FMA
VFMADD213PD	XMM, XMM, M128	1	1	1*FP01	4	0.50	FMA
VFMADD213PD	YMM, YMM, M256	1	1	1*FP01	4	0.60	FMA
VFMADD213PS	XMM, XMM, M128	1	1	1*FP01	4	0.50	FMA
VFMADD213PS	YMM, YMM, M256	1	1	1*FP01	4	0.60	FMA
VFMADD213SD	XMM, XMM, M64	1	1	1*FP01	4	0.50	FMA
VFMADD213SS	XMM, XMM, M32	1	1	1*FP01	4	0.50	FMA
VFMADD231PD	XMM, XMM, M128	1	1	1*FP01	4	0.50	FMA
VFMADD231PD	YMM, YMM, M256	1	1	1*FP01	4	0.60	FMA
VFMADD231PS	XMM, XMM, M128	1	1	1*FP01	4	0.50	FMA
VFMADD231PS	YMM, YMM, M256	1	1	1*FP01	4	0.60	FMA
VFMADD231SD	XMM, XMM, M64	1	1	1*FP01	4	0.50	FMA
VFMADD231SS	XMM, XMM, M32	1	1	1*FP01	4	0.50	FMA
VFMADDSUB132PD	XMM, XMM, M128	1	1	1*FP01	4	0.50	FMA
VFMADDSUB132PD	YMM, YMM, M256	1	1	1*FP01	4	0.63	FMA
VFMADDSUB132PS	XMM, XMM, M128	1	1	1*FP01	4	0.50	FMA
VFMADDSUB132PS	YMM, YMM, M256	1	1	1*FP01	4	0.63	FMA
VFMADDSUB213PD	XMM, XMM, M128	1	1	1*FP01	4	0.52	FMA
VFMADDSUB213PD	YMM, YMM, M256	1	1	1*FP01	4	0.63	FMA
VFMADDSUB213PS	XMM, XMM, M128	1	1	1*FP01	4	0.52	FMA
VFMADDSUB213PS	YMM, YMM, M256	1	1	1*FP01	4	0.62	FMA
VFMADDSUB231PD	XMM, XMM, M128	1	1	1*FP01	4	0.50	FMA
VFMADDSUB231PD	YMM, YMM, M256	1	1	1*FP01	4	0.63	FMA
VFMADDSUB231PS	XMM, XMM, M128	1	1	1*FP01	4	0.50	FMA
VFMADDSUB231PS	YMM, YMM, M256	1	1	1*FP01	4	0.63	FMA
VFMSUB132PD	XMM, XMM, M128	1	1	1*FP01	4	0.50	FMA
VFMSUB132PD	YMM, YMM, M256	1	1	1*FP01	4	0.60	FMA
VFMSUB132PS	XMM, XMM, M128	1	1	1*FP01	4	0.55	FMA
VFMSUB132PS	YMM, YMM, M256	1	1	1*FP01	4	0.62	FMA
VFMSUB132SD	XMM, XMM, M64	1	1	1*FP01	4	0.50	FMA
VFMSUB132SS	XMM, XMM, M32	1	1	1*FP01	4	0.50	FMA
VFMSUB213PD	XMM, XMM, M128	1	1	1*FP01	4	0.50	FMA
VFMSUB213PD	YMM, YMM, M256	1	1	1*FP01	4	0.63	FMA
VFMSUB213PS	XMM, XMM, M128	1	1	1*FP01	4	0.50	FMA
VFMSUB213PS	YMM, YMM, M256	1	1	1*FP01	4	0.60	FMA
VFMSUB213SD	XMM, XMM, M64	1	1	1*FP01	4	0.50	FMA
VFMSUB213SS	XMM, XMM, M32	1	1	1*FP01	4	0.50	FMA
VFMSUB231PD	XMM, XMM, M128	1	1	1*FP01	4	0.50	FMA
VFMSUB231PD	YMM, YMM, M256	1	1	1*FP01	4	0.63	FMA
VFMSUB231PS	XMM, XMM, M128	1	1	1*FP01	4	0.55	FMA
VFMSUB231PS	YMM, YMM, M256	1	1	1*FP01	4	0.63	FMA
VFMSUB231SD	XMM, XMM, M64	1	1	1*FP01	4	0.50	FMA
VFMSUB231SS	XMM, XMM, M32	1	1	1*FP01	4	0.50	FMA
VFMSUBADD132PD	XMM, XMM, M128	1	1	1*FP01	4	0.50	FMA
VFMSUBADD132PD	YMM, YMM, M256	1	1	1*FP01	4	0.63	FMA
VFMSUBADD132PS	XMM, XMM, M128	1	1	1*FP01	4	0.50	FMA
VFMSUBADD132PS	YMM, YMM, M256	1	1	1*FP01	4	0.60	FMA
VFMSUBADD213PD	XMM, XMM, M128	1	1	1*FP01	4	0.50	FMA
VFMSUBADD213PD	YMM, YMM, M256	1	1	1*FP01	4	0.63	FMA
VFMSUBADD213PS	XMM, XMM, M128	1	1	1*FP01	4	0.40	FMA
VFMSUBADD213PS	YMM, YMM, M256	1	1	1*FP01	4	0.60	FMA
VFMSUBADD231PD	XMM, XMM, M128	1	1	1*FP01	4	0.52	FMA
VFMSUBADD231PD	YMM, YMM, M256	1	1	1*FP01	4	0.63	FMA
VFMSUBADD231PS	XMM, XMM, M128	1	1	1*FP01	4	0.50	FMA
VFMSUBADD231PS	YMM, YMM, M256	1	1	1*FP01	4	0.63	FMA
VFNMADD132PD	XMM, XMM, M128	1	1	1*FP01	4	0.50	FMA
VFNMADD132PD	YMM, YMM, M256	1	1	1*FP01	4	0.60	FMA
VFNMADD132PS	XMM, XMM, M128	1	1	1*FP01	4	0.50	FMA
VFNMADD132PS	YMM, YMM, M256	1	1	1*FP01	4	0.63	FMA
VFNMADD132SD	XMM, XMM, M64	1	1	1*FP01	4	0.50	FMA
VFNMADD132SS	XMM, XMM, M32	1	1	1*FP01	4	0.50	FMA
VFNMADD213PD	XMM, XMM, M128	1	1	1*FP01	4	0.52	FMA
VFNMADD213PD	YMM, YMM, M256	1	1	1*FP01	4	0.63	FMA
VFNMADD213PS	XMM, XMM, M128	1	1	1*FP01	4	0.50	FMA
VFNMADD213PS	YMM, YMM, M256	1	1	1*FP01	4	0.63	FMA
VFNMADD213SD	XMM, XMM, M64	1	1	1*FP01	4	0.50	FMA
VFNMADD213SS	XMM, XMM, M32	1	1	1*FP01	4	0.50	FMA
VFNMADD231PD	XMM, XMM, M128	1	1	1*FP01	4	0.50	FMA
VFNMADD231PD	YMM, YMM, M256	1	1	1*FP01	4	0.63	FMA
VFNMADD231PS	XMM, XMM, M128	1	1	1*FP01	4	0.50	FMA
VFNMADD231PS	YMM, YMM, M256	1	1	1*FP01	4	0.60	FMA
VFNMADD231SD	XMM, XMM, M64	1	1	1*FP01	4	0.50	FMA
VFNMADD231SS	XMM, XMM, M32	1	1	1*FP01	4	0.50	FMA
VFNMSUB132PD	XMM, XMM, M128	1	1	1*FP01	4	0.52	FMA
VFNMSUB132PD	YMM, YMM, M256	1	1	1*FP01	4	0.63	FMA
VFNMSUB132PS	XMM, XMM, M128	1	1	1*FP01	4	0.50	FMA
VFNMSUB132PS	YMM, YMM, M256	1	1	1*FP01	4	0.63	FMA
VFNMSUB132SD	XMM, XMM, M64	1	1	1*FP01	4	0.50	FMA
VFNMSUB132SS	XMM, XMM, M32	1	1	1*FP01	4	0.50	FMA
VFNMSUB213PD	XMM, XMM, M128	1	1	1*FP01	4	0.50	FMA
VFNMSUB213PD	YMM, YMM, M256	1	1	1*FP01	4	0.60	FMA
VFNMSUB213PS	XMM, XMM, M128	1	1	1*FP01	4	0.52	FMA
VFNMSUB213PS	YMM, YMM, M256	1	1	1*FP01	4	0.60	FMA
VFNMSUB213SD	XMM, XMM, M64	1	1	1*FP01	4	0.50	FMA
VFNMSUB213SS	XMM, XMM, M32	1	1	1*FP01	4	0.50	FMA
VFNMSUB231PD	XMM, XMM, M128	1	1	1*FP01	4	0.50	FMA
VFNMSUB231PD	YMM, YMM, M256	1	1	1*FP01	4	0.63	FMA
VFNMSUB231PS	XMM, XMM, M128	1	1	1*FP01	4	0.50	FMA
VFNMSUB231PS	YMM, YMM, M256	1	1	1*FP01	4	0.60	FMA
VFNMSUB231SD	XMM, XMM, M64	1	1	1*FP01	4	0.50	FMA
VFNMSUB231SS	XMM, XMM, M32	1	1	1*FP01	4	0.50	FMA
CDQE		1	1		1	0.50	LONGMODE
REPE_CMPSQ		3	3			19.00	LONGMODE
CMPXCHG16B	M128	28	28	1*FP01+3*FP0123+2*FP1+2*FP12+4*FP45	15	10.00	CMPXCHG16B
CQO		1	1		1	0.50	LONGMODE
LODSQ		4	4			3.00	LONGMODE
REP_LODSQ		3	3			19.00	LONGMODE
REP_MOVSQ		36	36			19.00	LONGMODE
MOVSXD	R64, M32	1	1			0.33	LONGMODE
POPFQ		37	37			14.00	LONGMODE
SCASQ		4	4		3	3.00	LONGMODE
REPNE_SCASQ		3	3			19.00	LONGMODE
REP_STOSQ		3	3			19.00	LONGMODE
LZCNT	R16, M16	1	1		1	0.42	LZCNT
LZCNT	R32, M32	1	1		0	0.33	LZCNT
LZCNT	R64, M64	1	1		0	0.33	LZCNT
EMMS		1	1			0.25	PENTIUMMMX
MOVD	M32, MM	1	1	1*FP45	19	1.00	PENTIUMMMX
MOVD	MM, R32	2	2	1*FP0123	6	1.00	PENTIUMMMX
MOVNTQ	M64, MM	1	1	1*FP45	804	1.00	PENTIUMMMX
MOVQ	MM, M64	1	1			0.50	PENTIUMMMX
MOVQ	R64, MM	1	1	1*FP45	6	1.00	PENTIUMMMX
MOVQ	MM, MM	1	1	1*FP0123	1	0.25	PENTIUMMMX
PACKSSDW	MM, MM	1	1	1*FP12	1	0.50	PENTIUMMMX
PACKSSWB	MM, MM	1	1	1*FP12	1	0.50	PENTIUMMMX
PACKUSWB	MM, MM	1	1	1*FP12	1	0.50	PENTIUMMMX
PADDB	MM, MM	1	1	1*FP0123	1	0.25	PENTIUMMMX
PADDD	MM, MM	1	1	1*FP0123	1	0.25	PENTIUMMMX
PADDQ	MM, MM	1	1	1*FP0123	1	0.25	SSE2MMX
PADDSB	MM, MM	1	1	1*FP01	1	0.50	PENTIUMMMX
PADDSW	MM, MM	1	1	1*FP01	1	0.50	PENTIUMMMX
PADDUSB	MM, MM	1	1	1*FP01	1	0.50	PENTIUMMMX
PADDUSW	MM, MM	1	1	1*FP01	1	0.50	PENTIUMMMX
PADDW	MM, MM	1	1	1*FP0123	1	0.25	PENTIUMMMX
PAND	MM, MM	1	1	1*FP0123	1	0.25	PENTIUMMMX
PANDN	MM, MM	1	1	1*FP0123	1	0.25	PENTIUMMMX
PAVGB	MM, MM	1	1	1*FP01	1	0.50	PENTIUMMMX
PAVGW	MM, MM	1	1	1*FP01	1	0.50	PENTIUMMMX
PCMPEQB	MM, MM	1	1	1*FP0123	1	0.25	PENTIUMMMX
PCMPEQD	MM, MM	1	1	1*FP0123	1	0.25	PENTIUMMMX
PCMPEQW	MM, MM	1	1	1*FP0123	1	0.25	PENTIUMMMX
PCMPGTB	MM, MM	1	1	1*FP0123	1	0.25	PENTIUMMMX
PCMPGTD	MM, MM	1	1	1*FP0123	1	0.25	PENTIUMMMX
PCMPGTW	MM, MM	1	1	1*FP0123	1	0.25	PENTIUMMMX
PINSRW	MM, M16, I8	1	1	1*FP12	1	0.50	PENTIUMMMX
PMADDWD	MM, M64	1	1	1*FP03	3	0.50	PENTIUMMMX
PMAXSW	MM, M64	1	1	1*FP0123	1	0.50	PENTIUMMMX
PMAXUB	MM, M64	1	1	1*FP0123	1	0.50	PENTIUMMMX
PMINSW	MM, M64	1	1	1*FP0123	1	0.50	PENTIUMMMX
PMINUB	MM, M64	1	1	1*FP0123	1	0.50	PENTIUMMMX
PMULHW	MM, M64	1	1	1*FP03	3	0.50	PENTIUMMMX
PMULLW	MM, M64	1	1	1*FP03	3	0.50	PENTIUMMMX
POR	MM, M64	1	1	1*FP0123	1	0.50	PENTIUMMMX
PSADBW	MM, M64	1	1	1*FP03	3	0.50	PENTIUMMMX
PSHUFW	MM, M64, I8	1	1	1*FP12		0.50	PENTIUMMMX
PSLLD	MM, I8	1	1	1*FP12	1	0.50	PENTIUMMMX
PSLLD	MM, MM	1	1	1*FP12	1	0.50	PENTIUMMMX
PSLLQ	MM, M64	1	1	1*FP12	1	0.50	PENTIUMMMX
PSLLW	MM, I8	1	1	1*FP12	1	0.50	PENTIUMMMX
PSLLW	MM, MM	1	1	1*FP12	1	0.50	PENTIUMMMX
PSRAD	MM, M64	1	1	1*FP12	1	0.50	PENTIUMMMX
PSRAW	MM, I8	1	1	1*FP12	1	0.50	PENTIUMMMX
PSRAW	MM, MM	1	1	1*FP12	1	0.50	PENTIUMMMX
PSRLD	MM, M64	1	1	1*FP12	1	0.50	PENTIUMMMX
PSRLQ	MM, I8	1	1	1*FP12	1	0.50	PENTIUMMMX
PSRLQ	MM, MM	1	1	1*FP12	1	0.50	PENTIUMMMX
PSRLW	MM, M64	1	1	1*FP12	1	0.50	PENTIUMMMX
PSUBB	MM, M64	1	1	1*FP0123	1	0.50	PENTIUMMMX
PSUBD	MM, M64	1	1	1*FP0123	1	0.50	PENTIUMMMX
PSUBSB	MM, M64	1	1	1*FP01	1	0.50	PENTIUMMMX
PSUBSW	MM, M64	1	1	1*FP01	1	0.50	PENTIUMMMX
PSUBUSB	MM, M64	1	1	1*FP01	1	0.50	PENTIUMMMX
PSUBUSW	MM, M64	1	1	1*FP01	1	0.50	PENTIUMMMX
PSUBW	MM, M64	1	1	1*FP0123	1	0.50	PENTIUMMMX
PUNPCKHBW	MM, M64	1	1	1*FP12	1	0.50	PENTIUMMMX
PUNPCKHDQ	MM, M64	1	1	1*FP12	1	0.50	PENTIUMMMX
PUNPCKHWD	MM, M64	1	1	1*FP12	1	0.50	PENTIUMMMX
PUNPCKLBW	MM, M32	1	1	1*FP12	1	0.50	PENTIUMMMX
PUNPCKLDQ	MM, M32	1	1	1*FP12	1	0.50	PENTIUMMMX
PUNPCKLWD	MM, M32	1	1	1*FP12	1	0.50	PENTIUMMMX
PXOR	MM, M64	1	1	1*FP0123	1	0.50	PENTIUMMMX
MOVBE	M16, R16	2	2		7	0.55	MOVBE
MOVBE	M64, R64	2	2		5	0.55	MOVBE
MOVBE	R32, M32	1	1			0.33	MOVBE
PAUSE		9	9			65.00	PAUSE
PCLMULQDQ	XMM, M128, I8	4	4	1*FP01+2*FP12	4	2.00	PCLMULQDQ
RDPKRU		6	6			3.00	PKU
RDPID	R64	1	1			2.00	RDPID
RDPRU		21	21			17.00	RDPRU
RDRAND	R16	55	55	7*FP01+7*FP03+7*FP1+1*FP12+1*FP23+2*FP45	25	72.00	RDRAND
RDRAND	R64	55	55	7*FP01+7*FP03+7*FP1+1*FP12+1*FP23+2*FP45		72.00	RDRAND
RDSEED	R16	23	23		2939	2927.75	RDSEED
RDSEED	R64	31	31			5855.48	RDSEED
RDTSCP		44	44			71.00	RDTSCP
RDFSBASE	R32	5	5			4.00	RDWRFSGS
RDGSBASE	R32	5	5			3.00	RDWRFSGS
SHA1MSG1	XMM, M128	2	2	1*FP0123+1*FP12	2	0.62	SHA
SHA1MSG2	XMM, M128	1	1	1*FP12	1	0.50	SHA
SHA1NEXTE	XMM, M128	1	1	1*FP01	1	0.50	SHA
SHA1RNDS4	XMM, M128, I8	1	1	1*FP01	6	2.00	SHA
SHA256MSG1	XMM, M128	2	2	1*FP0123+1*FP12	2	0.62	SHA
SHA256MSG2	XMM, M128	5	5	1*FP0123+1*FP1+1*FP12+1*FP23	3	3.00	SHA
SHA256RNDS2	XMM, M128	1	1	1*FP01	4	1.00	SHA
ADDPS	XMM, M128	1	1	1*FP23	3	0.50	SSE
ADDSS	XMM, M32	1	1	1*FP23	3	0.50	SSE
ANDNPS	XMM, M128	1	1	1*FP0123	1	0.50	SSE
ANDPS	XMM, M128	1	1	1*FP0123	1	0.50	SSE
CMPPS	XMM, M128, I8	1	1	1*FP23	1	0.50	SSE
CMPSS	XMM, M32, I8	1	1	1*FP23	1	0.50	SSE
COMISS	XMM, M32	2	2	1*FP23+1*FP45	7	1.00	SSE
CVTPI2PS	XMM, M64	1	1	1*FP23	3	0.50	SSE
CVTPS2PI	MM, M64	1	1	1*FP23		0.50	SSE
CVTSI2SS	XMM, M32	1	1	1*FP23	3	0.50	SSE
CVTSI2SS	XMM, R32	2	2	1*FP23	9	1.00	SSE
CVTSS2SI	R32, M32	2	2	1*FP23+1*FP45		1.00	SSE
CVTSS2SI	R64, M32	2	2	1*FP23+1*FP45		1.00	SSE
CVTTPS2PI	MM, M64	1	1	1*FP23		0.50	SSE
CVTTSS2SI	R32, M32	2	2	1*FP23+1*FP45		1.00	SSE
CVTTSS2SI	R64, M32	2	2	1*FP23+1*FP45		1.00	SSE
DIVPS	XMM, M128	1	1	1*FP01	10	3.50	SSE
DIVSS	XMM, M32	1	1	1*FP01	10	3.50	SSE
FXSAVE	M4096	104	104	8*FP01+7*FP03+6*FP1+37*FP45		85.00	FXSAVE
LDMXCSR	M32	1	1	1*FP01		1.50	SSEMXCSR
MAXPS	XMM, XMM	1	1	1*FP23	1	0.50	SSE
MAXSS	XMM, XMM	1	1	1*FP23	1	0.50	SSE
MINPS	XMM, XMM	1	1	1*FP23	1	0.50	SSE
MINSS	XMM, XMM	1	1	1*FP23	1	0.50	SSE
MOVAPS	XMM, M128	1	1			0.50	SSE
MOVAPS	XMM, XMM	1	1		0	0.25	SSE
MOVHPS	M64, XMM	2	2	1*FP12+1*FP45	9	1.00	SSE
MOVLHPS	XMM, XMM	1	1	1*FP12	1	0.50	SSE
MOVLPS	XMM, M64	1	1	1*FP0123	1	0.50	SSE
MOVNTPS	M128, XMM	1	1	1*FP45	806	1.00	SSE
MOVSS	XMM, M32	1	1			0.50	SSE
MOVSS	XMM, XMM	1	1	1*FP0123	1	0.25	SSE
MOVUPS	XMM, M128	1	1			0.50	SSE
MOVUPS	XMM, XMM	1	1		0	0.25	SSE
MULPS	XMM, XMM	1	1	1*FP01	3	0.50	SSE
MULSS	XMM, XMM	1	1	1*FP01	3	0.50	SSE
ORPS	XMM, XMM	1	1	1*FP0123	1	0.25	SSE
PMULHUW	MM, M64	1	1	1*FP03	3	0.50	PENTIUMMMX
PREFETCHNTA	M512	1	1			0.33	SSE_PREFETCH
PREFETCHT1	M512	1	1			0.33	SSE_PREFETCH
RCPPS	XMM, M128	1	1	1*FP01		0.50	SSE
RCPSS	XMM, M32	1	1	1*FP01	3	0.50	SSE
RSQRTPS	XMM, M128	1	1	1*FP01		0.50	SSE
RSQRTSS	XMM, M32	1	1	1*FP01	3	0.50	SSE
SFENCE		1	1			1.00	SSE
SHUFPS	XMM, XMM, I8	1	1	1*FP12	1	0.50	SSE
SQRTPS	XMM, XMM	1	1	1*FP01	14	5.00	SSE
SQRTSS	XMM, XMM	1	1	1*FP01	14	5.00	SSE
SUBPS	XMM, M128	1	1	1*FP23	3	0.50	SSE
SUBSS	XMM, M32	1	1	1*FP23	3	0.50	SSE
UCOMISS	XMM, M32	2	2	1*FP23+1*FP45	7	1.00	SSE
UNPCKHPS	XMM, M128	1	1	1*FP12	1	0.50	SSE
UNPCKLPS	XMM, M128	1	1	1*FP12	1	0.50	SSE
XORPS	XMM, M128	1	1	1*FP0123	1	0.50	SSE
ADDPD	XMM, M128	1	1	1*FP23	3	0.50	SSE2
ADDSD	XMM, M64	1	1	1*FP23	3	0.50	SSE2
ANDNPD	XMM, M128	1	1	1*FP0123	1	0.50	SSE2
ANDPD	XMM, M128	1	1	1*FP0123	1	0.50	SSE2
CMPPD	XMM, M128, I8	1	1	1*FP23	1	0.52	SSE2
CMPSD	XMM, M64, I8	1	1	1*FP23	1	0.50	SSE2
COMISD	XMM, M64	2	2	1*FP23+1*FP45	7	1.00	SSE2
CVTDQ2PD	XMM, M64	1	1	1*FP23		0.50	SSE2
CVTDQ2PS	XMM, M128	1	1	1*FP23		0.50	SSE2
CVTPD2DQ	XMM, M128	1	1	1*FP23		0.50	SSE2
CVTPD2PI	MM, M128	2	2	1*FP12+1*FP23		0.77	SSE2
CVTPD2PS	XMM, M128	1	1	1*FP23		0.50	SSE2
CVTPI2PD	XMM, M64	2	2	1*FP12+1*FP23		0.78	SSE2
CVTPS2DQ	XMM, M128	1	1	1*FP23		0.50	SSE2
CVTPS2PD	XMM, M64	1	1	1*FP23		0.50	SSE2
CVTSD2SI	R32, M64	2	2	1*FP23+1*FP45		1.00	SSE2
CVTSD2SI	R64, M64	2	2	1*FP23+1*FP45		1.00	SSE2
CVTSD2SS	XMM, M64	1	1	1*FP23	3	0.50	SSE2
CVTSI2SD	XMM, M32	1	1	1*FP23	3	0.50	SSE2
CVTSI2SD	XMM, R32	2	2	1*FP23	9	1.00	SSE2
CVTSS2SD	XMM, M32	1	1	1*FP23	3	0.50	SSE2
CVTTPD2DQ	XMM, M128	1	1	1*FP23		0.50	SSE2
CVTTPD2PI	MM, M128	2	2	1*FP12+1*FP23		0.77	SSE2
CVTTPS2DQ	XMM, M128	1	1	1*FP23		0.50	SSE2
CVTTSD2SI	R32, M64	2	2	1*FP23+1*FP45		1.00	SSE2
CVTTSD2SI	R64, M64	2	2	1*FP23+1*FP45		1.00	SSE2
DIVPD	XMM, M128	1	1	1*FP01	13	4.50	SSE2
DIVSD	XMM, M64	1	1	1*FP01	13	4.50	SSE2
LFENCE		1	1			10.00	SSE2
MAXPD	XMM, M128	1	1	1*FP23	1	0.50	SSE2
MAXSD	XMM, M64	1	1	1*FP23	1	0.50	SSE2
MFENCE		6	6			60.94	SSE2
MINPD	XMM, XMM	1	1	1*FP23	1	0.50	SSE2
MINSD	XMM, XMM	1	1	1*FP23	1	0.50	SSE2
MOVAPD	XMM, M128	1	1			0.50	SSE2
MOVAPD	XMM, XMM	1	1		0	0.25	SSE2
MOVD	R32, XMM	1	1	1*FP45	5	1.00	SSE2
MOVD	XMM, R32	1	1		5	1.00	SSE2
MOVDQA	M128, XMM	1	1	1*FP45	8	1.00	SSE2
MOVDQA	XMM, XMM	1	1		0	0.25	SSE2
MOVDQU	M128, XMM	1	1	1*FP45	8	1.00	SSE2
MOVDQU	XMM, XMM	1	1		0	0.25	SSE2
MOVHPD	M64, XMM	2	2	1*FP12+1*FP45	9	1.00	SSE2
MOVLPD	M64, XMM	1	1	1*FP45	8	1.00	SSE2
MOVMSKPD	R32, XMM	1	1	1*FP45	5	1.00	SSE2
MOVNTI	M32, R32	1	1		789	1.00	SSE2
MOVNTPD	M128, XMM	1	1	1*FP45	805	1.00	SSE2
MOVQ	R64, XMM	1	1	1*FP45	5	1.00	SSE2
MOVQ	XMM, R64	1	1		5	1.00	SSE2
MOVQ	XMM, XMM	1	1	1*FP0123	1	0.25	SSE2
MOVSD	M64, XMM	1	1	1*FP45	8	1.00	SSE2
MOVSD	XMM, XMM	1	1	1*FP0123	1	0.25	SSE2
MOVUPD	M128, XMM	1	1	1*FP45	8	1.00	SSE2
MOVUPD	XMM, XMM	1	1		0	0.25	SSE2
MULPD	XMM, M128	1	1	1*FP01	3	0.50	SSE2
MULSD	XMM, M64	1	1	1*FP01	3	0.50	SSE2
ORPD	XMM, M128	1	1	1*FP0123	1	0.50	SSE2
PACKSSDW	XMM, M128	1	1	1*FP12	1	0.50	SSE2
PACKSSWB	XMM, M128	1	1	1*FP12	1	0.50	SSE2
PACKUSWB	XMM, M128	1	1	1*FP12	1	0.50	SSE2
PADDB	XMM, M128	1	1	1*FP0123	1	0.50	SSE2
PADDD	XMM, M128	1	1	1*FP0123	1	0.50	SSE2
PADDQ	XMM, M128	1	1	1*FP0123	1	0.50	SSE2
PADDSB	XMM, M128	1	1	1*FP01	1	0.50	SSE2
PADDSW	XMM, M128	1	1	1*FP01	1	0.50	SSE2
PADDUSB	XMM, M128	1	1	1*FP01	1	0.50	SSE2
PADDUSW	XMM, M128	1	1	1*FP01	1	0.50	SSE2
PADDW	XMM, M128	1	1	1*FP0123	1	0.50	SSE2
PAND	XMM, M128	1	1	1*FP0123	1	0.50	SSE2
PANDN	XMM, M128	1	1	1*FP0123	1	0.50	SSE2
PAVGB	XMM, M128	1	1	1*FP01	1	0.50	SSE2
PAVGW	XMM, M128	1	1	1*FP01	1	0.50	SSE2
PCMPEQB	XMM, M128	1	1	1*FP0123	1	0.50	SSE2
PCMPEQD	XMM, M128	1	1	1*FP0123	1	0.50	SSE2
PCMPEQW	XMM, M128	1	1	1*FP0123	1	0.50	SSE2
PCMPGTB	XMM, M128	1	1	1*FP0123	1	0.50	SSE2
PCMPGTD	XMM, M128	1	1	1*FP0123	1	0.50	SSE2
PCMPGTW	XMM, M128	1	1	1*FP0123	1	0.50	SSE2
PEXTRW	R32, XMM, I8	2	2	1*FP12+1*FP45	6	1.00	SSE2
PINSRW	XMM, R32, I8	2	2	1*FP1	6	1.00	SSE2
PMADDWD	XMM, XMM	1	1	1*FP03	3	0.50	SSE2
PMAXSW	XMM, XMM	1	1	1*FP0123	1	0.25	SSE2
PMAXUB	XMM, XMM	1	1	1*FP0123	1	0.25	SSE2
PMINSW	XMM, XMM	1	1	1*FP0123	1	0.25	SSE2
PMINUB	XMM, XMM	1	1	1*FP0123	1	0.25	SSE2
PMULHUW	XMM, M128	1	1	1*FP03	3	0.50	SSE2
PMULHW	XMM, M128	1	1	1*FP03	3	0.50	SSE2
PMULLW	XMM, M128	1	1	1*FP03	3	0.50	SSE2
PMULUDQ	MM, M64	1	1	1*FP03	3	0.50	SSE2MMX
PMULUDQ	XMM, M128	1	1	1*FP03	3	0.50	SSE2
POR	XMM, M128	1	1	1*FP0123	1	0.50	SSE2
PSADBW	XMM, M128	1	1	1*FP03	3	0.50	SSE2
PSHUFD	XMM, M128, I8	1	1	1*FP12		0.50	SSE2
PSHUFHW	XMM, M128, I8	1	1	1*FP12		0.50	SSE2
PSHUFLW	XMM, M128, I8	1	1	1*FP12		0.50	SSE2
PSLLD	XMM, I8	1	1	1*FP12	1	0.50	SSE2
PSLLD	XMM, XMM	1	1	1*FP12	1	0.50	SSE2
PSLLQ	XMM, I8	1	1	1*FP12	1	0.50	SSE2
PSLLQ	XMM, XMM	1	1	1*FP12	1	0.50	SSE2
PSLLW	XMM, M128	1	1	1*FP12	1	0.50	SSE2
PSRAD	XMM, I8	1	1	1*FP12	1	0.50	SSE2
PSRAD	XMM, XMM	1	1	1*FP12	1	0.50	SSE2
PSRAW	XMM, M128	1	1	1*FP12	1	0.50	SSE2
PSRLD	XMM, I8	1	1	1*FP12	1	0.50	SSE2
PSRLD	XMM, XMM	1	1	1*FP12	1	0.50	SSE2
PSRLQ	XMM, I8	1	1	1*FP12	1	0.50	SSE2
PSRLQ	XMM, XMM	1	1	1*FP12	1	0.50	SSE2
PSRLW	XMM, M128	1	1	1*FP12	1	0.50	SSE2
PSUBB	XMM, M128	1	1	1*FP0123	1	0.50	SSE2
PSUBD	XMM, M128	1	1	1*FP0123	1	0.50	SSE2
PSUBQ	MM, M64	1	1	1*FP0123	1	0.50	SSE2MMX
PSUBQ	XMM, M128	1	1	1*FP0123	1	0.50	SSE2
PSUBSB	XMM, M128	1	1	1*FP01	1	0.50	SSE2
PSUBSW	XMM, M128	1	1	1*FP01	1	0.50	SSE2
PSUBUSB	XMM, M128	1	1	1*FP01	1	0.50	SSE2
PSUBUSW	XMM, M128	1	1	1*FP01	1	0.50	SSE2
PSUBW	XMM, M128	1	1	1*FP0123	1	0.50	SSE2
PUNPCKHBW	XMM, M128	1	1	1*FP12	1	0.50	SSE2
PUNPCKHDQ	XMM, M128	1	1	1*FP12	1	0.50	SSE2
PUNPCKHQDQ	XMM, M128	1	1	1*FP12	1	0.50	SSE2
PUNPCKHWD	XMM, M128	1	1	1*FP12	1	0.50	SSE2
PUNPCKLBW	XMM, M128	1	1	1*FP12	1	0.50	SSE2
PUNPCKLDQ	XMM, M128	1	1	1*FP12	1	0.50	SSE2
PUNPCKLQDQ	XMM, M128	1	1	1*FP12	1	0.50	SSE2
PUNPCKLWD	XMM, M128	1	1	1*FP12	1	0.50	SSE2
PXOR	XMM, M128	1	1	1*FP0123	1	0.50	SSE2
SHUFPD	XMM, M128, I8	1	1	1*FP12	1	0.50	SSE2
SQRTPD	XMM, M128	1	1	1*FP01		8.50	SSE2
SQRTSD	XMM, M64	1	1	1*FP01	20	8.50	SSE2
SUBPD	XMM, M128	1	1	1*FP23	3	0.50	SSE2
SUBSD	XMM, M64	1	1	1*FP23	3	0.50	SSE2
UCOMISD	XMM, M64	2	2	1*FP23+1*FP45	7	1.00	SSE2
UNPCKHPD	XMM, M128	1	1	1*FP12	1	0.50	SSE2
UNPCKLPD	XMM, M128	1	1	1*FP12	1	0.50	SSE2
XORPD	XMM, M128	1	1	1*FP0123	1	0.50	SSE2
ADDSUBPD	XMM, M128	1	1	1*FP23	3	0.50	SSE3
ADDSUBPS	XMM, M128	1	1	1*FP23	3	0.50	SSE3
HADDPD	XMM, XMM	4	4	1*FP1+1*FP12+1*FP23	6	2.00	SSE3
HADDPS	XMM, XMM	4	4	2*FP12+1*FP23	6	2.00	SSE3
HSUBPD	XMM, XMM	4	4	2*FP12+1*FP23	6	2.00	SSE3
HSUBPS	XMM, XMM	4	4	1*FP1+1*FP12+1*FP23	6	2.00	SSE3
MOVDDUP	XMM, M64	1	1			0.50	SSE3
MOVSHDUP	XMM, M128	1	1			0.50	SSE3
MOVSLDUP	XMM, M128	1	1			0.50	SSE3
BLENDPD	XMM, M128, I8	1	1	1*FP0123	1	0.50	SSE4
BLENDPS	XMM, M128, I8	1	1	1*FP0123	1	0.50	SSE4
BLENDVPD	XMM, M128	1	1	1*FP01	1	0.50	SSE4
BLENDVPS	XMM, M128	1	1	1*FP01	1	0.50	SSE4
CRC32	R32, M16	1	1		3	1.00	SSE42
CRC32	R32, M8	1	1		3	1.00	SSE42
CRC32	R32, R32	1	1		3	1.00	SSE42
CRC32	R32, R8l	1	1		3	1.00	SSE42
CRC32	R64, M8	1	1		3	1.00	SSE42
CRC32	R64, R8l	1	1		3	1.00	SSE42
DPPD	XMM, XMM, I8	3	3	1*FP0123+1*FP1+1*FP23	9	3.00	SSE4
DPPS	XMM, XMM, I8	8	8	1*FP0123+2*FP1+2*FP23	15	4.00	SSE4
EXTRACTPS	R32, XMM, I8	2	2	1*FP12+1*FP45	6	1.00	SSE4
INSERTPS	XMM, XMM, I8	1	1	1*FP12	1	0.50	SSE4
MPSADBW	XMM, M128, I8	6	6	1*FP03+1*FP1+1*FP12+1*FP23	4	3.00	SSE4
PACKUSDW	XMM, M128	1	1	1*FP12	1	0.50	SSE4
PBLENDVB	XMM, M128	1	1	1*FP01	1	0.50	SSE4
PBLENDW	XMM, M128, I8	1	1	1*FP0123	1	0.50	SSE4
PCMPEQQ	XMM, M128	1	1	1*FP01	1	0.50	SSE4
PCMPESTRI	XMM, M128, I8	12	12	2*FP0123+1*FP1+2*FP45	13	4.00	SSE42
PCMPESTRI64	XMM, M128, I8	12	12	2*FP0123+1*FP1+2*FP45	13	4.00	SSE42
PCMPESTRM	XMM, M128, I8	12	12	3*FP0123+1*FP1+1*FP45	13	4.00	SSE42
PCMPESTRM64	XMM, M128, I8	12	12	3*FP0123+1*FP1+1*FP45	13	4.00	SSE42
PCMPGTQ	XMM, M128	1	1	1*FP0123	1	0.50	SSE42
PCMPISTRI	XMM, M128, I8	4	4	1*FP1+2*FP45	10	2.00	SSE42
PCMPISTRM	XMM, M128, I8	4	4	1*FP01+1*FP12+1*FP45	10	2.00	SSE42
PEXTRB	M8, XMM, I8	2	2	1*FP12+1*FP45	27	1.00	SSE4
PEXTRD	M32, XMM, I8	2	2	1*FP12+1*FP45	9	1.00	SSE4
PEXTRQ	M64, XMM, I8	2	2	1*FP12+1*FP45	9	1.00	SSE4
PEXTRW_SSE4	M16, XMM, I8	2	2	1*FP12+1*FP45	27	1.00	SSE4
PHMINPOSUW	XMM, XMM	1	1	1*FP01	3	0.50	SSE4
PINSRB	XMM, R32, I8	2	2	1*FP1	6	1.00	SSE4
PINSRD	XMM, R32, I8	2	2	1*FP1	6	1.00	SSE4
PINSRQ	XMM, R64, I8	2	2	1*FP1	6	1.00	SSE4
PMAXSB	XMM, XMM	1	1	1*FP0123	1	0.31	SSE4
PMAXSD	XMM, XMM	1	1	1*FP0123	1	0.31	SSE4
PMAXUD	XMM, XMM	1	1	1*FP0123	1	0.31	SSE4
PMAXUW	XMM, XMM	1	1	1*FP0123	1	0.31	SSE4
PMINSB	XMM, XMM	1	1	1*FP0123	1	0.31	SSE4
PMINSD	XMM, XMM	1	1	1*FP0123	1	0.31	SSE4
PMINUD	XMM, XMM	1	1	1*FP0123	1	0.31	SSE4
PMINUW	XMM, XMM	1	1	1*FP0123	1	0.31	SSE4
PMOVSXBD	XMM, XMM	1	1	1*FP12	1	0.50	SSE4
PMOVSXBQ	XMM, XMM	1	1	1*FP12	1	0.50	SSE4
PMOVSXBW	XMM, XMM	1	1	1*FP12	1	0.50	SSE4
PMOVSXDQ	XMM, XMM	1	1	1*FP12	1	0.50	SSE4
PMOVSXWD	XMM, XMM	1	1	1*FP12	1	0.50	SSE4
PMOVSXWQ	XMM, XMM	1	1	1*FP12	1	0.50	SSE4
PMOVZXBD	XMM, XMM	1	1	1*FP12	1	0.50	SSE4
PMOVZXBQ	XMM, XMM	1	1	1*FP12	1	0.50	SSE4
PMOVZXBW	XMM, XMM	1	1	1*FP12	1	0.50	SSE4
PMOVZXDQ	XMM, XMM	1	1	1*FP12	1	0.50	SSE4
PMOVZXWD	XMM, XMM	1	1	1*FP12	1	0.50	SSE4
PMOVZXWQ	XMM, XMM	1	1	1*FP12	1	0.50	SSE4
PMULDQ	XMM, XMM	1	1	1*FP03	3	0.50	SSE4
PMULLD	XMM, XMM	1	1	1*FP03	3	0.50	SSE4
POPCNT	R16, R16	1	1		1	0.37	POPCNT
POPCNT	R32, R32	1	1		1	0.31	POPCNT
POPCNT	R64, R64	1	1		1	0.31	POPCNT
PTEST	XMM, XMM	2	2	1*FP12+1*FP45	6	1.00	SSE4
ROUNDPD	XMM, XMM, I8	1	1	1*FP23	3	0.50	SSE4
ROUNDPS	XMM, XMM, I8	1	1	1*FP23	3	0.50	SSE4
ROUNDSD	XMM, XMM, I8	1	1	1*FP23	3	0.50	SSE4
ROUNDSS	XMM, XMM, I8	1	1	1*FP23	3	0.50	SSE4
EXTRQ	XMM, I8, I8	2	2	1*FP01+1*FP0123		0.50	SSE4a
INSERTQ	XMM, XMM	1	1	1*FP01	3	0.50	SSE4a
MOVNTSD	M64, XMM	1	1	1*FP45	803	1.00	SSE4a
PABSB	MM, M64	1	1	1*FP01		0.50	SSSE3MMX
PABSB	XMM, M128	1	1	1*FP01		0.50	SSSE3
PABSD	MM, M64	1	1	1*FP01		0.50	SSSE3MMX
PABSD	XMM, M128	1	1	1*FP01		0.50	SSSE3
PABSW	MM, M64	1	1	1*FP01		0.50	SSSE3MMX
PABSW	XMM, M128	1	1	1*FP01		0.50	SSSE3
PALIGNR	MM, M64, I8	1	1	1*FP12	1	0.50	SSSE3MMX
PALIGNR	XMM, M128, I8	1	1	1*FP12	1	0.50	SSSE3
PHADDD	MM, M64	4	4	1*FP0123+1*FP1+1*FP12	2	2.00	SSSE3MMX
PHADDD	XMM, M128	4	4	1*FP0123+1*FP1+1*FP12	2	2.00	SSSE3
PHADDSW	MM, M64	4	4	1*FP01+2*FP12	2	2.00	SSSE3MMX
PHADDSW	XMM, M128	4	4	1*FP01+2*FP12	2	2.00	SSSE3
PHADDW	MM, M64	4	4	1*FP0123+1*FP1+1*FP12	2	2.00	SSSE3MMX
PHADDW	XMM, M128	4	4	1*FP0123+1*FP1+1*FP12	2	2.00	SSSE3
PHSUBD	MM, M64	4	4	1*FP0123+1*FP1+1*FP12	2	2.00	SSSE3MMX
PHSUBD	XMM, M128	4	4	1*FP0123+1*FP1+1*FP12	2	2.00	SSSE3
PHSUBSW	MM, M64	4	4	1*FP01+2*FP12	2	2.00	SSSE3MMX
PHSUBSW	XMM, M128	4	4	1*FP01+2*FP12	2	2.00	SSSE3
PHSUBW	MM, M64	4	4	1*FP0123+1*FP1+1*FP12	2	2.00	SSSE3MMX
PHSUBW	XMM, M128	4	4	1*FP0123+1*FP1+1*FP12	2	2.00	SSSE3
PMADDUBSW	MM, M64	1	1	1*FP03	3	0.50	SSSE3MMX
PMADDUBSW	XMM, M128	1	1	1*FP03	3	0.50	SSSE3
PMULHRSW	MM, M64	1	1	1*FP03	3	0.50	SSSE3MMX
PMULHRSW	XMM, M128	1	1	1*FP03	3	0.50	SSSE3
PSHUFB	MM, M64	1	1	1*FP12	1	0.50	SSSE3MMX
PSHUFB	XMM, M128	1	1	1*FP12	1	0.50	SSSE3
PSIGNB	MM, M64	1	1	1*FP01	1	0.50	SSSE3MMX
PSIGNB	XMM, M128	1	1	1*FP01	1	0.50	SSSE3
PSIGND	MM, M64	1	1	1*FP01	1	0.50	SSSE3MMX
PSIGND	XMM, M128	1	1	1*FP01	1	0.50	SSSE3
PSIGNW	MM, M64	1	1	1*FP01	1	0.50	SSSE3MMX
PSIGNW	XMM, M128	1	1	1*FP01	1	0.50	SSSE3
VAESDEC	YMM, YMM, M256	1	1	1*FP01	4	0.50	VAES
VAESDECLAST	YMM, YMM, M256	1	1	1*FP01	4	0.50	VAES
VAESENC	YMM, YMM, M256	1	1	1*FP01	4	0.50	VAES
VAESENCLAST	YMM, YMM, M256	1	1	1*FP01	4	0.50	VAES
VPCLMULQDQ	YMM, YMM, M256, I8	4	4	1*FP01+2*FP12	4	2.00	VPCLMULQDQ
XGETBV		39	39	2*FP01+1*FP03+2*FP45	50	48.00	XSAVE
XSAVE64	M4608	132	132	1*FP01+2*FP45		102.00	XSAVE
XSAVEC	M4608	137	137	2*FP01+3*FP45		119.00	XSAVEC
XSAVEOPT	M4608	132	132	1*FP01+2*FP45		102.00	XSAVEOPT
XSAVES	M4608	137	137	2*FP01+3*FP45		99.00	XSAVES
